{"type": "FeatureCollection", "features": [{"type": "Feature", "geometry": {"type": "MultiPolygon", "coordinates": [[[[126.9740219, 37.5788296], [126.9740148, 37.5789003], [126.9739096, 37.5798164], [126.9738338, 37.5807607], [126.9738216, 37.5810706], [126.9737858, 37.5819753], [126.9737554, 37.5827434], [126.973755, 37.5829116], [126.9739361, 37.5830005], [126.9739447, 37.583226], [126.9741187, 37.5832766], [126.9745114, 37.5833502], [126.9754324, 37.5835229], [126.9756085, 37.5835518], [126.9761274, 37.5836321], [126.9764463, 37.583651], [126.9767163, 37.583667], [126.9774128, 37.5835651], [126.9792978, 37.5832894], [126.9797798, 37.5829412], [126.9799677, 37.5826149], [126.9800491, 37.58217], [126.9800173, 37.5810363], [126.979689, 37.5799796], [126.9794616, 37.5799862], [126.9794428, 37.5796915], [126.9793229, 37.5796864], [126.9793246, 37.5796313], [126.979325, 37.5796199], [126.9793267, 37.5795659], [126.9793287, 37.5794997], [126.9794253, 37.5794974], [126.9794108, 37.5790133], [126.9793571, 37.5782001], [126.9793478, 37.5780705], [126.9793543, 37.5779355], [126.9793283, 37.5767706], [126.9792952, 37.57677], [126.9792952, 37.5767527], [126.9792689, 37.5767531], [126.9792661, 37.5765789], [126.9792957, 37.5765796], [126.9792963, 37.5765632], [126.9793157, 37.5765636], [126.9793171, 37.5765072], [126.9793176, 37.576458], [126.9791262, 37.5762951], [126.9788607, 37.5760076], [126.9786006, 37.5759756], [126.9783393, 37.5759396], [126.9781727, 37.5759303], [126.9779345, 37.5759247], [126.9770186, 37.5759068], [126.9769913, 37.5759079], [126.9769902, 37.575871], [126.97699, 37.5758655], [126.976927, 37.5758662], [126.9768292, 37.5758687], [126.9767331, 37.5758703], [126.9766381, 37.5758723], [126.9766385, 37.57588], [126.9766399, 37.5759308], [126.9761966, 37.5759408], [126.9754482, 37.5759723], [126.9751395, 37.5759836], [126.9747418, 37.576004], [126.9746975, 37.5760045], [126.9745923, 37.5760062], [126.9744461, 37.5760876], [126.9744445, 37.5760968], [126.9743872, 37.5764272], [126.974301, 37.5769617], [126.9742345, 37.5772995], [126.974111, 37.5780536], [126.974073, 37.5783764], [126.9740355, 37.5786895], [126.9740129, 37.5786863], [126.9740152, 37.5787137], [126.9740152, 37.5787375], [126.9740139, 37.5787578], [126.9740126, 37.5787783], [126.9740072, 37.5788014], [126.9739978, 37.5788295], [126.9740219, 37.5788296]]]]}, "properties": {"name": "경복궁", "osm_id": "osm:r5501517", "osm_key": "leisure", "green_type": "park"}}, {"type": "Feature", "geometry": {"type": "MultiPolygon", "coordinates": [[[[126.9920143, 37.5745846], [126.9916151, 37.5752559], [126.9914455, 37.5757494], [126.9914446, 37.5758446], [126.9914481, 37.5759631], [126.9916523, 37.5765374], [126.9917413, 37.5766751], [126.9923967, 37.577301], [126.9927683, 37.5775194], [126.992945, 37.577335], [126.993095, 37.5772346], [126.9933675, 37.5771242], [126.9935835, 37.577039], [126.9941081, 37.5768975], [126.9944195, 37.5768606], [126.9947057, 37.5768624], [126.9947567, 37.5768607], [126.9947901, 37.5768593], [126.9948237, 37.576858], [126.9949527, 37.5768543], [126.9951126, 37.5768269], [126.9952601, 37.5767745], [126.9953848, 37.5767123], [126.995433, 37.5766615], [126.9955291, 37.5763852], [126.9955704, 37.5762894], [126.9957793, 37.575772], [126.9957479, 37.5755024], [126.9958047, 37.5751858], [126.9961192, 37.5747191], [126.9965321, 37.5733893], [126.9967015, 37.5728766], [126.9966648, 37.5726847], [126.9964583, 37.5723882], [126.9963129, 37.5722462], [126.9962208, 37.572196], [126.9961075, 37.5721382], [126.9959367, 37.5720789], [126.9957351, 37.5720348], [126.9955835, 37.5720119], [126.9955067, 37.5720104], [126.9954031, 37.5720363], [126.9952111, 37.5720926], [126.9950288, 37.5721367], [126.9949309, 37.5721504], [126.9948272, 37.5721428], [126.9947058, 37.5721167], [126.9946881, 37.5721752], [126.9945998, 37.5721585], [126.9945262, 37.5721445], [126.994546, 37.5720788], [126.9944472, 37.5720606], [126.9943493, 37.5720484], [126.9941593, 37.5720515], [126.9940057, 37.5720667], [126.9938989, 37.5721016], [126.9937835, 37.5721822], [126.9936837, 37.5722963], [126.9935023, 37.5725185], [126.9930088, 37.5731585], [126.9927124, 37.5736001], [126.9924528, 37.5740626], [126.9920143, 37.5745846]], [[126.9943025, 37.5723867], [126.994071, 37.5722937], [126.9941514, 37.5721681], [126.9943828, 37.5722611], [126.9943025, 37.5723867]], [[126.9946761, 37.5727553], [126.9946165, 37.5729084], [126.9943642, 37.5728466], [126.9944238, 37.5726936], [126.9946761, 37.5727553]], [[126.9951913, 37.5725616], [126.9950096, 37.5732995], [126.9947591, 37.5732608], [126.9948161, 37.5730297], [126.9946963, 37.5730111], [126.9947687, 37.5727175], [126.9949186, 37.5727407], [126.9949711, 37.5725275], [126.9951913, 37.5725616]], [[126.9948667, 37.5739591], [126.9944956, 37.5740601], [126.9944824, 37.5740295], [126.9944792, 37.5740304], [126.9944749, 37.5740204], [126.9944693, 37.5740077], [126.9944725, 37.5740068], [126.9944504, 37.5739614], [126.9944325, 37.5739662], [126.9943854, 37.5738648], [126.9944081, 37.5738573], [126.9943975, 37.5738338], [126.9945295, 37.5737978], [126.994527, 37.573792], [126.99456, 37.573783], [126.9945938, 37.5737738], [126.9945963, 37.5737796], [126.9947686, 37.5737328], [126.9948667, 37.5739591]], [[126.9937151, 37.5742945], [126.9937202, 37.5743042], [126.9943164, 37.5741067], [126.9945359, 37.5745229], [126.994561, 37.5745146], [126.9947786, 37.5744425], [126.9950593, 37.5749749], [126.9947668, 37.5750718], [126.9946523, 37.5748547], [126.9933372, 37.5752903], [126.9932002, 37.5750307], [126.9931889, 37.5750345], [126.9931755, 37.575009], [126.9931621, 37.5749835], [126.9931734, 37.5749797], [126.9929514, 37.5745589], [126.9936199, 37.5743374], [126.9936147, 37.5743277], [126.993665, 37.5743111], [126.9937151, 37.5742945]], [[126.9920766, 37.5756954], [126.9920245, 37.5756214], [126.9926953, 37.5751911], [126.9928192, 37.5753671], [126.9929385, 37.5755366], [126.9929558, 37.575529], [126.9930104, 37.5756065], [126.992993, 37.5756141], [126.9931192, 37.5757933], [126.9931336, 37.5757869], [126.9931963, 37.5758761], [126.9931819, 37.5758825], [126.993202, 37.5759111], [126.9924595, 37.5762394], [126.9922517, 37.5759442], [126.9922343, 37.5759519], [126.9921971, 37.575899], [126.9922144, 37.5758913], [126.9920766, 37.5756954]]]]}, "properties": {"name": null, "osm_id": "osm:r5688761", "osm_key": "leisure", "green_type": "park"}}, {"type": "Feature", "geometry": {"type": "MultiPolygon", "coordinates": [[[[126.9792391, 37.5899573], [126.9793334, 37.5899264], [126.9794141, 37.5898303], [126.9796049, 37.5897416], [126.9797676, 37.5896734], [126.979925, 37.5896491], [126.9800462, 37.5896104], [126.9801634, 37.5895138], [126.9802043, 37.5894432], [126.9801787, 37.5893994], [126.9801638, 37.5893529], [126.9801198, 37.5893328], [126.9800353, 37.5893711], [126.9798983, 37.5894281], [126.9797302, 37.5893935], [126.9796931, 37.5893382], [126.9796878, 37.5892773], [126.9798361, 37.5889742], [126.9797898, 37.588786], [126.9797395, 37.5885668], [126.9799411, 37.5883977], [126.9801329, 37.5882132], [126.9801542, 37.5879304], [126.9802675, 37.5878649], [126.9804269, 37.5876415], [126.9804159, 37.5874866], [126.9804891, 37.587324], [126.9804783, 37.5872502], [126.9804534, 37.5871856], [126.9804052, 37.5871506], [126.9802825, 37.5871107], [126.9801958, 37.5868568], [126.9800937, 37.5867901], [126.980163, 37.5866951], [126.9804101, 37.586649], [126.9804323, 37.5865538], [126.9804055, 37.5865149], [126.9804682, 37.5864015], [126.9805526, 37.5863392], [126.9807232, 37.5861313], [126.9806636, 37.5861338], [126.9804108, 37.5861599], [126.9803622, 37.5861393], [126.9803278, 37.5860597], [126.9802299, 37.5859007], [126.980263, 37.5855748], [126.9802405, 37.5853197], [126.9805545, 37.585271], [126.9805484, 37.58515], [126.9806904, 37.5851273], [126.9806939, 37.5850932], [126.9807154, 37.5848804], [126.980719, 37.5848576], [126.9808305, 37.5848616], [126.9808426, 37.5847546], [126.9810082, 37.5847644], [126.9810248, 37.5846791], [126.980948, 37.5846821], [126.9808905, 37.584632], [126.9807827, 37.5845908], [126.9806801, 37.5845761], [126.9805953, 37.5849841], [126.9805513, 37.5850505], [126.9804914, 37.5851385], [126.9803318, 37.5851741], [126.9802664, 37.5851535], [126.9802252, 37.5850657], [126.980298, 37.5847258], [126.9800495, 37.5847194], [126.9799593, 37.5851802], [126.9796634, 37.5852961], [126.9795328, 37.5853712], [126.9793372, 37.5852305], [126.9791166, 37.5850425], [126.979074, 37.5849509], [126.9790449, 37.5848266], [126.9790166, 37.5846595], [126.9789859, 37.5845845], [126.9787627, 37.5845319], [126.978537, 37.5847364], [126.978336, 37.5848539], [126.978135, 37.5848894], [126.9780119, 37.5848968], [126.9776844, 37.5848702], [126.9777134, 37.5849526], [126.9777354, 37.5850938], [126.9777121, 37.5853286], [126.9778417, 37.5855168], [126.9778461, 37.5855232], [126.9778682, 37.5855269], [126.9779451, 37.5857466], [126.9779204, 37.5857781], [126.9777046, 37.585829], [126.9776471, 37.5858148], [126.9775604, 37.5855995], [126.9775714, 37.585576], [126.9774432, 37.5854069], [126.9773813, 37.5854137], [126.9772328, 37.58536], [126.9768007, 37.5850517], [126.9767086, 37.5849406], [126.9766295, 37.5847497], [126.9753557, 37.5847654], [126.9762871, 37.5851516], [126.9764078, 37.585328], [126.9764072, 37.5854331], [126.9765901, 37.5855458], [126.9769661, 37.5858373], [126.9771643, 37.5862231], [126.9771919, 37.586378], [126.9774202, 37.586498], [126.9777168, 37.5865941], [126.9779697, 37.5866933], [126.9780414, 37.586697], [126.9780771, 37.586689], [126.9781468, 37.5866382], [126.9781805, 37.5865833], [126.9782421, 37.5866049], [126.9782284, 37.5866395], [126.9781881, 37.5866987], [126.9781091, 37.5868066], [126.978006, 37.5869314], [126.9779325, 37.5869925], [126.9778524, 37.5870232], [126.9777139, 37.5870255], [126.9776462, 37.587053], [126.9775887, 37.5870997], [126.9775762, 37.5871397], [126.9768293, 37.5872394], [126.9767246, 37.5867432], [126.9773419, 37.5866508], [126.9773527, 37.5866858], [126.977464, 37.5866672], [126.9774979, 37.586765], [126.9776584, 37.5867315], [126.9777177, 37.5867148], [126.9777601, 37.5867064], [126.9777839, 37.5866685], [126.9774118, 37.5865592], [126.9772999, 37.5864989], [126.9771244, 37.5864304], [126.9771006, 37.5865867], [126.9768784, 37.5865556], [126.9769055, 37.5864322], [126.9768256, 37.5864271], [126.9768487, 37.5862718], [126.9767759, 37.5862636], [126.9767526, 37.5862609], [126.9766652, 37.5861868], [126.9765594, 37.58612], [126.9764583, 37.586085], [126.9763818, 37.5860768], [126.975967, 37.5860064], [126.9756919, 37.5859881], [126.9756061, 37.5859824], [126.9755651, 37.5860784], [126.9754242, 37.5868629], [126.9743778, 37.5867613], [126.9744078, 37.5865239], [126.9742376, 37.5864404], [126.9742007, 37.5863682], [126.9742424, 37.5860858], [126.9742609, 37.5860623], [126.9744644, 37.5860664], [126.9744292, 37.5859568], [126.9744155, 37.5858133], [126.9744692, 37.5856552], [126.9745018, 37.5855216], [126.9745452, 37.5854178], [126.9746772, 37.5852981], [126.9748151, 37.5852235], [126.9749261, 37.5851489], [126.9749811, 37.5850811], [126.9750175, 37.584991], [126.9744297, 37.5850195], [126.9743796, 37.5851096], [126.9742186, 37.5852382], [126.9741396, 37.5853028], [126.9740936, 37.5853877], [126.9740577, 37.5855057], [126.9738649, 37.5855576], [126.9737575, 37.5855674], [126.9736777, 37.5855246], [126.9736087, 37.585477], [126.9735976, 37.5854373], [126.9735402, 37.5854318], [126.9734687, 37.5854404], [126.9734303, 37.5854916], [126.973395, 37.5854709], [126.973382, 37.5854275], [126.9733062, 37.5853973], [126.9732884, 37.5853404], [126.9732397, 37.5853201], [126.973164, 37.5853234], [126.9731266, 37.5853519], [126.9731257, 37.5854042], [126.9731486, 37.5854356], [126.9732406, 37.5854616], [126.9733351, 37.5855307], [126.9734481, 37.5858116], [126.9731039, 37.5859251], [126.9730169, 37.5859455], [126.9729724, 37.5861863], [126.9729778, 37.586271], [126.972998, 37.5864208], [126.9730566, 37.5868049], [126.9731035, 37.5867353], [126.9731515, 37.5865471], [126.9731494, 37.5863119], [126.9731684, 37.5862935], [126.9731988, 37.5862835], [126.9735342, 37.5863758], [126.973539, 37.5869495], [126.9735007, 37.5869515], [126.9734927, 37.5870437], [126.973301, 37.5870523], [126.9732574, 37.5864046], [126.9732453, 37.5863926], [126.9732333, 37.5863858], [126.9732158, 37.5863845], [126.9732031, 37.5863916], [126.9731972, 37.5864054], [126.97316, 37.5870773], [126.9731846, 37.5872085], [126.9731628, 37.5873627], [126.9731618, 37.5875339], [126.9730299, 37.5877116], [126.9723803, 37.5883419], [126.972421, 37.5883722], [126.9722565, 37.5885477], [126.9722138, 37.5885243], [126.9721733, 37.5885995], [126.9721359, 37.588709], [126.972119, 37.5888319], [126.9721303, 37.5889082], [126.9721322, 37.5890836], [126.972142, 37.5892242], [126.9721047, 37.5893822], [126.9720726, 37.5894791], [126.9719963, 37.5896088], [126.9717895, 37.5897553], [126.9708737, 37.5903558], [126.9699465, 37.5908934], [126.9700177, 37.5909087], [126.9701366, 37.5908438], [126.9702509, 37.5908098], [126.9703874, 37.59073], [126.9705857, 37.590748], [126.9707255, 37.5907909], [126.9707646, 37.5908778], [126.9706701, 37.5909906], [126.9704246, 37.5911199], [126.9703178, 37.5912561], [126.970266, 37.5912559], [126.9700549, 37.5911773], [126.9700255, 37.5911517], [126.9701077, 37.5910042], [126.9701753, 37.5909584], [126.9704659, 37.5908202], [126.970461, 37.5908005], [126.9704085, 37.5907974], [126.9703409, 37.5908273], [126.970162, 37.5909094], [126.9700399, 37.5909447], [126.9699301, 37.5910347], [126.9698404, 37.5909859], [126.9695717, 37.5911814], [126.9691564, 37.5913464], [126.9688163, 37.5915455], [126.9676854, 37.5923686], [126.966585, 37.5925028], [126.9667966, 37.5929388], [126.9674356, 37.5933339], [126.967885, 37.5936117], [126.9683707, 37.5938559], [126.9693701, 37.5942333], [126.9699772, 37.5947662], [126.9708458, 37.5950178], [126.9705656, 37.595225], [126.9699305, 37.595558], [126.9692487, 37.5965645], [126.96923, 37.5977189], [126.9688938, 37.5981185], [126.9679598, 37.5985921], [126.9667923, 37.5983627], [126.96587, 37.5977973], [126.9657398, 37.5976815], [126.9655935, 37.597655], [126.9654726, 37.5977379], [126.9652415, 37.597517], [126.9652116, 37.5975935], [126.9650583, 37.5976956], [126.9649772, 37.5977766], [126.964923, 37.5979001], [126.9649187, 37.5979736], [126.9649465, 37.5980428], [126.9648896, 37.5981174], [126.9647704, 37.5981136], [126.9646673, 37.5981821], [126.9644573, 37.5985958], [126.9644583, 37.5987333], [126.964436, 37.5988115], [126.9643624, 37.5988029], [126.9636115, 37.5985426], [126.9635762, 37.5985461], [126.9635444, 37.5985721], [126.96354, 37.5986977], [126.9634617, 37.5987989], [126.9634213, 37.5988314], [126.9633531, 37.5988346], [126.9630319, 37.5989801], [126.9629897, 37.5990538], [126.962918, 37.5990892], [126.96278, 37.5991494], [126.9627063, 37.5991842], [126.9626327, 37.5992019], [126.9625202, 37.5992204], [126.9624077, 37.5992218], [126.9608984, 37.5997058], [126.9600818, 37.6001624], [126.9599675, 37.6002997], [126.9598328, 37.6004047], [126.9602371, 37.6003051], [126.9605722, 37.6001667], [126.9607692, 37.60008], [126.960774, 37.6000132], [126.9607383, 37.5999465], [126.9608732, 37.5998588], [126.961061, 37.599784], [126.9611213, 37.5997559], [126.9611776, 37.5997859], [126.9612745, 37.5999302], [126.9613636, 37.60002], [126.9614487, 37.6000551], [126.9615257, 37.6000497], [126.9616027, 37.6000087], [126.9616333, 37.5999734], [126.9616314, 37.5999188], [126.9616845, 37.5998965], [126.961709, 37.5998475], [126.9616969, 37.5997857], [126.9617907, 37.5997199], [126.9618966, 37.5996469], [126.9620595, 37.5996157], [126.9622354, 37.5995484], [126.9623584, 37.5994488], [126.9625262, 37.5994185], [126.9626304, 37.5994484], [126.9627305, 37.5994364], [126.962816, 37.5993924], [126.9628364, 37.5993162], [126.9629476, 37.599279], [126.9631035, 37.5992934], [126.9631735, 37.5991741], [126.9635886, 37.5989769], [126.9638718, 37.5991842], [126.9639441, 37.5994728], [126.9639815, 37.6001296], [126.9637826, 37.6005063], [126.9637293, 37.6005772], [126.9636661, 37.600661], [126.9636413, 37.6007816], [126.9636732, 37.6008559], [126.9638732, 37.6009232], [126.9639882, 37.6010438], [126.9643639, 37.6013449], [126.965027, 37.6013523], [126.9652698, 37.6015595], [126.9647935, 37.6018999], [126.9639809, 37.6019147], [126.9633551, 37.6022403], [126.962636, 37.6025215], [126.9626266, 37.6029951], [126.9632711, 37.6031135], [126.9643732, 37.6037128], [126.9651578, 37.6035944], [126.9666335, 37.6037128], [126.9670818, 37.6039718], [126.9677636, 37.603698], [126.9682867, 37.6038682], [126.9683987, 37.6048154], [126.9684161, 37.6052068], [126.9688711, 37.6051817], [126.9691038, 37.6050014], [126.9691938, 37.6047793], [126.969453, 37.6047038], [126.970035, 37.6046074], [126.9701985, 37.6057555], [126.9723757, 37.6067185], [126.9734717, 37.6072897], [126.9736237, 37.6075327], [126.9739228, 37.6074432], [126.9739822, 37.6074624], [126.9741912, 37.6078354], [126.9743172, 37.6078414], [126.9745113, 37.6077607], [126.9749674, 37.6079599], [126.9763486, 37.6079356], [126.9769179, 37.6082038], [126.9778256, 37.6089838], [126.9783262, 37.6089135], [126.9787274, 37.6090062], [126.9790707, 37.6089672], [126.9791407, 37.6091347], [126.9785583, 37.6094137], [126.9785793, 37.6095115], [126.9784045, 37.6097729], [126.9781466, 37.6098723], [126.9782033, 37.610008], [126.9797149, 37.6113638], [126.9805388, 37.6116197], [126.9805906, 37.6116593], [126.9892351, 37.6115819], [126.9892428, 37.6115675], [126.9893722, 37.611362], [126.9895072, 37.6113599], [126.991457, 37.6113303], [126.9919058, 37.610932], [126.992894, 37.6105759], [126.9924968, 37.6101489], [126.9913641, 37.6100578], [126.9913477, 37.609271], [126.9940328, 37.6096612], [126.9931945, 37.6086714], [126.9936611, 37.6085085], [126.9954326, 37.6093167], [126.9965794, 37.608001], [126.9966189, 37.6068983], [126.996097, 37.6052693], [126.9961998, 37.6044422], [126.9973307, 37.6047555], [126.9977736, 37.6046427], [126.9981985, 37.6045993], [126.9981294, 37.6044865], [126.9977717, 37.6040936], [126.9978123, 37.6038102], [126.9977757, 37.6036427], [126.9975521, 37.6034816], [126.9973163, 37.6033399], [126.9973082, 37.6032046], [126.9974342, 37.6031048], [126.9975318, 37.6029953], [126.9975115, 37.6028568], [126.9974098, 37.6027698], [126.997109, 37.6027569], [126.9968854, 37.6027022], [126.9968041, 37.6025508], [126.9971537, 37.602277], [126.9970056, 37.6022321], [126.996952, 37.601911], [126.9960337, 37.6019548], [126.9950429, 37.6021627], [126.9949811, 37.601972], [126.9950416, 37.6017297], [126.9952341, 37.6011394], [126.9949559, 37.6003242], [126.9943702, 37.5999284], [126.9937999, 37.6000568], [126.9928707, 37.6009356], [126.9917609, 37.6007891], [126.9912253, 37.6018733], [126.9903949, 37.60203], [126.99064, 37.6013909], [126.9890346, 37.6013721], [126.989486, 37.6001885], [126.9891203, 37.6000324], [126.9890231, 37.600007], [126.9887677, 37.5999302], [126.9886391, 37.5996866], [126.9881258, 37.5984847], [126.9879827, 37.5984772], [126.9863694, 37.5985211], [126.9862177, 37.5984281], [126.9860873, 37.5983352], [126.9860211, 37.5983344], [126.9859665, 37.5983804], [126.9858574, 37.5983266], [126.9858622, 37.598247], [126.9857903, 37.5982814], [126.98565, 37.598294], [126.9855888, 37.5982155], [126.9856542, 37.5979996], [126.9856149, 37.5979689], [126.9853245, 37.5976845], [126.9852323, 37.5976385], [126.9851293, 37.5976137], [126.9850401, 37.5976174], [126.9849287, 37.597659], [126.98471, 37.5977452], [126.9847323, 37.5977694], [126.9848882, 37.5979389], [126.9847246, 37.5980483], [126.9842221, 37.5979575], [126.9841207, 37.597898], [126.9841463, 37.5978019], [126.9841989, 37.597707], [126.9839001, 37.5976133], [126.983735, 37.5975983], [126.9835352, 37.597602], [126.9832995, 37.5975971], [126.9832209, 37.5976303], [126.9831551, 37.5976635], [126.983088, 37.5976867], [126.9829879, 37.5977319], [126.9828687, 37.597823], [126.982825, 37.5978175], [126.9827827, 37.5977996], [126.9827421, 37.5977672], [126.9827392, 37.5977254], [126.9831702, 37.5973133], [126.9833838, 37.5970843], [126.9846928, 37.5958392], [126.9881669, 37.5953103], [126.988355, 37.5948248], [126.9882362, 37.5947484], [126.9881774, 37.5946214], [126.9881818, 37.5944608], [126.9880141, 37.5940366], [126.9878068, 37.5940689], [126.9877113, 37.593898], [126.9878995, 37.5938105], [126.9879722, 37.5938581], [126.9880475, 37.5937867], [126.9888554, 37.5931542], [126.9886876, 37.592992], [126.9886853, 37.5927901], [126.9887945, 37.5923862], [126.9895961, 37.5918851], [126.9897871, 37.5917452], [126.9902449, 37.5914101], [126.9904622, 37.591251], [126.9914611, 37.5905197], [126.991439, 37.5903121], [126.9914214, 37.5901468], [126.991837, 37.5896621], [126.9914129, 37.5894177], [126.99108, 37.58918], [126.9915582, 37.5886859], [126.9915347, 37.5884184], [126.9916144, 37.5883144], [126.991591, 37.5882252], [126.9917598, 37.5880432], [126.9916379, 37.5879875], [126.9915347, 37.5880023], [126.9913332, 37.5883515], [126.9909347, 37.5882735], [126.9909347, 37.5881658], [126.9907659, 37.5881175], [126.9907377, 37.5879986], [126.9903299, 37.5878537], [126.9902174, 37.5877534], [126.9902361, 37.5875714], [126.9899967, 37.5873015], [126.9903121, 37.5870578], [126.9906304, 37.5870984], [126.9907243, 37.5869513], [126.9907313, 37.5869095], [126.9905648, 37.5868943], [126.9905014, 37.5868886], [126.9905217, 37.5867937], [126.9900792, 37.586935], [126.9897908, 37.5869244], [126.9897841, 37.5870285], [126.9896098, 37.5870254], [126.9895092, 37.5871965], [126.9894754, 37.5873832], [126.9893055, 37.5875365], [126.9888641, 37.5877339], [126.9878683, 37.5873287], [126.9874756, 37.5868886], [126.9873056, 37.5872595], [126.986975, 37.5871736], [126.9868612, 37.587032], [126.9869464, 37.5867354], [126.9867783, 37.5867126], [126.9860323, 37.5863191], [126.9858345, 37.5862454], [126.985652, 37.5862468], [126.9855018, 37.5863385], [126.9854605, 37.586416], [126.9854392, 37.5864853], [126.9854744, 37.5865247], [126.9857994, 37.5864313], [126.9858509, 37.5865275], [126.985619, 37.5865848], [126.9858161, 37.5866697], [126.9859171, 37.5866505], [126.9861456, 37.5866048], [126.9863819, 37.5873549], [126.9862506, 37.5874852], [126.9859147, 37.5876962], [126.9848718, 37.588244], [126.9840209, 37.5877245], [126.9839391, 37.5875116], [126.9838132, 37.5873747], [126.9837121, 37.5874777], [126.9835746, 37.5877166], [126.9835151, 37.5878207], [126.983362, 37.5877843], [126.9833283, 37.587834], [126.9833595, 37.5878775], [126.9834027, 37.5879376], [126.9835655, 37.5879791], [126.9837779, 37.5880025], [126.9838605, 37.588067], [126.9837923, 37.5883738], [126.9837096, 37.5885804], [126.9836867, 37.5885894], [126.9836428, 37.588615], [126.9823283, 37.5884366], [126.9821448, 37.5883374], [126.9820827, 37.5883461], [126.9820985, 37.5883877], [126.9821585, 37.5884334], [126.9822781, 37.5884749], [126.9823241, 37.5885791], [126.9824965, 37.5885921], [126.9825791, 37.5886364], [126.9827231, 37.5886787], [126.9833425, 37.5887809], [126.9832733, 37.5890443], [126.9823437, 37.5889072], [126.9822571, 37.5891247], [126.9817747, 37.5890904], [126.981368, 37.5893524], [126.9812169, 37.5895323], [126.9813843, 37.5896068], [126.9811756, 37.5899588], [126.9814139, 37.5900418], [126.9813457, 37.590254], [126.9810585, 37.5901949], [126.9808105, 37.5904607], [126.9798082, 37.590215], [126.9796779, 37.5903579], [126.9792028, 37.5902925], [126.9792391, 37.5899573]], [[126.9722605, 37.5908879], [126.9724036, 37.5907481], [126.9725151, 37.5906771], [126.97236, 37.5905032], [126.972214, 37.5904296], [126.9721115, 37.590486], [126.9719224, 37.5905536], [126.971861, 37.5904915], [126.9719068, 37.5904363], [126.9720471, 37.5903716], [126.9721476, 37.5902416], [126.972237, 37.5901825], [126.9723868, 37.5902566], [126.9725734, 37.5903894], [126.9727107, 37.5905138], [126.9728277, 37.5904876], [126.9729847, 37.5905681], [126.9731735, 37.5904526], [126.9734442, 37.5903397], [126.9736722, 37.5903041], [126.9739588, 37.5903347], [126.9742076, 37.5904402], [126.9740771, 37.5906083], [126.973867, 37.590688], [126.9736445, 37.5908111], [126.97365, 37.5909083], [126.9736626, 37.5910034], [126.9735083, 37.5910518], [126.9733658, 37.5910245], [126.9732661, 37.5909854], [126.9731012, 37.5910939], [126.9729743, 37.5911052], [126.9728332, 37.591207], [126.9726882, 37.5913069], [126.9725817, 37.5912928], [126.9724904, 37.5912505], [126.972426, 37.5910853], [126.9723175, 37.5909845], [126.9722605, 37.5908879]], [[126.9746388, 37.5910312], [126.9745372, 37.5909248], [126.974583, 37.5908538], [126.9745706, 37.5907368], [126.9746742, 37.5906554], [126.9747942, 37.5906463], [126.9749285, 37.5907012], [126.9750578, 37.590719], [126.9751556, 37.5908011], [126.9751271, 37.590874], [126.9751008, 37.5909945], [126.9750786, 37.591112], [126.9750027, 37.5911851], [126.9749137, 37.5911816], [126.9747257, 37.5911819], [126.9746643, 37.5911419], [126.9746388, 37.5910312]], [[126.9769793, 37.5911109], [126.9769783, 37.591227], [126.9769974, 37.5913851], [126.9769355, 37.5913614], [126.9769229, 37.5912856], [126.9767634, 37.5912767], [126.976693, 37.5911977], [126.9767738, 37.5911358], [126.9767771, 37.591046], [126.9768344, 37.5909991], [126.9769199, 37.591054], [126.9769793, 37.5911109]], [[126.9758373, 37.5913354], [126.9759025, 37.5912926], [126.9760209, 37.591338], [126.9760371, 37.5914441], [126.9758839, 37.5915179], [126.9758324, 37.5914302], [126.9758373, 37.5913354]], [[126.9750167, 37.591427], [126.9751657, 37.5913822], [126.9753575, 37.5914337], [126.9754839, 37.5915056], [126.9756666, 37.5914964], [126.9758365, 37.5914947], [126.9758357, 37.5915987], [126.9757836, 37.5916788], [126.9757066, 37.5917003], [126.9756762, 37.5917539], [126.9756239, 37.5918145], [126.9756683, 37.5918959], [126.9755036, 37.5919122], [126.975428, 37.5918505], [126.975403, 37.5917943], [126.9753811, 37.5917046], [126.9752992, 37.5916336], [126.9751816, 37.5915577], [126.9750076, 37.5915225], [126.9750167, 37.591427]], [[126.973863, 37.5917774], [126.9737718, 37.5919022], [126.9736616, 37.5920429], [126.9735351, 37.591953], [126.9734874, 37.5918896], [126.9735277, 37.5918091], [126.9735932, 37.5917567], [126.9737477, 37.5917348], [126.973863, 37.5917774]], [[126.9723511, 37.592032], [126.9722078, 37.5922233], [126.972144, 37.592369], [126.9720218, 37.5924908], [126.9718045, 37.5924124], [126.9716527, 37.5923505], [126.9716447, 37.5921254], [126.9716705, 37.5919945], [126.9717445, 37.5917865], [126.9717475, 37.5916078], [126.971848, 37.5914956], [126.9720856, 37.591458], [126.9721993, 37.5915032], [126.972281, 37.5915663], [126.9723944, 37.5917331], [126.9724234, 37.5918662], [126.9723511, 37.592032]], [[126.9727742, 37.5921721], [126.9727783, 37.5922834], [126.9726142, 37.5925826], [126.9723382, 37.5926579], [126.9722018, 37.5926449], [126.9722105, 37.5925392], [126.9723289, 37.5924402], [126.9725289, 37.5922556], [126.9725783, 37.5921579], [126.9726881, 37.5921017], [126.9727742, 37.5921721]], [[126.9742971, 37.5928959], [126.9742084, 37.5928199], [126.9740199, 37.5927287], [126.974076, 37.5926045], [126.9742647, 37.5925395], [126.9744408, 37.5925897], [126.9745082, 37.5927097], [126.974466, 37.592772], [126.9743466, 37.5927654], [126.9743218, 37.592832], [126.974401, 37.5929111], [126.9745166, 37.5929955], [126.9746479, 37.593055], [126.9745676, 37.5931496], [126.9744144, 37.5931755], [126.9743029, 37.5930954], [126.9742185, 37.5930318], [126.9742497, 37.5929679], [126.9742971, 37.5928959]], [[126.9724215, 37.593327], [126.9724769, 37.593401], [126.9724665, 37.5934805], [126.9723996, 37.5935602], [126.9722574, 37.5937328], [126.9721273, 37.5937916], [126.9720363, 37.5937629], [126.972056, 37.5936744], [126.9720793, 37.5935984], [126.9719987, 37.5935291], [126.9721004, 37.5934501], [126.9721596, 37.5933537], [126.9722884, 37.5933659], [126.9724215, 37.593327]]]]}, "properties": {"name": null, "osm_id": "osm:r10351443", "osm_key": "natural", "green_type": "wood"}}, {"type": "Feature", "geometry": {"type": "MultiPolygon", "coordinates": [[[[127.0110941, 37.566695], [127.0111595, 37.5665806], [127.0112384, 37.5664733], [127.0113422, 37.5663205], [127.0112812, 37.5663057], [127.0112069, 37.5663035], [127.0111369, 37.5663213], [127.0110828, 37.5663946], [127.0110061, 37.5665269], [127.0109588, 37.566552], [127.0109114, 37.5665538], [127.0103227, 37.5665001], [127.0102979, 37.5665091], [127.0102911, 37.5665341], [127.010334, 37.5668023], [127.0103678, 37.5668112], [127.0103746, 37.5668398], [127.0105318, 37.5669155], [127.0105567, 37.5668669], [127.0106146, 37.5668806], [127.0105999, 37.566944], [127.0106768, 37.5669542], [127.0107039, 37.5669578], [127.01074, 37.566956], [127.0110258, 37.5668888], [127.0110941, 37.566695]]], [[[127.0110261, 37.5669811], [127.0107126, 37.5670508], [127.0106675, 37.5670508], [127.0104645, 37.56699], [127.0104783, 37.5670101], [127.0106383, 37.5671118], [127.0106901, 37.567141], [127.0107512, 37.5671702], [127.0108717, 37.5672156], [127.0109291, 37.5672278], [127.0110013, 37.5670848], [127.0110261, 37.5669811]]], [[[127.0105095, 37.5674446], [127.0105659, 37.5673498], [127.0105907, 37.5672872], [127.0105997, 37.5672479], [127.0105975, 37.567205], [127.0105682, 37.5671782], [127.0104352, 37.5670755], [127.0103922, 37.5670423], [127.0103471, 37.567028], [127.0103223, 37.5670441], [127.0103201, 37.5670745], [127.0103381, 37.5672515], [127.0103336, 37.5676519], [127.0103561, 37.5676519], [127.0104464, 37.5675411], [127.0105095, 37.5674446]]]]}, "properties": {"name": null, "osm_id": "osm:r10647083", "osm_key": "leisure", "green_type": "garden"}}, {"type": "Feature", "geometry": {"type": "MultiPolygon", "coordinates": [[[[127.0093246, 37.5698702], [127.0093599, 37.5698705], [127.009502, 37.5698761], [127.0095155, 37.5698654], [127.0095352, 37.569665], [127.0095208, 37.5696499], [127.0094589, 37.5696456], [127.0093422, 37.5696375], [127.0093347, 37.5696598], [127.0093275, 37.569684], [127.0093217, 37.5697125], [127.0093175, 37.5697313], [127.0093159, 37.5697469], [127.0093144, 37.5697702], [127.0093137, 37.5697903], [127.009314, 37.5698057], [127.0093144, 37.5698227], [127.0093169, 37.5698398], [127.009319, 37.5698513], [127.0093246, 37.5698702]], [[127.0093292, 37.5698697], [127.0093204, 37.5698343], [127.009319, 37.5698236], [127.009317, 37.5698047], [127.0093163, 37.5697811], [127.0093174, 37.5697598], [127.0093191, 37.5697446], [127.0093206, 37.5697334], [127.0093228, 37.5697203], [127.0093287, 37.5696928], [127.0093346, 37.5696707], [127.0093451, 37.5696386], [127.0094582, 37.5696461], [127.0094518, 37.5697287], [127.0094407, 37.5698727], [127.0093599, 37.5698705], [127.0093292, 37.5698697]]]]}, "properties": {"name": null, "osm_id": "osm:r10718844", "osm_key": "landuse", "green_type": "grass"}}, {"type": "Feature", "geometry": {"type": "MultiPolygon", "coordinates": [[[[127.0098276, 37.5696551], [127.0098104, 37.5698825], [127.0098271, 37.5698946], [127.0099191, 37.5698932], [127.0099087, 37.5698929], [127.0099252, 37.5697121], [127.0099317, 37.5696408], [127.0099455, 37.5696404], [127.0098454, 37.5696374], [127.0098276, 37.5696551]], [[127.0098396, 37.5698474], [127.0098588, 37.5696723], [127.0099098, 37.5696698], [127.0098875, 37.5698499], [127.0098396, 37.5698474]]], [[[127.0099455, 37.5696404], [127.0100035, 37.5696388], [127.0100182, 37.5697089], [127.0100196, 37.5697156], [127.0100221, 37.5697835], [127.0100168, 37.5698102], [127.0100119, 37.5698346], [127.0100006, 37.5698719], [127.009993, 37.5698894], [127.0099908, 37.5698936], [127.0099856, 37.5698954], [127.0099191, 37.5698932], [127.0099919, 37.5698985], [127.0100004, 37.5698769], [127.010002, 37.5698726], [127.0100135, 37.5698353], [127.0100241, 37.5697833], [127.010023, 37.5697154], [127.01001, 37.5696515], [127.0100054, 37.5696356], [127.0099975, 37.5696354], [127.0099455, 37.5696404]]]]}, "properties": {"name": "오간수문", "osm_id": "osm:r10718845", "osm_key": "landuse", "green_type": "grass"}}, {"type": "Feature", "geometry": {"type": "MultiPolygon", "coordinates": [[[[126.9825707, 37.5742311], [126.9824588, 37.5741931], [126.982373, 37.5741978], [126.982399, 37.5745309], [126.9824023, 37.5745737], [126.982782, 37.5745643], [126.9827515, 37.5742278], [126.9825707, 37.5742311]], [[126.9825069, 37.5742365], [126.982507, 37.5742845], [126.9823892, 37.5742847], [126.9823891, 37.5742367], [126.9825069, 37.5742365]], [[126.9827086, 37.5743617], [126.9825408, 37.5743558], [126.9825459, 37.5742635], [126.9827137, 37.5742694], [126.9827086, 37.5743617]]]]}, "properties": {"name": "우정총국시민광장", "osm_id": "osm:r10739781", "osm_key": "leisure", "green_type": "park"}}, {"type": "Feature", "geometry": {"type": "MultiPolygon", "coordinates": [[[[126.9837342, 37.5807548], [126.9837147, 37.5806903], [126.9836979, 37.5806503], [126.9835531, 37.5806408], [126.9835272, 37.5808515], [126.9835334, 37.5808691], [126.9836652, 37.5810205], [126.9836838, 37.5810254], [126.9837103, 37.5810226], [126.9837891, 37.5809679], [126.9837979, 37.5809532], [126.9837988, 37.5809399], [126.9837342, 37.5807548]], [[126.9837867, 37.5809158], [126.9837854, 37.580935], [126.9837765, 37.580953], [126.9837608, 37.5809677], [126.98374, 37.5809777], [126.9837162, 37.580982], [126.9836911, 37.5809798], [126.9836683, 37.5809711], [126.9836504, 37.5809569], [126.9836394, 37.5809388], [126.9836366, 37.5809189], [126.9836423, 37.5808994], [126.9836558, 37.5808824], [126.9836756, 37.58087], [126.9836996, 37.5808635], [126.9837239, 37.5808634], [126.983747, 37.5808696], [126.9837664, 37.5808812], [126.9837801, 37.5808972], [126.9837867, 37.5809158]]]]}, "properties": {"name": null, "osm_id": "osm:r10754474", "osm_key": "leisure", "green_type": "garden"}}, {"type": "Feature", "geometry": {"type": "MultiPolygon", "coordinates": [[[[126.994513, 37.5728499], [126.9944828, 37.5728406], [126.9944637, 37.5728198], [126.9944619, 37.5727942], [126.9944778, 37.5727718], [126.9945065, 37.5727598], [126.9945387, 37.572762], [126.9945644, 37.5727777], [126.9945753, 37.5728019], [126.994568, 37.5728269], [126.9945447, 37.5728448], [126.994513, 37.5728499]]]]}, "properties": {"name": null, "osm_id": "osm:w382428455", "osm_key": "natural", "green_type": "scrub"}}, {"type": "Feature", "geometry": {"type": "MultiPolygon", "coordinates": [[[[127.0066488, 37.5809068], [127.0065947, 37.5809068], [127.0065767, 37.5810248], [127.0064233, 37.5810266], [127.0062744, 37.5810498], [127.0062722, 37.5809425], [127.0061549, 37.5809461], [127.0061594, 37.5810516], [127.0062113, 37.5810623], [127.0061932, 37.5811678], [127.0062474, 37.5811695], [127.0062654, 37.5812625], [127.0061459, 37.5812839], [127.0061616, 37.5814144], [127.0061819, 37.5816003], [127.0062271, 37.5816021], [127.0062293, 37.581754], [127.0061301, 37.5817648], [127.0061188, 37.5816933], [127.0059654, 37.5816897], [127.0059677, 37.5816164], [127.0057557, 37.5816093], [127.0057376, 37.5816897], [127.0057223, 37.5818198], [127.0056541, 37.5818228], [127.0056256, 37.5820062], [127.0055346, 37.5820002], [127.0055301, 37.582016], [127.0056835, 37.5820231], [127.0057331, 37.5820732], [127.005679, 37.5823556], [127.0056248, 37.5823592], [127.0055662, 37.5827274], [127.0057286, 37.5827631], [127.0058008, 37.5829383], [127.0058549, 37.5829633], [127.0059812, 37.5830741], [127.0061707, 37.5830813], [127.006306, 37.5831778], [127.0063421, 37.5831635], [127.0064413, 37.5831992], [127.0064188, 37.5833065], [127.0064503, 37.5833994], [127.006288, 37.5836318], [127.0061977, 37.5837283], [127.006121, 37.5839035], [127.006121, 37.5840608], [127.0062248, 37.5840822], [127.0062699, 37.5839857], [127.0064323, 37.5840143], [127.0063376, 37.5844504], [127.0062834, 37.5844433], [127.0061391, 37.5849437], [127.006085, 37.5849437], [127.0059181, 37.5851618], [127.0057692, 37.5854871], [127.0062113, 37.585748], [127.006121, 37.585841], [127.0061481, 37.5859303], [127.0061797, 37.5860662], [127.0059993, 37.5860948], [127.0059632, 37.5859625], [127.0057963, 37.5859982], [127.0058188, 37.586109], [127.0055121, 37.5861805], [127.0055121, 37.5862127], [127.0053858, 37.5862342], [127.0053542, 37.5861376], [127.0047903, 37.5862771], [127.0048039, 37.5863771], [127.0034822, 37.5867275], [127.0035047, 37.5868526], [127.0036041, 37.5869765], [127.0036716, 37.5870563], [127.0041498, 37.5868597], [127.0042039, 37.5869562], [127.0039829, 37.5870706], [127.004019, 37.5871421], [127.003816, 37.5872565], [127.0036671, 37.5871099], [127.0035634, 37.5872529], [127.0033153, 37.5871457], [127.0032252, 37.5872166], [127.0038759, 37.5874693], [127.0040641, 37.5875098], [127.0041544, 37.5875201], [127.0041886, 37.587475], [127.0043669, 37.5872616], [127.0046855, 37.5871684], [127.0049738, 37.5870632], [127.0053076, 37.5870752], [127.0055314, 37.5870873], [127.0058652, 37.5870061], [127.0060245, 37.5869159], [127.0062839, 37.5865514], [127.0065092, 37.5863559], [127.0066647, 37.5861603], [127.0067398, 37.5860243], [127.0068637, 37.5855242], [127.0069434, 37.585419], [127.0069737, 37.5853108], [127.0069927, 37.5851815], [127.0069563, 37.5849177], [127.0069244, 37.5847812], [127.0070106, 37.5845436], [127.0071094, 37.5843667], [127.0071218, 37.5841244], [127.0071302, 37.5839291], [127.0071292, 37.5837485], [127.0072694, 37.5835302], [127.0073684, 37.5833942], [127.007387, 37.5833295], [127.0073715, 37.5832207], [127.0073608, 37.5831455], [127.0073206, 37.582991], [127.007234, 37.5828486], [127.0071453, 37.582734], [127.0071159, 37.5826811], [127.0070198, 37.5825161], [127.0069766, 37.5823494], [127.006982, 37.582309], [127.0070072, 37.5822521], [127.0070402, 37.5821885], [127.0070833, 37.5821041], [127.0071137, 37.5820617], [127.0071611, 37.582011], [127.007193, 37.5819781], [127.0072212, 37.5819551], [127.0072558, 37.5819403], [127.0072909, 37.5819336], [127.0073793, 37.5819061], [127.0074322, 37.5818916], [127.007486, 37.5818592], [127.0075229, 37.5818236], [127.007572, 37.581753], [127.0076135, 37.5816995], [127.0076762, 37.5816677], [127.0077134, 37.581653], [127.0077508, 37.5816383], [127.0078116, 37.5816165], [127.0079061, 37.5815649], [127.0079719, 37.5815149], [127.008017, 37.5814607], [127.0081221, 37.5813153], [127.0081986, 37.5812398], [127.0082398, 37.5812151], [127.0083247, 37.5811792], [127.0083343, 37.5811752], [127.0083914, 37.5811403], [127.0084388, 37.5811057], [127.0085149, 37.5810379], [127.0085931, 37.5809239], [127.0086435, 37.5808026], [127.0087431, 37.580693], [127.0088438, 37.5805802], [127.0088517, 37.5805658], [127.0088792, 37.5805156], [127.0088318, 37.5802749], [127.0088152, 37.5801777], [127.008796, 37.5800472], [127.008784, 37.5799905], [127.0087219, 37.579866], [127.0086156, 37.579739], [127.0084983, 37.5795932], [127.0084139, 37.5795304], [127.008298, 37.5794475], [127.0082279, 37.5793867], [127.0081418, 37.5792934], [127.0081, 37.5792111], [127.0080796, 37.5790832], [127.008078, 37.5788826], [127.0080621, 37.5787395], [127.0080594, 37.5787], [127.0080488, 37.5785456], [127.0080619, 37.5784978], [127.0080806, 37.578452], [127.0079985, 37.5783914], [127.0080165, 37.5781018], [127.0078677, 37.5780589], [127.007773, 37.5779874], [127.0073083, 37.5780088], [127.0073354, 37.5782341], [127.006913, 37.578282], [127.0068353, 37.5777834], [127.0065477, 37.5777831], [127.0065529, 37.5777378], [127.0063631, 37.5777125], [127.0061601, 37.5777335], [127.0060206, 37.5777252], [127.0059741, 37.5777789], [127.0059643, 37.5778103], [127.005955, 37.5778464], [127.0059513, 37.5781462], [127.0058415, 37.5783088], [127.0058498, 37.5783397], [127.0060491, 37.5784224], [127.0061385, 37.5784901], [127.0061984, 37.5785252], [127.0062589, 37.5785615], [127.0063191, 37.5785977], [127.0064037, 37.5786485], [127.0066344, 37.5787203], [127.0067009, 37.5787974], [127.0067326, 37.5788342], [127.0067853, 37.5789288], [127.006827, 37.579046], [127.0067701, 37.5795931], [127.0066639, 37.579996], [127.0065112, 37.580476], [127.006606, 37.5804939], [127.0066218, 37.5805779], [127.0065857, 37.5806637], [127.0065609, 37.5806869], [127.0065609, 37.580762], [127.0066556, 37.580787], [127.0066488, 37.5809068]], [[127.0063807, 37.5779938], [127.0063637, 37.5782077], [127.0063287, 37.5782059], [127.0063453, 37.5779975], [127.0063212, 37.5778886], [127.0063361, 37.5778849], [127.0062971, 37.5777237], [127.0063169, 37.5777193], [127.006353, 37.5778596], [127.0064669, 37.5778448], [127.0064763, 37.5778916], [127.0064581, 37.5778939], [127.0064644, 37.5779252], [127.0064373, 37.5779286], [127.0064421, 37.5779524], [127.0063741, 37.577961], [127.0063807, 37.5779938]], [[127.0060986, 37.5779798], [127.0061937, 37.5779817], [127.0061769, 37.578147], [127.0060596, 37.578138], [127.0060562, 37.5781709], [127.0060099, 37.5781608], [127.0059664, 37.5781513], [127.0059677, 37.5780551], [127.0060986, 37.5779798]], [[127.0061388, 37.5784861], [127.0060523, 37.5784205], [127.0061567, 37.578334], [127.0061738, 37.5781673], [127.0060644, 37.5781602], [127.0060659, 37.5781457], [127.0061817, 37.5781532], [127.006197, 37.5780054], [127.006273, 37.5780104], [127.0062384, 37.5783425], [127.006261, 37.578343], [127.0062629, 37.5783051], [127.0062867, 37.5783003], [127.0063775, 37.5783031], [127.006374, 37.578375], [127.0062911, 37.5783725], [127.0062899, 37.5783964], [127.0062585, 37.5783955], [127.0062607, 37.5783526], [127.006238, 37.5783522], [127.0062319, 37.578409], [127.0061388, 37.5784861]], [[127.0066321, 37.5787037], [127.0064109, 37.5786357], [127.0062826, 37.5785637], [127.0062184, 37.5785258], [127.0061781, 37.5784998], [127.0061735, 37.5784786], [127.0061811, 37.578461], [127.0062208, 37.5784328], [127.0062429, 37.5784281], [127.0062622, 37.5784304], [127.0062762, 37.5784508], [127.0062867, 37.578454], [127.0063013, 37.5784559], [127.0063077, 37.5784661], [127.0063101, 37.5784985], [127.0063147, 37.5785174], [127.0063323, 37.5785216], [127.0064303, 37.5785248], [127.0064461, 37.5785197], [127.0064566, 37.5785049], [127.0064537, 37.5784786], [127.006456, 37.5784675], [127.0064671, 37.5784591], [127.006484, 37.5784559], [127.0064899, 37.5784494], [127.0064904, 37.5784383], [127.0065181, 37.5784029], [127.0065651, 37.5783902], [127.0065919, 37.5783902], [127.0066268, 37.5783615], [127.006663, 37.5783498], [127.0066885, 37.5783349], [127.0066911, 37.5783094], [127.0067206, 37.5782871], [127.0067314, 37.5782594], [127.0066925, 37.5782371], [127.0066818, 37.5782169], [127.0066804, 37.5781882], [127.0066804, 37.578167], [127.0066563, 37.5781574], [127.0066201, 37.5781638], [127.0065771, 37.5781733], [127.0065503, 37.5781957], [127.0065088, 37.5782031], [127.0064645, 37.5781978], [127.0064444, 37.5781925], [127.0064135, 37.5781999], [127.006384, 37.5781882], [127.006384, 37.578167], [127.0063881, 37.5781436], [127.0063907, 37.5781181], [127.0063881, 37.5780851], [127.0063948, 37.5780224], [127.0064122, 37.5779959], [127.0064404, 37.5779831], [127.0064913, 37.5779767], [127.0065275, 37.5779618], [127.0065356, 37.5779438], [127.0065302, 37.57788], [127.0065503, 37.5778481], [127.0065986, 37.5778237], [127.0066509, 37.5778184], [127.0067113, 37.5778184], [127.0067367, 37.5778162], [127.0067689, 37.5778056], [127.0067931, 37.5778056], [127.0068132, 37.5778152], [127.0068212, 37.5778343], [127.0068266, 37.5778619], [127.0068293, 37.5778928], [127.0068185, 37.5779161], [127.0068078, 37.577947], [127.0068293, 37.5779757], [127.0068454, 37.5780086], [127.0068534, 37.578066], [127.0068641, 37.5782031], [127.0068695, 37.578235], [127.0068856, 37.5782541], [127.0068923, 37.5782775], [127.0068843, 37.5783041], [127.0068601, 37.5783572], [127.0068695, 37.5783827], [127.0068561, 37.5784274], [127.0068132, 37.5785145], [127.0068118, 37.5785315], [127.0067984, 37.5785549], [127.006781, 37.578573], [127.0067582, 37.5785857], [127.00673, 37.5785921], [127.0067019, 37.5786155], [127.0066898, 37.5786421], [127.0066737, 37.5786644], [127.0066536, 37.5786814], [127.0066321, 37.5787037]], [[127.0059923, 37.5781689], [127.0060016, 37.5781689], [127.0059731, 37.5783527], [127.0059053, 37.5783148], [127.0059923, 37.5781689]], [[127.0065691, 37.5783834], [127.0065081, 37.5784041], [127.0064907, 37.5784004], [127.0065, 37.5782085], [127.0065584, 37.5781984], [127.0065859, 37.5781767], [127.0066523, 37.5781628], [127.006671, 37.5781682], [127.006671, 37.5782176], [127.0066905, 37.5782452], [127.0067213, 37.5782601], [127.0067139, 37.5782845], [127.0066878, 37.5783058], [127.0066838, 37.5783292], [127.006661, 37.5783462], [127.0066274, 37.5783542], [127.0065926, 37.5783828], [127.0065691, 37.5783834]]]]}, "properties": {"name": null, "osm_id": "osm:r10754540", "osm_key": "leisure", "green_type": "park"}}, {"type": "Feature", "geometry": {"type": "MultiPolygon", "coordinates": [[[[127.0061937, 37.5779817], [127.0060986, 37.5779798], [127.0059677, 37.5780551], [127.0059664, 37.5781513], [127.0060099, 37.5781608], [127.0060562, 37.5781709], [127.0060596, 37.578138], [127.0061769, 37.578147], [127.0061937, 37.5779817]], [[127.006077, 37.5780862], [127.0060805, 37.5780326], [127.0061079, 37.5780338], [127.0061117, 37.5779818], [127.0061294, 37.577982], [127.0061254, 37.5780345], [127.0061474, 37.5780354], [127.0061439, 37.578089], [127.006077, 37.5780862]]]]}, "properties": {"name": null, "osm_id": "osm:r10754541", "osm_key": "landuse", "green_type": "grass"}}, {"type": "Feature", "geometry": {"type": "MultiPolygon", "coordinates": [[[[126.993814, 37.5720143], [126.9938201, 37.5715043], [126.993822, 37.571466], [126.9937943, 37.5708565], [126.9937948, 37.5708299], [126.9937977, 37.5706934], [126.9939592, 37.5707013], [126.9939722, 37.5707019], [126.9940292, 37.5707047], [126.9940404, 37.5707052], [126.994319, 37.5707188], [126.9943285, 37.5707193], [126.9943599, 37.5707207], [126.9943673, 37.5707211], [126.9949646, 37.5707502], [126.9953049, 37.5707667], [126.9953854, 37.5707706], [126.9954492, 37.5707737], [126.9954686, 37.5707747], [126.9955253, 37.5707774], [126.9959058, 37.570796], [126.9959757, 37.5707994], [126.9963439, 37.5708173], [126.9963309, 37.5709508], [126.9963283, 37.5709777], [126.9963214, 37.5710487], [126.9963189, 37.5710749], [126.9963167, 37.5710976], [126.9962923, 37.5713487], [126.9962787, 37.5714885], [126.996261, 37.5716718], [126.9962595, 37.5716871], [126.9962582, 37.5717007], [126.9962264, 37.5720278], [126.995998, 37.5720168], [126.9958728, 37.5719919], [126.9958188, 37.5719811], [126.9956639, 37.5719503], [126.9954604, 37.5719568], [126.9952777, 37.5720081], [126.9952441, 37.5720175], [126.9951998, 37.5720299], [126.9950613, 37.5720601], [126.9949473, 37.572045], [126.9948532, 37.5720324], [126.9944703, 37.5719822], [126.9944517, 37.5719789], [126.9944153, 37.571974], [126.9942877, 37.571974], [126.9941981, 37.571974], [126.9941364, 37.5719771], [126.9940718, 37.5719914], [126.9940503, 37.5719978], [126.9940419, 37.5720116], [126.9938924, 37.5720669], [126.993814, 37.5720143]]]]}, "properties": {"name": "종묘광장공원", "osm_id": "osm:w382428457", "osm_key": "leisure", "green_type": "garden"}}, {"type": "Feature", "geometry": {"type": "MultiPolygon", "coordinates": [[[[126.9962416, 37.5710823], [126.9962242, 37.5710783], [126.9961817, 37.5710558], [126.9961498, 37.5710241], [126.9961381, 37.5709863], [126.9960523, 37.5709794], [126.9960322, 37.5711707], [126.9960321, 37.5711946], [126.9961422, 37.5711572], [126.9961906, 37.5711181], [126.9962416, 37.5710823]]]]}, "properties": {"name": null, "osm_id": "osm:w771233463", "osm_key": "landuse", "green_type": "forest"}}, {"type": "Feature", "geometry": {"type": "MultiPolygon", "coordinates": [[[[126.9905403, 37.5777853], [126.990549, 37.5777594], [126.9907705, 37.5778059], [126.9907983, 37.5777229], [126.9906864, 37.5776994], [126.9905993, 37.5776814], [126.990332, 37.5779391], [126.9901421, 37.577903], [126.9901306, 37.5779474], [126.9900873, 37.5779396], [126.9900781, 37.577965], [126.9904308, 37.5780224], [126.9905347, 37.5781224], [126.9905254, 37.5782001], [126.9905594, 37.5782036], [126.9906162, 37.5780383], [126.990432, 37.5780032], [126.9904675, 37.5778897], [126.9907245, 37.5779425], [126.9907521, 37.5778601], [126.9905309, 37.5778136], [126.9905403, 37.5777853]]], [[[126.9901101, 37.5782249], [126.990103, 37.5782052], [126.9901667, 37.5780398], [126.9901649, 37.5780075], [126.9901515, 37.5779874], [126.9901083, 37.5779795], [126.9900711, 37.5780089], [126.9899738, 37.5783581], [126.9899632, 37.5783848], [126.9899738, 37.5784072], [126.9900021, 37.5784128], [126.9900216, 37.5783777], [126.9900694, 37.5783595], [126.9901012, 37.5782908], [126.9901101, 37.5782501], [126.9901101, 37.5782249]]], [[[126.9898004, 37.5779191], [126.989788, 37.5778995], [126.9897845, 37.5778645], [126.9897743, 37.5778499], [126.9897566, 37.5778386], [126.9897256, 37.5778449], [126.9895845, 37.5782824], [126.9894952, 37.578551], [126.9895066, 37.5785601], [126.9895385, 37.5785545], [126.989565, 37.578518], [126.9896323, 37.5784296], [126.9896606, 37.5783876], [126.9896765, 37.5783567], [126.9898004, 37.5779191]]], [[[126.9903967, 37.5783848], [126.9904321, 37.5783371], [126.9904534, 37.578281], [126.9904728, 37.5782375], [126.9905064, 37.5781688], [126.9905064, 37.5781141], [126.9904374, 37.5780706], [126.9903985, 37.5780243], [126.9903539, 37.5780167], [126.9903065, 37.5780075], [126.9902516, 37.5780496], [126.9902074, 37.5781197], [126.9901968, 37.5781716], [126.9901738, 37.5782543], [126.9901614, 37.5783202], [126.990149, 37.5783539], [126.9901543, 37.5783806], [126.9901826, 37.5783932], [126.9901985, 37.5784086], [126.9902056, 37.5784226], [126.9902092, 37.5784395], [126.9902552, 37.5784451], [126.9902994, 37.5784451], [126.9903436, 37.5784086], [126.9903967, 37.5783848]]], [[[126.9899463, 37.5783174], [126.9900753, 37.5779599], [126.990084, 37.5779358], [126.9900315, 37.5779268], [126.98988, 37.577901], [126.9898254, 37.5778917], [126.9896848, 37.5783979], [126.9896253, 37.5784691], [126.9895611, 37.5785496], [126.9894957, 37.5786366], [126.9894455, 37.5787346], [126.9894881, 37.5787432], [126.9895765, 37.57876], [126.9897187, 37.5785126], [126.989742, 37.5784811], [126.9897654, 37.5784774], [126.9898086, 37.5784765], [126.9899766, 37.5785149], [126.9900133, 37.5784387], [126.989958, 37.5784293], [126.9899195, 37.5783997], [126.9899463, 37.5783174]]], [[[126.989972, 37.5787199], [126.9900039, 37.5786877], [126.9900057, 37.5786568], [126.9900021, 37.5786288], [126.9900216, 37.5785867], [126.9900216, 37.5785615], [126.9900092, 37.5785488], [126.9899756, 37.5785362], [126.9899243, 37.5785404], [126.9898765, 37.578532], [126.9898128, 37.5785096], [126.9897774, 37.5785082], [126.9897491, 37.5785194], [126.9896624, 37.5787045], [126.9896624, 37.5787312], [126.9896889, 37.5787466], [126.9899313, 37.5787929], [126.989965, 37.5787859], [126.9899667, 37.578769], [126.9899667, 37.5787452], [126.989972, 37.5787199]]], [[[126.991778, 37.5787181], [126.991786, 37.5787415], [126.9918343, 37.5787628], [126.9918786, 37.5787681], [126.9919054, 37.5787638], [126.9919362, 37.5786894], [126.992132, 37.5787298], [126.9920931, 37.5788308], [126.9921039, 37.5788573], [126.9921414, 37.5788829], [126.9922125, 37.5789062], [126.9922903, 37.5789179], [126.9923345, 37.5789201], [126.9923721, 37.5789126], [126.9924083, 37.578885], [126.9924633, 37.5788201], [126.9926323, 37.5786713], [126.9927677, 37.5785491], [126.9928133, 37.5785087], [126.9928576, 37.5784737], [126.9929491, 37.5784447], [126.9929603, 37.578387], [126.993002, 37.5782805], [126.9929842, 37.5782574], [126.9929501, 37.5782492], [126.9928973, 37.5783119], [126.9928543, 37.5783107], [126.9927851, 37.5783837], [126.992685, 37.5783352], [126.9928326, 37.5781235], [126.9929306, 37.5781449], [126.9930106, 37.57815], [126.9930707, 37.5781765], [126.9930783, 37.5782117], [126.9930278, 37.5783769], [126.993024, 37.5784033], [126.9930444, 37.5784172], [126.9930788, 37.5784163], [126.9931969, 37.5783791], [126.993386, 37.5783355], [126.9935737, 37.5783132], [126.9936542, 37.5782972], [126.9936864, 37.5782653], [126.9938688, 37.5781346], [126.9938956, 37.5780889], [126.9940421, 37.5780765], [126.9941118, 37.5781993], [126.9942579, 37.5785197], [126.9943201, 37.5785561], [126.9943517, 37.5785745], [126.994407, 37.5785874], [126.994467, 37.578591], [126.9945155, 37.5785741], [126.9945582, 37.5785452], [126.9946065, 37.5784355], [126.9946782, 37.5780228], [126.9947161, 37.5779651], [126.9947296, 37.5779446], [126.9948454, 37.5779004], [126.994976, 37.5779423], [126.9951013, 37.5780097], [126.9952777, 37.5781998], [126.9955048, 37.5782326], [126.9955971, 37.5780624], [126.9956712, 37.5780548], [126.9957578, 37.5780465], [126.9957972, 37.5780301], [126.9958273, 37.5780007], [126.9959049, 37.5778605], [126.9959533, 37.5776978], [126.9959492, 37.5775899], [126.9959082, 37.577505], [126.9958965, 37.5774724], [126.9959872, 37.5773689], [126.9959539, 37.5772443], [126.995938, 37.57719], [126.9959683, 37.5771856], [126.9959904, 37.5772647], [126.9960461, 37.5772968], [126.9961141, 37.5772928], [126.9961747, 37.5773283], [126.9961614, 37.5773711], [126.9961715, 37.5776361], [126.9961797, 37.5776979], [126.9962067, 37.5777288], [126.9963245, 37.5777374], [126.9965033, 37.5777434], [126.9966026, 37.5775366], [126.9966773, 37.5775045], [126.9966604, 37.5775973], [126.9965381, 37.5779007], [126.9964209, 37.5782243], [126.9963741, 37.5784367], [126.9965565, 37.5784547], [126.9965856, 37.5782481], [126.9966309, 37.5781256], [126.9966862, 37.5777689], [126.9969543, 37.5770821], [126.9969493, 37.5769686], [126.9968237, 37.5765821], [126.9967464, 37.5764931], [126.996425, 37.5763948], [126.9962538, 37.5764254], [126.9961146, 37.5764864], [126.9959129, 37.5765719], [126.9958088, 37.5766123], [126.9956975, 37.5767088], [126.9954927, 37.5768142], [126.9952983, 37.5768805], [126.9951281, 37.5769186], [126.9948022, 37.5770621], [126.9945, 37.577207], [126.9942551, 37.577313], [126.9938339, 37.5774682], [126.9934785, 37.5776255], [126.9932532, 37.5776967], [126.9931258, 37.5777307], [126.9929702, 37.5777562], [126.9927248, 37.5777807], [126.9926644, 37.5777956], [126.9926269, 37.5778147], [126.9924526, 37.5780198], [126.9921723, 37.5785066], [126.9921575, 37.5785268], [126.9921414, 37.5785247], [126.9921213, 37.5785194], [126.9913126, 37.5779422], [126.991259, 37.577905], [126.9912241, 37.5778668], [126.9911678, 37.5778551], [126.9911477, 37.577853], [126.9911061, 37.5778678], [126.9910996, 37.5778835], [126.9910436, 37.5780396], [126.9910337, 37.5780708], [126.9909706, 37.578192], [126.9909747, 37.5782154], [126.9909894, 37.5782303], [126.9910189, 37.5782654], [126.9910639, 37.5783341], [126.9918468, 37.57852], [126.9917858, 37.5786966], [126.991778, 37.5787181]]], [[[126.9910128, 37.5777784], [126.9910029, 37.5777574], [126.9908707, 37.577692], [126.9907784, 37.5779665], [126.9907619, 37.5780231], [126.990912, 37.5780485], [126.9910128, 37.5777784]]], [[[126.9906709, 37.5781007], [126.9906264, 37.5782267], [126.9907771, 37.5782601], [126.9908035, 37.5781854], [126.9907862, 37.5781815], [126.9908043, 37.5781303], [126.9906709, 37.5781007]]], [[[126.993885, 37.5782443], [126.9939675, 37.5782214], [126.9939158, 37.5781014], [126.9938762, 37.5781437], [126.9936575, 37.5783061], [126.9930359, 37.578438], [126.9928703, 37.578496], [126.9927078, 37.5786168], [126.9923375, 37.57896], [126.9923071, 37.5790201], [126.9922499, 37.5791154], [126.9922037, 37.5791894], [126.992146, 37.5791968], [126.9921058, 37.5791852], [126.9920522, 37.5791543], [126.992024, 37.5790821], [126.9920374, 37.578895], [126.9917397, 37.578794], [126.9916927, 37.5788939], [126.9915958, 37.5793766], [126.9919013, 37.5794132], [126.9924625, 37.5793212], [126.9924666, 37.5791916], [126.9926409, 37.5791841], [126.9926449, 37.5791235], [126.9925765, 37.5790236], [126.9925873, 37.5789535], [126.9926865, 37.578862], [126.9927375, 37.5787866], [126.9928649, 37.578726], [126.9929212, 37.5787388], [126.9929574, 37.5787823], [126.9929815, 37.578862], [126.9929601, 37.5789163], [126.9930204, 37.5790268], [126.9932868, 37.5789462], [126.9931154, 37.5785698], [126.9939207, 37.5783345], [126.993885, 37.5782443]]], [[[126.9930813, 37.5794529], [126.9930472, 37.5792959], [126.993019, 37.5791656], [126.9929486, 37.5790988], [126.9929035, 37.5790988], [126.992861, 37.5791051], [126.992823, 37.5791339], [126.9928006, 37.5791987], [126.9928066, 37.5792737], [126.9928541, 37.5792694], [126.9929306, 37.5795553], [126.992996, 37.5795425], [126.9929893, 37.5795195], [126.9930598, 37.5794685], [126.9930813, 37.5794529]]], [[[126.992731, 37.5796817], [126.9926286, 37.5796582], [126.9925966, 37.579527], [126.9925551, 37.5795289], [126.9925629, 37.5795623], [126.9925101, 37.5795716], [126.9925586, 37.579733], [126.9926343, 37.5797205], [126.9926677, 37.5798366], [126.9927691, 37.5798176], [126.992731, 37.5796817]]]]}, "properties": {"name": null, "osm_id": "osm:r10799909", "osm_key": "leisure", "green_type": "park"}}, {"type": "Feature", "geometry": {"type": "MultiPolygon", "coordinates": [[[[127.0003144, 37.5741288], [127.0001944, 37.5743544], [127.0003611, 37.574377], [127.000355, 37.5744382], [127.0004973, 37.5744446], [127.0007148, 37.5741401], [127.0010238, 37.5742883], [127.0012535, 37.5741321], [127.0011335, 37.5740322], [127.0010545, 37.5741043], [127.0007307, 37.5740661], [127.0002737, 37.5740016], [127.0002879, 37.5739307], [127.0002269, 37.5739291], [127.0002086, 37.5737325], [127.0001456, 37.573834], [127.000107, 37.5738195], [127.0000725, 37.5738614], [127.0000135, 37.5738356], [126.9999505, 37.5739516], [127.0003144, 37.5741288]], [[127.0003884, 37.5740723], [127.0005116, 37.5741272], [127.0004295, 37.5742429], [127.0003063, 37.574188], [127.0003884, 37.5740723]]]]}, "properties": {"name": null, "osm_id": "osm:r10823683", "osm_key": "leisure", "green_type": "garden"}}, {"type": "Feature", "geometry": {"type": "MultiPolygon", "coordinates": [[[[126.9892026, 37.5774996], [126.9888175, 37.5774928], [126.9888083, 37.5779637], [126.9882048, 37.5779522], [126.9881871, 37.5787151], [126.9891333, 37.5787322], [126.9892026, 37.5774996]]]]}, "properties": {"name": "현대원서공원", "osm_id": "osm:r10828950", "osm_key": "leisure", "green_type": "park"}}, {"type": "Feature", "geometry": {"type": "MultiPolygon", "coordinates": [[[[126.9777011, 37.5825139], [126.9778249, 37.5824695], [126.978063, 37.5824343], [126.9782405, 37.5824288], [126.9782989, 37.5825047], [126.9783829, 37.5826249], [126.9784273, 37.5826619], [126.9786515, 37.5826841], [126.9786935, 37.5826564], [126.9787659, 37.5826545], [126.9789317, 37.5826508], [126.978962, 37.5826786], [126.9794169, 37.5826569], [126.9794167, 37.5827034], [126.9795324, 37.5827305], [126.9795774, 37.5827694], [126.9796214, 37.5828367], [126.9796591, 37.582898], [126.9796996, 37.5828664], [126.979689, 37.5828018], [126.9796837, 37.5827572], [126.9797057, 37.5827313], [126.9797475, 37.5826988], [126.9797708, 37.5826712], [126.9798924, 37.5826906], [126.9797431, 37.5829284], [126.9792772, 37.5832504], [126.9779177, 37.5834474], [126.9778223, 37.5834383], [126.977776, 37.5833798], [126.9777633, 37.5832868], [126.9777117, 37.583119], [126.9775145, 37.583069], [126.9775169, 37.5828433], [126.9774705, 37.5828359], [126.9776486, 37.5825398], [126.9777011, 37.5825139]]]]}, "properties": {"name": "녹산", "osm_id": "osm:w424080003", "osm_key": "natural", "green_type": "wood"}}, {"type": "Feature", "geometry": {"type": "MultiPolygon", "coordinates": [[[[126.9783759, 37.582438], [126.9800081, 37.5821938], [126.9799614, 37.5824806], [126.9798924, 37.5826906], [126.9797708, 37.5826712], [126.9797839, 37.582612], [126.9796788, 37.582575], [126.9795947, 37.5825739], [126.9795351, 37.582548], [126.9793612, 37.5825504], [126.9792702, 37.5825713], [126.9791325, 37.5826268], [126.9790134, 37.5826194], [126.9789293, 37.5825898], [126.9788219, 37.5824824], [126.9787472, 37.5824473], [126.9786024, 37.5824861], [126.9786094, 37.5825676], [126.9784997, 37.5825824], [126.978439, 37.5825343], [126.9783759, 37.582438]]]]}, "properties": {"name": null, "osm_id": "osm:w424080004", "osm_key": "natural", "green_type": "wood"}}, {"type": "Feature", "geometry": {"type": "MultiPolygon", "coordinates": [[[[126.9911221, 37.5868231], [126.9912345, 37.5868952], [126.9918061, 37.5869442], [126.992372, 37.5870803], [126.9925597, 37.5870569], [126.9928501, 37.58698], [126.9932329, 37.5868358], [126.9938928, 37.5856435], [126.9943917, 37.5850717], [126.9946921, 37.5845701], [126.9951185, 37.5841726], [126.9955939, 37.5837386], [126.9958911, 37.5834329], [126.996119, 37.5829674], [126.9962853, 37.582618], [126.99639, 37.5824265], [126.9964543, 37.581726], [126.9961564, 37.5814956], [126.9962146, 37.5814602], [126.9961793, 37.5813951], [126.9961295, 37.5813695], [126.9960867, 37.5813013], [126.9961131, 37.5812445], [126.9960633, 37.5812086], [126.9961861, 37.580523], [126.9963032, 37.579657], [126.9962781, 37.5796042], [126.9962263, 37.5795812], [126.996048, 37.5795898], [126.9958274, 37.5795723], [126.9956564, 37.5795611], [126.9953546, 37.5795324], [126.9952093, 37.5795192], [126.9951338, 37.5795273], [126.995101, 37.5795379], [126.9950786, 37.5796651], [126.995071, 37.5797957], [126.995056, 37.5799636], [126.9950189, 37.5799932], [126.9949809, 37.5799836], [126.9949969, 37.5796923], [126.9948638, 37.5796744], [126.9948572, 37.5798179], [126.9945403, 37.5798005], [126.9944854, 37.5798409], [126.9945128, 37.5799529], [126.9945784, 37.5799517], [126.9946104, 37.5799916], [126.994603, 37.5800203], [126.9945834, 37.5800522], [126.9945223, 37.5800687], [126.9941758, 37.5800394], [126.9938448, 37.5800003], [126.9936855, 37.5800164], [126.9935348, 37.5800417], [126.9934426, 37.5799508], [126.9933446, 37.579779], [126.9933099, 37.5796495], [126.9932865, 37.5796104], [126.9931554, 37.5796002], [126.9931126, 37.5796283], [126.9931674, 37.5797939], [126.9929947, 37.5798399], [126.9929179, 37.5798531], [126.99307, 37.580387], [126.9930351, 37.5804316], [126.9919656, 37.5806677], [126.9918814, 37.5805697], [126.9918131, 37.5804505], [126.9917225, 37.5801739], [126.9914815, 37.5802162], [126.9914463, 37.5801057], [126.9912656, 37.5800674], [126.9913096, 37.5796991], [126.9911447, 37.5796938], [126.9904673, 37.5796447], [126.9904588, 37.5798454], [126.9904274, 37.5798698], [126.9902233, 37.5798763], [126.9901538, 37.5799363], [126.9897476, 37.5799094], [126.9896572, 37.579926], [126.9896377, 37.5800304], [126.9895115, 37.5804743], [126.9895034, 37.5807013], [126.9895092, 37.5808278], [126.98958, 37.5808326], [126.9896908, 37.5807617], [126.9897554, 37.5804611], [126.9898529, 37.5800999], [126.9901545, 37.5801392], [126.9900416, 37.5806463], [126.9897875, 37.5806194], [126.9897432, 37.5807974], [126.9897112, 37.5808396], [126.9896693, 37.5808431], [126.9896054, 37.5808632], [126.9895794, 37.581258], [126.9895792, 37.5817026], [126.9896848, 37.581907], [126.9898424, 37.5822175], [126.9897753, 37.5825288], [126.9896955, 37.5826801], [126.9894766, 37.5829338], [126.9894698, 37.5836854], [126.9892093, 37.5840911], [126.9891108, 37.5841312], [126.9889773, 37.5840917], [126.9887632, 37.5840836], [126.9885213, 37.5841151], [126.9887721, 37.5839801], [126.9890143, 37.5840215], [126.9890004, 37.5839847], [126.9888868, 37.583912], [126.9885406, 37.5838109], [126.9882336, 37.5837261], [126.9877313, 37.5838746], [126.9876401, 37.5840982], [126.9875487, 37.5842997], [126.9873412, 37.5847541], [126.9873438, 37.5848089], [126.987628, 37.5848471], [126.9876859, 37.5848108], [126.9877679, 37.584588], [126.9877629, 37.5845228], [126.9876519, 37.584442], [126.9877002, 37.5843584], [126.9878228, 37.5843898], [126.9878759, 37.5844266], [126.9879946, 37.5843732], [126.9881273, 37.5843154], [126.9881582, 37.5842257], [126.9883996, 37.5842427], [126.9886022, 37.5842884], [126.988637, 37.5843575], [126.9885886, 37.584843], [126.988563, 37.5852983], [126.9885411, 37.5853156], [126.9882702, 37.5853124], [126.9878451, 37.585303], [126.9877971, 37.5853111], [126.9879265, 37.585495], [126.9880643, 37.5855119], [126.9880006, 37.5858169], [126.9879254, 37.5861058], [126.9879433, 37.5863386], [126.9879535, 37.586647], [126.9878486, 37.5869751], [126.9879112, 37.5870355], [126.9882677, 37.5872412], [126.9886866, 37.587448], [126.9890889, 37.5873672], [126.9893008, 37.587448], [126.9894028, 37.5873544], [126.989443, 37.5871621], [126.989569, 37.586974], [126.9897193, 37.5868698], [126.990076, 37.5868762], [126.9906688, 37.5867105], [126.9911221, 37.5868231]], [[126.9922452, 37.5812362], [126.9921638, 37.5812502], [126.992093, 37.5811198], [126.992093, 37.5810665], [126.9921266, 37.5810286], [126.9921655, 37.5809964], [126.9921708, 37.5809459], [126.9921461, 37.5808575], [126.992162, 37.5808197], [126.9922416, 37.580793], [126.9923319, 37.5807818], [126.9924487, 37.5807846], [126.9924876, 37.5807902], [126.9925655, 37.5808491], [126.9925849, 37.5809375], [126.9925761, 37.5810202], [126.9925495, 37.5810889], [126.9924823, 37.5811324], [126.9924274, 37.5811745], [126.9923425, 37.5812151], [126.9922452, 37.5812362]], [[126.9927366, 37.5814367], [126.9929485, 37.5814494], [126.9933267, 37.5816088], [126.9934956, 37.5817598], [126.9937629, 37.5818368], [126.9938743, 37.5819133], [126.9937911, 37.5820588], [126.9937346, 37.5820075], [126.9937317, 37.5819359], [126.9936676, 37.5818963], [126.9935451, 37.5819001], [126.9934623, 37.5819225], [126.9934801, 37.5820162], [126.9934581, 37.5821211], [126.9933454, 37.5821743], [126.9932648, 37.5821229], [126.993168, 37.5820886], [126.9930611, 37.5821147], [126.9930194, 37.5821522], [126.9928304, 37.5824102], [126.9925354, 37.5823571], [126.992119, 37.5822803], [126.9920764, 37.5822347], [126.9920821, 37.5821891], [126.9922538, 37.5820574], [126.9926173, 37.5815329], [126.9926726, 37.5814532], [126.9927366, 37.5814367]], [[126.9947378, 37.5813892], [126.9948517, 37.5812885], [126.9951514, 37.5813341], [126.9953566, 37.5814613], [126.9955152, 37.5816034], [126.9953162, 37.5818086], [126.9952558, 37.581925], [126.9951466, 37.5820276], [126.9950815, 37.5822058], [126.9949634, 37.5822897], [126.99475, 37.5822819], [126.9946195, 37.5822487], [126.9945562, 37.5823609], [126.9941843, 37.5825773], [126.9940526, 37.5825687], [126.9938988, 37.5824368], [126.9939705, 37.582269], [126.9941446, 37.5822216], [126.9943246, 37.5822605], [126.9944321, 37.582213], [126.9944923, 37.5820667], [126.9944581, 37.5817949], [126.9946381, 37.5815607], [126.9947378, 37.5813892]], [[126.9927696, 37.5831303], [126.9928081, 37.5831492], [126.9929666, 37.5831743], [126.9929518, 37.583457], [126.9928724, 37.5834843], [126.9927267, 37.5835031], [126.9924455, 37.5835146], [126.9924325, 37.5835907], [126.992141, 37.5836132], [126.9920387, 37.5835919], [126.992025, 37.5835075], [126.991998, 37.5830249], [126.9919872, 37.5829831], [126.9924021, 37.5826185], [126.9927381, 37.5826166], [126.9928345, 37.5825493], [126.9928701, 37.5824149], [126.9929931, 37.582247], [126.9932986, 37.5822108], [126.993325, 37.5823803], [126.9933303, 37.5829498], [126.9932708, 37.5829485], [126.9931483, 37.5830397], [126.9929946, 37.583018], [126.9928412, 37.5829668], [126.9927744, 37.5830038], [126.9927696, 37.5831303]], [[126.9945584, 37.5826743], [126.9947093, 37.5826344], [126.9947028, 37.5827129], [126.9946007, 37.5828238], [126.9945848, 37.5828579], [126.9945039, 37.5829353], [126.9943867, 37.5830127], [126.9942963, 37.5832976], [126.9942051, 37.5834507], [126.9940629, 37.5834783], [126.9937545, 37.5834167], [126.9936794, 37.5833508], [126.9936851, 37.5832743], [126.9937436, 37.5831205], [126.9937062, 37.5829257], [126.9936857, 37.5828337], [126.9936897, 37.582716], [126.9936284, 37.582677], [126.9936504, 37.5826138], [126.9936928, 37.5825537], [126.9937768, 37.5825089], [126.9939288, 37.5825813], [126.9943794, 37.5826791], [126.9945584, 37.5826743]], [[126.9946706, 37.583262], [126.9947005, 37.5833049], [126.9946267, 37.5833372], [126.9945968, 37.5832943], [126.9946706, 37.583262]], [[126.9930008, 37.5835867], [126.9931537, 37.5835059], [126.9933146, 37.5834698], [126.9933736, 37.5834889], [126.9935694, 37.583693], [126.9934299, 37.5838566], [126.9933682, 37.5840394], [126.9933039, 37.5841096], [126.9930866, 37.5841734], [126.9929739, 37.5843562], [126.9928962, 37.5843732], [126.9927406, 37.5843264], [126.9926655, 37.584252], [126.9926065, 37.5841521], [126.9926159, 37.5840278], [126.9926628, 37.5839119], [126.9930008, 37.5835867]]]]}, "properties": {"name": null, "osm_id": "osm:r10966163", "osm_key": "natural", "green_type": "wood"}}, {"type": "Feature", "geometry": {"type": "MultiPolygon", "coordinates": [[[[127.009891, 37.5685977], [127.0099059, 37.5685996], [127.0099502, 37.5685986], [127.0099934, 37.5685897], [127.0100323, 37.5685726], [127.0101932, 37.5684953], [127.0115238, 37.5678558], [127.0116489, 37.5677785], [127.0117029, 37.5677342], [127.0117539, 37.5676852], [127.0117894, 37.567628], [127.0118191, 37.5675684], [127.0118413, 37.5675059], [127.0118576, 37.5674411], [127.011861, 37.5673722], [127.0118556, 37.5673034], [127.0118431, 37.5672357], [127.0118248, 37.5671727], [127.0117672, 37.5670737], [127.011717, 37.566982], [127.0117086, 37.5669474], [127.0117117, 37.5669128], [127.0117277, 37.5668667], [127.0119657, 37.5665439], [127.0118612, 37.5664635], [127.0117359, 37.5663914], [127.0116053, 37.5663358], [127.0114644, 37.5662884], [127.0105758, 37.5660866], [127.010471, 37.566055], [127.0103752, 37.5660188], [127.0102868, 37.5659742], [127.0102074, 37.5659249], [127.0099344, 37.565704], [127.00986, 37.5656588], [127.0098004, 37.565632], [127.0097349, 37.5656147], [127.0096716, 37.5656033], [127.0096083, 37.5656014], [127.0095465, 37.5656077], [127.0094847, 37.5656212], [127.0094109, 37.5656445], [127.008894, 37.5658075], [127.0084042, 37.5659619], [127.0083704, 37.5659726], [127.0082909, 37.5660202], [127.0082272, 37.5660859], [127.0081877, 37.5661519], [127.0081764, 37.5661864], [127.0081662, 37.5662249], [127.0081675, 37.5662533], [127.0081694, 37.5662954], [127.0081817, 37.5663693], [127.0082074, 37.5664415], [127.0082466, 37.5665101], [127.0086263, 37.5669646], [127.0090427, 37.5675369], [127.0092853, 37.5678703], [127.0093665, 37.5679818], [127.0097526, 37.5685125], [127.0097749, 37.5685384], [127.0098014, 37.5685594], [127.0098315, 37.5685792], [127.0098658, 37.5685923], [127.009891, 37.5685977]]]]}, "properties": {"name": "동대문역사문화공원", "osm_id": "osm:r11069145", "osm_key": "leisure", "green_type": "park"}}, {"type": "Feature", "geometry": {"type": "MultiPolygon", "coordinates": [[[[126.9877943, 37.570961], [126.9878122, 37.5709827], [126.9877699, 37.571443], [126.9877587, 37.5717043], [126.9877953, 37.5717728], [126.9878684, 37.5718365], [126.9879482, 37.5718648], [126.988032, 37.571885], [126.9880698, 37.5719041], [126.9881527, 37.5719258], [126.9882681, 37.5719215], [126.9883917, 37.5718914], [126.9884845, 37.5718617], [126.9885794, 37.5718063], [126.9887059, 37.5715841], [126.9887671, 37.5713836], [126.9887732, 37.5712643], [126.9887497, 37.5707323], [126.9887111, 37.5704767], [126.9885874, 37.5704613], [126.9882582, 37.5704567], [126.9882105, 37.5704539], [126.9878808, 37.5704442], [126.9878161, 37.5705028], [126.9877943, 37.570961]], [[126.9880679, 37.5708007], [126.9881538, 37.5706466], [126.9881597, 37.570579], [126.9883817, 37.5706006], [126.9884025, 37.570484], [126.9885672, 37.5704954], [126.9886492, 37.5705047], [126.9886206, 37.5705846], [126.9886811, 37.5705934], [126.9886642, 37.5706342], [126.9885238, 37.5709433], [126.9884315, 37.5710749], [126.9884034, 37.5710611], [126.9883654, 37.5710512], [126.9884181, 37.5709085], [126.9880679, 37.5708007]], [[126.9881526, 37.5706474], [126.9880674, 37.5708004], [126.9880332, 37.5707997], [126.9880148, 37.570806], [126.9880061, 37.5708136], [126.9879439, 37.5710121], [126.9879439, 37.5710253], [126.9879474, 37.5710371], [126.9879597, 37.5710489], [126.9880893, 37.571094], [126.9881129, 37.5710968], [126.9881366, 37.5710906], [126.9881576, 37.5710774], [126.9882066, 37.5710559], [126.988267, 37.5710448], [126.9883441, 37.5710475], [126.9884031, 37.5710634], [126.9884508, 37.5710855], [126.9884839, 37.5711216], [126.9885103, 37.5711496], [126.9885338, 37.5711903], [126.9885492, 37.5712311], [126.9885551, 37.5712631], [126.9885529, 37.5713009], [126.9885588, 37.5713114], [126.9885698, 37.5713201], [126.9887585, 37.5713678], [126.9887593, 37.5713882], [126.9887534, 37.5713958], [126.9885595, 37.5713434], [126.9885456, 37.5713498], [126.9885301, 37.5713876], [126.9885125, 37.5714208], [126.9884949, 37.5714389], [126.9883304, 37.5715425], [126.9883128, 37.5715442], [126.9882802, 37.5715388], [126.9881434, 37.5714959], [126.9880235, 37.5714587], [126.9879964, 37.5714358], [126.9879797, 37.5713865], [126.9879758, 37.5713094], [126.9879853, 37.5712442], [126.9880184, 37.5711569], [126.9880081, 37.5711441], [126.987931, 37.5711203], [126.9879111, 37.5711307], [126.9878994, 37.5711633], [126.9878613, 37.5711517], [126.9878378, 37.5711557], [126.9878577, 37.5710993], [126.9878107, 37.5710836], [126.9878232, 37.5709776], [126.9878085, 37.5709607], [126.9878092, 37.5709468], [126.9878794, 37.5709605], [126.9878972, 37.5709464], [126.9879804, 37.5707216], [126.98797, 37.5707098], [126.9879076, 37.5707063], [126.9878823, 37.5706851], [126.9878883, 37.5706392], [126.9881526, 37.5706474]]]]}, "properties": {"name": "탑골공원", "osm_id": "osm:r11504980", "osm_key": "leisure", "green_type": "park"}}, {"type": "Feature", "geometry": {"type": "MultiPolygon", "coordinates": [[[[127.0047912, 37.5674449], [127.0047565, 37.5674387], [127.0046862, 37.5674486], [127.0044646, 37.567511], [127.0044704, 37.5674724], [127.0044761, 37.5674344], [127.0046331, 37.567386], [127.00465, 37.5673586], [127.004685, 37.5672815], [127.0045388, 37.5669858], [127.0044478, 37.5668379], [127.0044243, 37.5668081], [127.0042295, 37.5667845], [127.0037334, 37.5668452], [127.0032143, 37.5669183], [127.0029424, 37.5669565], [127.0028852, 37.5669646], [127.0029046, 37.5670356], [127.0028201, 37.5670486], [127.002867, 37.5672001], [127.0029171, 37.5671947], [127.0029646, 37.5673979], [127.002772, 37.5675225], [127.0027524, 37.5675406], [127.0027449, 37.5675539], [127.0027424, 37.5675788], [127.0028193, 37.5677073], [127.0027612, 37.567755], [127.0027856, 37.5677851], [127.0027317, 37.5678136], [127.0028063, 37.5678671], [127.0028209, 37.5679976], [127.0029016, 37.567977], [127.0033569, 37.5678754], [127.0033167, 37.5677335], [127.0036174, 37.5676762], [127.0036386, 37.567686], [127.0036851, 37.5678342], [127.003756, 37.5678216], [127.0049291, 37.567613], [127.0047912, 37.5674449]], [[127.0037334, 37.5674787], [127.0036887, 37.5673363], [127.0033375, 37.5674059], [127.0033742, 37.5675177], [127.003385, 37.5675506], [127.0034303, 37.5675432], [127.0034166, 37.5675815], [127.0034144, 37.5676206], [127.0034162, 37.5676345], [127.0032335, 37.5676666], [127.0032131, 37.5676303], [127.0032007, 37.5676082], [127.0029496, 37.5676854], [127.0028306, 37.567722], [127.0028253, 37.567709], [127.0028211, 37.5676986], [127.0031967, 37.5675836], [127.0030644, 37.5670731], [127.0030947, 37.567067], [127.0032486, 37.5675732], [127.0032702, 37.5675475], [127.0032829, 37.5675306], [127.0032756, 37.5674636], [127.0032787, 37.5673798], [127.0032995, 37.5673538], [127.0033562, 37.5673159], [127.0033688, 37.5672959], [127.0032292, 37.5670161], [127.0032569, 37.5670088], [127.0032656, 37.5670065], [127.003381, 37.5672388], [127.0034038, 37.567252], [127.0034342, 37.5672544], [127.0035177, 37.5672075], [127.0036558, 37.5671473], [127.0037135, 37.5671232], [127.0037257, 37.5671052], [127.0036877, 37.5668825], [127.0037382, 37.5668756], [127.0037667, 37.5668717], [127.0038138, 37.5670931], [127.0038396, 37.567122], [127.0038836, 37.5671244], [127.0039929, 37.5671196], [127.0040689, 37.5671184], [127.0040977, 37.5671027], [127.0041342, 37.5669511], [127.0041068, 37.5668187], [127.0041843, 37.5668079], [127.0041958, 37.5668529], [127.0042207, 37.5669499], [127.0042298, 37.5670149], [127.0041782, 37.5671593], [127.0041782, 37.5671918], [127.0041782, 37.5672075], [127.0045464, 37.5671278], [127.0045534, 37.5671421], [127.0045649, 37.5671658], [127.0040836, 37.5672687], [127.0040951, 37.5673212], [127.0040009, 37.5673952], [127.0039827, 37.5674465], [127.0039339, 37.5674756], [127.0038393, 37.567494], [127.0037987, 37.5675161], [127.003768, 37.5675422], [127.0036891, 37.5675202], [127.0036298, 37.5675256], [127.0036095, 37.5675345], [127.0035766, 37.5675107], [127.0036214, 37.5674994], [127.0037334, 37.5674787]], [[127.0033869, 37.5675465], [127.0033424, 37.5674059], [127.0036874, 37.5673372], [127.003732, 37.5674778], [127.0036214, 37.5674994], [127.0033869, 37.5675465]], [[127.0044758, 37.5674161], [127.0044592, 37.5674211], [127.0044452, 37.5674514], [127.0043637, 37.5674352], [127.0043001, 37.5674171], [127.0042071, 37.5673797], [127.0041409, 37.5673434], [127.0041053, 37.567305], [127.0040989, 37.5672738], [127.0044771, 37.567191], [127.0045025, 37.567192], [127.0045433, 37.5671981], [127.0045815, 37.5672193], [127.0046171, 37.5673242], [127.004612, 37.5673545], [127.0046006, 37.5673717], [127.0045789, 37.5673858], [127.0044758, 37.5674161]], [[127.0039177, 37.5675461], [127.0039845, 37.5674472], [127.0040024, 37.5673954], [127.0040546, 37.5673722], [127.0040902, 37.5673742], [127.0041437, 37.5673944], [127.0043678, 37.5675074], [127.0044149, 37.5675236], [127.0044722, 37.5675246], [127.0046899, 37.56746], [127.0047587, 37.5675549], [127.0045333, 37.5676275], [127.0043105, 37.5676679], [127.0041297, 37.5677032], [127.0037133, 37.567792], [127.0036369, 37.5676477], [127.0038457, 37.5675387], [127.0039177, 37.5675461]], [[127.0030246, 37.5677113], [127.0034589, 37.5676291], [127.0034783, 37.5676935], [127.0033042, 37.5677264], [127.0033468, 37.5678679], [127.0030866, 37.5679171], [127.0030246, 37.5677113]]]]}, "properties": {"name": "훈련원공원", "osm_id": "osm:r11505098", "osm_key": "leisure", "green_type": "park"}}, {"type": "Feature", "geometry": {"type": "MultiPolygon", "coordinates": [[[[126.9831997, 37.5839059], [126.9832012, 37.5835846], [126.983196, 37.5835781], [126.9831671, 37.5835713], [126.98312, 37.5835429], [126.9830778, 37.5835212], [126.9830407, 37.5834858], [126.9829397, 37.5834943], [126.9829126, 37.5835157], [126.9829482, 37.5839485], [126.9831382, 37.5839448], [126.9831997, 37.5839059]], [[126.9829772, 37.5837587], [126.982962, 37.5835585], [126.9829688, 37.5835387], [126.9829809, 37.5835315], [126.9830227, 37.5835459], [126.9830667, 37.5835645], [126.9830925, 37.583603], [126.9831152, 37.5836271], [126.9831296, 37.5836547], [126.9831334, 37.5837557], [126.9829772, 37.5837587]], [[126.982966, 37.5839172], [126.9829581, 37.5837666], [126.9831389, 37.5837606], [126.9831404, 37.5837894], [126.9831567, 37.5837889], [126.9831631, 37.5839107], [126.982966, 37.5839172]]]]}, "properties": {"name": null, "osm_id": "osm:r13526899", "osm_key": "leisure", "green_type": "garden"}}, {"type": "Feature", "geometry": {"type": "MultiPolygon", "coordinates": [[[[126.9843761, 37.5856003], [126.9842768, 37.5855588], [126.9840838, 37.5855774], [126.9840152, 37.585606], [126.9839737, 37.5856403], [126.9842803, 37.5857379], [126.9843761, 37.5856003]], [[126.9841244, 37.5856756], [126.9841568, 37.5856113], [126.9842074, 37.5856213], [126.984266, 37.5855698], [126.9843508, 37.5856034], [126.9842552, 37.5857142], [126.9841244, 37.5856756]]]]}, "properties": {"name": null, "osm_id": "osm:r13526900", "osm_key": "leisure", "green_type": "garden"}}, {"type": "Feature", "geometry": {"type": "MultiPolygon", "coordinates": [[[[126.9841956, 37.5858862], [126.9842803, 37.5857379], [126.9839737, 37.5856403], [126.9839015, 37.5857933], [126.9841956, 37.5858862]], [[126.9841226, 37.5856995], [126.9842456, 37.5857371], [126.9841807, 37.5858708], [126.9840576, 37.5858332], [126.9841226, 37.5856995]]]]}, "properties": {"name": null, "osm_id": "osm:r13526901", "osm_key": "leisure", "green_type": "garden"}}, {"type": "Feature", "geometry": {"type": "MultiPolygon", "coordinates": [[[[127.0021746, 37.5663023], [127.0021372, 37.5663001], [127.0021346, 37.5663287], [127.0021719, 37.5663309], [127.0021746, 37.5663023]]], [[[127.0021333, 37.5663896], [127.0021661, 37.566391], [127.0021691, 37.5663475], [127.0021363, 37.5663461], [127.0021333, 37.5663896]]]]}, "properties": {"name": null, "osm_id": "osm:r15101939", "osm_key": "leisure", "green_type": "garden"}}, {"type": "Feature", "geometry": {"type": "MultiPolygon", "coordinates": [[[[126.9969895, 37.5761095], [126.9969521, 37.5761018], [126.9969136, 37.5761046], [126.9968787, 37.5761176], [126.9968513, 37.5761393], [126.996836, 37.5761642], [126.9968311, 37.5761915], [126.996837, 37.5762187], [126.9968533, 37.5762432], [126.9968782, 37.5762625], [126.9969094, 37.5762749], [126.9969439, 37.576279], [126.9969783, 37.5762745], [126.9970093, 37.5762618], [126.997036, 37.5762397], [126.9970517, 37.5762117], [126.9970545, 37.5761812], [126.997044, 37.5761517], [126.9970214, 37.5761268], [126.9969895, 37.5761095]]], [[[126.9967763, 37.5761604], [126.9967679, 37.5761586], [126.9966566, 37.5761973], [126.996652, 37.5762041], [126.9966586, 37.5762126], [126.9966703, 37.5762154], [126.9967759, 37.5762345], [126.9967837, 37.5762299], [126.9967763, 37.5761604]]]]}, "properties": {"name": null, "osm_id": "osm:r15481764", "osm_key": "leisure", "green_type": "garden"}}, {"type": "Feature", "geometry": {"type": "MultiPolygon", "coordinates": [[[[126.9921638, 37.5812502], [126.9922452, 37.5812362], [126.9923425, 37.5812151], [126.9924274, 37.5811745], [126.9924823, 37.5811324], [126.9925495, 37.5810889], [126.9925761, 37.5810202], [126.9925849, 37.5809375], [126.9925655, 37.5808491], [126.9924876, 37.5807902], [126.9924487, 37.5807846], [126.9923319, 37.5807818], [126.9922416, 37.580793], [126.992162, 37.5808197], [126.9921461, 37.5808575], [126.9921708, 37.5809459], [126.9921655, 37.5809964], [126.9921266, 37.5810286], [126.992093, 37.5810665], [126.992093, 37.5811198], [126.9921638, 37.5812502]]]]}, "properties": {"name": null, "osm_id": "osm:r17027141", "osm_key": "landuse", "green_type": "grass"}}, {"type": "Feature", "geometry": {"type": "MultiPolygon", "coordinates": [[[[126.9964279, 37.5682981], [126.9965112, 37.5682642], [126.9964917, 37.5677151], [126.9962239, 37.5677317], [126.9961569, 37.5683169], [126.9963425, 37.5683512], [126.9964279, 37.5682981]], [[126.9962313, 37.567756], [126.9964696, 37.567747], [126.9964874, 37.5680446], [126.9964984, 37.5682278], [126.99626, 37.5682368], [126.9962313, 37.567756]]]]}, "properties": {"name": "산림지식산업센터", "osm_id": "osm:r17482273", "osm_key": "leisure", "green_type": "garden"}}, {"type": "Feature", "geometry": {"type": "MultiPolygon", "coordinates": [[[[126.9969236, 37.5680913], [126.9968884, 37.5680638], [126.9968692, 37.5680474], [126.9968549, 37.5680504], [126.996855, 37.5680759], [126.9968768, 37.5680792], [126.9968772, 37.568094], [126.9969039, 37.5681044], [126.9969236, 37.5680913]], [[126.9968594, 37.5680528], [126.9968676, 37.5680508], [126.9968854, 37.5680735], [126.9968611, 37.5680727], [126.9968594, 37.5680528]]]]}, "properties": {"name": null, "osm_id": "osm:r17655897", "osm_key": "leisure", "green_type": "garden"}}, {"type": "Feature", "geometry": {"type": "MultiPolygon", "coordinates": [[[[126.9793332, 37.576084], [126.9793223, 37.5761114], [126.97932, 37.5761243], [126.979321, 37.576137], [126.9793253, 37.5761457], [126.9793356, 37.5761588], [126.9793456, 37.5761673], [126.9793667, 37.5761769], [126.9793924, 37.5761826], [126.9794289, 37.5761841], [126.9794675, 37.5761805], [126.9794854, 37.576172], [126.979494, 37.5761587], [126.9795004, 37.576139], [126.9795055, 37.5760901], [126.9795015, 37.5760703], [126.9794962, 37.5760622], [126.9794861, 37.5760513], [126.9794685, 37.5760405], [126.9794348, 37.5760314], [126.9794073, 37.5760285], [126.9793862, 37.5760286], [126.9793795, 37.5760313], [126.9793714, 37.576035], [126.9793605, 37.5760451], [126.9793443, 37.5760617], [126.9793332, 37.576084]], [[126.9793569, 37.576068], [126.9793771, 37.5760711], [126.9793769, 37.5760515], [126.9794, 37.5760586], [126.9794123, 37.5760616], [126.9794623, 37.5760697], [126.9794742, 37.5760705], [126.979497, 37.5760701], [126.9794887, 37.5760901], [126.9794797, 37.5761147], [126.9794745, 37.5761382], [126.9794727, 37.5761528], [126.979473, 37.5761687], [126.9794523, 37.5761623], [126.9794341, 37.5761584], [126.9794136, 37.5761546], [126.9793929, 37.5761518], [126.9793745, 37.5761501], [126.9793518, 37.5761486], [126.9793626, 37.5761277], [126.9793426, 37.5761242], [126.9793569, 37.576068]]]]}, "properties": {"name": null, "osm_id": "osm:r18550230", "osm_key": "landuse", "green_type": "grass"}}, {"type": "Feature", "geometry": {"type": "MultiPolygon", "coordinates": [[[[126.9799583, 37.5761847], [126.9800583, 37.5761814], [126.9800538, 37.5761085], [126.9802096, 37.5761274], [126.980482, 37.5761134], [126.9805955, 37.5760345], [126.9815902, 37.5759382], [126.9825748, 37.5757564], [126.9826465, 37.5757806], [126.9827959, 37.5759523], [126.9828912, 37.5759837], [126.9827806, 37.5762347], [126.9826143, 37.5762001], [126.9825077, 37.5764735], [126.9826129, 37.5765119], [126.9825978, 37.5765739], [126.9824297, 37.5772623], [126.9817864, 37.577278], [126.9816743, 37.5780035], [126.9814735, 37.577985], [126.9814548, 37.5776519], [126.9812305, 37.5773726], [126.9810509, 37.5774072], [126.9810588, 37.5774758], [126.9807999, 37.5775866], [126.9807692, 37.5774027], [126.9806282, 37.5774187], [126.9805021, 37.5769857], [126.9801425, 37.576486], [126.9799583, 37.5761847]]]]}, "properties": {"name": "열린송현 녹지광장", "osm_id": "osm:w424080008", "osm_key": "leisure", "green_type": "park"}}, {"type": "Feature", "geometry": {"type": "MultiPolygon", "coordinates": [[[[126.9786315, 37.5690562], [126.9785359, 37.5690609], [126.9782918, 37.5690732], [126.9777912, 37.5691053], [126.9775809, 37.5691167], [126.9775583, 37.5691179], [126.977522, 37.5691208], [126.9774795, 37.5691314], [126.9774536, 37.5691476], [126.9774315, 37.5691683], [126.9774183, 37.5691968], [126.9774114, 37.5692282], [126.9774108, 37.5692483], [126.9774141, 37.5692668], [126.9774251, 37.5692856], [126.9774385, 37.5693028], [126.9774486, 37.5693152], [126.9774636, 37.5693255], [126.9775104, 37.5693289], [126.977708, 37.5693211], [126.9784787, 37.5692791], [126.9785576, 37.5692752], [126.9786495, 37.5692706], [126.9792076, 37.5692426], [126.9794892, 37.569235], [126.9801362, 37.5692067], [126.9812684, 37.5691276], [126.9821252, 37.5690434], [126.9825048, 37.5690201], [126.982872, 37.5689888], [126.9833609, 37.5689357], [126.9842757, 37.5687639], [126.9846641, 37.5687062], [126.9855126, 37.5685183], [126.9864487, 37.5683516], [126.9868948, 37.5682825], [126.9871405, 37.5682534], [126.987379, 37.5682394], [126.9879503, 37.5682301], [126.9889496, 37.5682159], [126.9893839, 37.568243], [126.989676, 37.568264], [126.9904878, 37.5682986], [126.990979, 37.5683407], [126.9920601, 37.5684309], [126.9925209, 37.5684505], [126.9934616, 37.5685181], [126.9943018, 37.5685737], [126.9949372, 37.5686309], [126.9964052, 37.5687646], [126.9969893, 37.5688293], [126.9977537, 37.568921], [126.9984118, 37.5690412], [126.9989656, 37.569157], [126.9998191, 37.5693314], [127.0001832, 37.56939], [127.0013383, 37.5696035], [127.0015109, 37.569635], [127.0019528, 37.5696937], [127.00204, 37.5696997], [127.0023188, 37.5696997], [127.002994, 37.5697102], [127.0043423, 37.569718], [127.0045452, 37.5697189], [127.0048802, 37.5697099], [127.0057192, 37.5697323], [127.0062233, 37.5697332], [127.0065515, 37.5697376], [127.0071176, 37.5697582], [127.0076679, 37.5697841], [127.0084528, 37.5698181], [127.0093246, 37.5698702], [127.009319, 37.5698513], [127.0093169, 37.5698398], [127.0093144, 37.5698227], [127.009314, 37.5698057], [127.0093137, 37.5697903], [127.0093144, 37.5697702], [127.0093159, 37.5697469], [127.0093175, 37.5697313], [127.0093217, 37.5697125], [127.0093275, 37.569684], [127.0093347, 37.5696598], [127.0093422, 37.5696375], [127.0089865, 37.5696342], [127.0077835, 37.5695991], [127.0066904, 37.5695473], [127.0064761, 37.5695493], [127.0056882, 37.5695338], [127.0051951, 37.5695268], [127.0037356, 37.5695028], [127.0023795, 37.5694907], [127.0022088, 37.5694877], [127.0016626, 37.5694186], [127.0013458, 37.569369], [127.0003786, 37.5691961], [126.9999803, 37.5691239], [126.9993165, 37.5690142], [126.998133, 37.5687737], [126.9977821, 37.568718], [126.9967143, 37.5685963], [126.9958419, 37.5685151], [126.9948007, 37.5684159], [126.9936114, 37.5683744], [126.9928967, 37.5683222], [126.9918263, 37.5682392], [126.9910861, 37.5681828], [126.9903048, 37.5681249], [126.9895915, 37.5680781], [126.9888978, 37.5680328], [126.9883768, 37.5680311], [126.9879077, 37.5680251], [126.9875839, 37.5680355], [126.9872598, 37.5680459], [126.9867202, 37.56806], [126.9865396, 37.568092], [126.9859126, 37.5682323], [126.9854704, 37.5683206], [126.9843734, 37.5685165], [126.9830312, 37.5687574], [126.9824014, 37.5687966], [126.9814216, 37.568871], [126.980761, 37.5689187], [126.9801513, 37.5689641], [126.979474, 37.5690228], [126.9789768, 37.5690392], [126.9786315, 37.5690562]]]]}, "properties": {"name": "청계천공원", "osm_id": "osm:r19175488", "osm_key": "leisure", "green_type": "park"}}, {"type": "Feature", "geometry": {"type": "MultiPolygon", "coordinates": [[[[126.9868095, 37.5755867], [126.9871219, 37.5756558], [126.9877181, 37.5757982], [126.9876519, 37.5760122], [126.9876108, 37.5761628], [126.9875424, 37.5764035], [126.9875089, 37.5765641], [126.9873267, 37.576577], [126.9872084, 37.5768654], [126.9869379, 37.5768076], [126.9868329, 37.5767835], [126.9868129, 37.5767791], [126.9868292, 37.5767362], [126.9868968, 37.5765587], [126.9869108, 37.5765219], [126.9865088, 37.5764215], [126.9868095, 37.5755867]]]]}, "properties": {"name": null, "osm_id": "osm:w184444070", "osm_key": "leisure", "green_type": "park"}}, {"type": "Feature", "geometry": {"type": "MultiPolygon", "coordinates": [[[[127.0086082, 37.5833358], [127.0084071, 37.582804], [127.0089851, 37.5818612], [127.0092256, 37.5819053], [127.0093883, 37.5819416], [127.0092008, 37.5828626], [127.0088879, 37.5830242], [127.0087981, 37.583132], [127.0086082, 37.5833358]]]]}, "properties": {"name": "삼선공원", "osm_id": "osm:w223434842", "osm_key": "leisure", "green_type": "park"}}, {"type": "Feature", "geometry": {"type": "MultiPolygon", "coordinates": [[[[127.0023981, 37.5795776], [127.0023275, 37.5801645], [127.0022348, 37.5809348], [127.0027328, 37.5809315], [127.0032237, 37.58091], [127.0033753, 37.5809063], [127.0033782, 37.5808521], [127.0033539, 37.5797099], [127.0023981, 37.5795776]]]]}, "properties": {"name": "마로니에공원", "osm_id": "osm:w223434843", "osm_key": "leisure", "green_type": "park"}}, {"type": "Feature", "geometry": {"type": "MultiPolygon", "coordinates": [[[[127.0082536, 37.5781799], [127.0083109, 37.5781063], [127.0083317, 37.5780349], [127.0083433, 37.5779744], [127.0083465, 37.5778701], [127.0082996, 37.5776338], [127.0083172, 37.5775083], [127.0084251, 37.5772836], [127.0085779, 37.5771391], [127.0085673, 37.576904], [127.0085264, 37.576596], [127.0084785, 37.576431], [127.0084198, 37.5762441], [127.0083879, 37.5761612], [127.0083789, 37.5760766], [127.0083609, 37.5758556], [127.008361, 37.575787], [127.0083716, 37.5757116], [127.0083892, 37.5756225], [127.0084159, 37.5755779], [127.0084795, 37.5755048], [127.0085959, 37.5753903], [127.0086101, 37.5753763], [127.0086922, 37.5752387], [127.0087543, 37.5750498], [127.0087661, 37.5749669], [127.0087513, 37.57483], [127.0085758, 37.5742468], [127.0087071, 37.5739575], [127.008716, 37.5735238], [127.0087156, 37.5735024], [127.0087094, 37.5731831], [127.0086886, 37.5730498], [127.0087284, 37.5727285], [127.0089296, 37.5726311], [127.0088457, 37.5726896], [127.0088223, 37.5727585], [127.0088179, 37.5728131], [127.0088228, 37.5729915], [127.0088435, 37.5730338], [127.0088751, 37.5731203], [127.0088849, 37.5732026], [127.0088629, 37.5733959], [127.0088665, 37.5734496], [127.0088671, 37.5734584], [127.0088854, 37.5735086], [127.0089055, 37.5735635], [127.0089287, 37.5736304], [127.0089365, 37.5736681], [127.0089193, 37.5736942], [127.0088881, 37.5737183], [127.0088682, 37.5737416], [127.0088272, 37.5738031], [127.0088011, 37.5738611], [127.0087908, 37.5739148], [127.0087805, 37.573994], [127.0087843, 37.5741339], [127.0088009, 37.5742569], [127.0088337, 37.5743862], [127.0089029, 37.5745733], [127.0089285, 37.5746836], [127.008898, 37.5748358], [127.0088684, 37.5749566], [127.0088609, 37.5749755], [127.0087383, 37.5752984], [127.0086962, 37.575388], [127.0086403, 37.5754766], [127.0084967, 37.5756812], [127.0084796, 37.5757116], [127.0084579, 37.575767], [127.0084503, 37.5758252], [127.0084493, 37.5758732], [127.0084599, 37.5760252], [127.0084824, 37.5762134], [127.0085096, 37.5763236], [127.0085283, 37.5763893], [127.0085881, 37.5765301], [127.0086195, 37.5766362], [127.0086232, 37.5766488], [127.008639, 37.5766953], [127.008645, 37.5767275], [127.0086512, 37.5767758], [127.0086869, 37.576919], [127.0086978, 37.5769839], [127.0086996, 37.5770156], [127.0086955, 37.5771176], [127.0086935, 37.5771925], [127.0086799, 37.5772309], [127.0086026, 37.5773224], [127.0084516, 37.5774221], [127.0083878, 37.5774761], [127.0083592, 37.5775359], [127.008377, 37.5776947], [127.0083909, 37.5777672], [127.0084135, 37.5778894], [127.0084155, 37.5779375], [127.008414, 37.5779774], [127.0084032, 37.5780161], [127.008395, 37.578052], [127.0083642, 37.5781047], [127.0083205, 37.5781625], [127.0082815, 37.5781998], [127.008191, 37.5782924], [127.0081484, 37.5782758], [127.0082536, 37.5781799]]]]}, "properties": {"name": "성줄어린이공원", "osm_id": "osm:w229027407", "osm_key": "leisure", "green_type": "park"}}, {"type": "Feature", "geometry": {"type": "MultiPolygon", "coordinates": [[[[127.007135, 37.5830769], [127.0061372, 37.5830004], [127.0058649, 37.5829524], [127.0055847, 37.5826263], [127.0056222, 37.5821289], [127.0056437, 37.5820324], [127.0057188, 37.5816953], [127.0060674, 37.5817208], [127.0064443, 37.5815452], [127.0064228, 37.581439], [127.0067072, 37.5809373], [127.0067058, 37.5807345], [127.0066428, 37.5806822], [127.006679, 37.580522], [127.0066843, 37.5803956], [127.0065665, 37.5803395], [127.0067809, 37.5793784], [127.0068507, 37.5790383], [127.0067326, 37.5788342], [127.0067009, 37.5787974], [127.0066344, 37.5787203], [127.006837, 37.5785419], [127.00691, 37.5782922], [127.006913, 37.578282], [127.0072101, 37.5782177], [127.0073549, 37.5780137], [127.0077157, 37.5780677], [127.0079986, 37.5781455], [127.0079073, 37.5784917], [127.0079364, 37.5786224], [127.0079785, 37.579122], [127.0079976, 37.5792678], [127.0080429, 37.5793388], [127.0081161, 37.579516], [127.0082006, 37.5796229], [127.0081052, 37.5796659], [127.0081877, 37.5798292], [127.0083147, 37.5798047], [127.0085443, 37.5805457], [127.0086144, 37.5805811], [127.0086944, 37.580562], [127.008742, 37.5805609], [127.0088438, 37.5805802], [127.0087431, 37.580693], [127.0086435, 37.5808026], [127.0085931, 37.5809239], [127.0085149, 37.5810379], [127.0084388, 37.5811057], [127.0083914, 37.5811403], [127.0083343, 37.5811752], [127.0083247, 37.5811792], [127.0082398, 37.5812151], [127.0081986, 37.5812398], [127.0081221, 37.5813153], [127.0080209, 37.5814568], [127.0079719, 37.5815149], [127.0079061, 37.5815649], [127.0078116, 37.5816165], [127.0077508, 37.5816383], [127.0077134, 37.581653], [127.0076762, 37.5816677], [127.0076135, 37.5816995], [127.007572, 37.581753], [127.0075229, 37.5818236], [127.007486, 37.5818592], [127.0074322, 37.5818916], [127.0073793, 37.5819061], [127.0072909, 37.5819336], [127.0072558, 37.5819403], [127.0072212, 37.5819551], [127.007193, 37.5819781], [127.0071611, 37.582011], [127.0071137, 37.5820617], [127.0070833, 37.5821041], [127.0069722, 37.5822292], [127.006918, 37.5823113], [127.006905, 37.5823352], [127.0069032, 37.5823592], [127.0069582, 37.5824981], [127.0070613, 37.5827014], [127.0072656, 37.5830061], [127.007135, 37.5830769]]]]}, "properties": {"name": "낙산공원", "osm_id": "osm:w229027411", "osm_key": "leisure", "green_type": "park"}}, {"type": "Feature", "geometry": {"type": "MultiPolygon", "coordinates": [[[[126.9811955, 37.5741469], [126.9810002, 37.5741706], [126.9806081, 37.5739132], [126.9805386, 37.5738481], [126.9808542, 37.5738235], [126.9809083, 37.5737983], [126.9809421, 37.5737506], [126.9811205, 37.5733955], [126.9813262, 37.573993], [126.9813591, 37.5740897], [126.9811955, 37.5741469]]]]}, "properties": {"name": "수성공원", "osm_id": "osm:w236942967", "osm_key": "leisure", "green_type": "park"}}, {"type": "Feature", "geometry": {"type": "MultiPolygon", "coordinates": [[[[126.9808086, 37.5810216], [126.9809447, 37.5810647], [126.9811841, 37.5809451], [126.9813068, 37.5809552], [126.9813739, 37.5808239], [126.9807804, 37.5807899], [126.9808086, 37.5810216]]]]}, "properties": {"name": null, "osm_id": "osm:w313914644", "osm_key": "leisure", "green_type": "park"}}, {"type": "Feature", "geometry": {"type": "MultiPolygon", "coordinates": [[[[126.9847285, 37.5679565], [126.9847373, 37.5680282], [126.984774, 37.5683249], [126.9856204, 37.5682036], [126.9856146, 37.5681403], [126.9856402, 37.5681277], [126.9856659, 37.5681061], [126.985696, 37.5680722], [126.9857161, 37.5680382], [126.9857174, 37.5680206], [126.9857074, 37.5679984], [126.98463, 37.5677582], [126.9846004, 37.5678792], [126.9847285, 37.5679565]]]]}, "properties": {"name": "청계천 한빛광장", "osm_id": "osm:w358297323", "osm_key": "leisure", "green_type": "park"}}, {"type": "Feature", "geometry": {"type": "MultiPolygon", "coordinates": [[[[126.9942085, 37.5723142], [126.99419, 37.5722967], [126.9941863, 37.5722741], [126.9941986, 37.5722535], [126.9942231, 37.5722414], [126.9942519, 37.5722417], [126.9942759, 37.5722544], [126.9942875, 37.5722753], [126.994283, 37.5722978], [126.9942638, 37.5723148], [126.994236, 37.572321], [126.9942085, 37.5723142]]]]}, "properties": {"name": null, "osm_id": "osm:w382428454", "osm_key": "natural", "green_type": "scrub"}}, {"type": "Feature", "geometry": {"type": "MultiPolygon", "coordinates": [[[[126.9811448, 37.5778919], [126.9811286, 37.5778524], [126.9811129, 37.5778571], [126.9811118, 37.5778361], [126.9812017, 37.5778345], [126.9812076, 37.5778416], [126.9811829, 37.5778799], [126.9811448, 37.5778919]]]]}, "properties": {"name": null, "osm_id": "osm:w1135877714", "osm_key": "leisure", "green_type": "garden"}}, {"type": "Feature", "geometry": {"type": "MultiPolygon", "coordinates": [[[[126.9799903, 37.5680695], [126.9800327, 37.5680679], [126.9800713, 37.5679439], [126.9800913, 37.567937], [126.9803356, 37.5680001], [126.9803298, 37.5680441], [126.9806244, 37.5680621], [126.9806221, 37.5681577], [126.9809732, 37.568167], [126.9810094, 37.5680583], [126.9809166, 37.5679684], [126.9809379, 37.5678889], [126.9809108, 37.567871], [126.9809256, 37.5678323], [126.9808493, 37.5678254], [126.9806211, 37.5678206], [126.9806198, 37.567787], [126.9804176, 37.5678002], [126.9803356, 37.5678147], [126.9803322, 37.5679252], [126.9801881, 37.5679093], [126.9799682, 37.5678987], [126.9799441, 37.5679157], [126.9799265, 37.5679948], [126.9800039, 37.568006], [126.9799903, 37.5680695]]]]}, "properties": {"name": null, "osm_id": "osm:w431428101", "osm_key": "leisure", "green_type": "park"}}, {"type": "Feature", "geometry": {"type": "MultiPolygon", "coordinates": [[[[126.9777662, 37.5761693], [126.9777508, 37.5761839], [126.9777453, 37.576198], [126.9777472, 37.5762077], [126.9777566, 37.576215], [126.9777683, 37.5762188], [126.9777677, 37.576202], [126.9784102, 37.5762106], [126.9784152, 37.5762096], [126.9784189, 37.5762075], [126.9784214, 37.5762036], [126.9784221, 37.5761995], [126.9784248, 37.5760778], [126.9786021, 37.576077], [126.9785924, 37.5762085], [126.9785975, 37.5762202], [126.9786092, 37.5762292], [126.9786199, 37.5762363], [126.9786229, 37.5762423], [126.9786236, 37.5762629], [126.9786283, 37.5762678], [126.978636, 37.5762726], [126.9787304, 37.576273], [126.9787302, 37.5763001], [126.9786487, 37.5762997], [126.9786488, 37.5762941], [126.9786395, 37.5762941], [126.9786311, 37.5762962], [126.9786249, 37.576299], [126.9786206, 37.5763072], [126.9786189, 37.5763184], [126.9786161, 37.576547], [126.9786162, 37.5765522], [126.9786187, 37.5765573], [126.9786229, 37.5765601], [126.978627, 37.5765621], [126.9786327, 37.5765632], [126.9788152, 37.5765656], [126.9788223, 37.5765625], [126.9788295, 37.5765566], [126.9788313, 37.576551], [126.9788338, 37.5763464], [126.9788382, 37.576326], [126.9788482, 37.5763055], [126.978871, 37.5762874], [126.9788955, 37.5762771], [126.9789294, 37.5762678], [126.9789579, 37.5762654], [126.9789787, 37.5762715], [126.9790159, 37.5762888], [126.9790387, 37.5763071], [126.9789917, 37.5763369], [126.9789736, 37.5763236], [126.9789579, 37.5763148], [126.9789418, 37.5763114], [126.9789277, 37.5763145], [126.9789096, 37.5763268], [126.9789002, 37.5763358], [126.9788959, 37.5763499], [126.9788935, 37.5763634], [126.9788918, 37.5764809], [126.9788952, 37.5764976], [126.9788885, 37.5764976], [126.9788889, 37.5765538], [126.9788917, 37.5765591], [126.9788993, 37.5765651], [126.9789076, 37.5765686], [126.978917, 37.5765712], [126.9789287, 37.5765723], [126.9791785, 37.5765768], [126.9791798, 37.5765412], [126.9792576, 37.5765428], [126.9792566, 37.5765752], [126.9792921, 37.576576], [126.9792928, 37.5765601], [126.9793129, 37.5765603], [126.9793099, 37.5764633], [126.9791212, 37.5762954], [126.9788546, 37.5760196], [126.9783443, 37.5759622], [126.9783136, 37.5761907], [126.9777669, 37.5761961], [126.9777662, 37.5761693]]]]}, "properties": {"name": null, "osm_id": "osm:w446665394", "osm_key": "landuse", "green_type": "grass"}}, {"type": "Feature", "geometry": {"type": "MultiPolygon", "coordinates": [[[[126.9787443, 37.5768619], [126.9787473, 37.5767594], [126.978752, 37.5767471], [126.9787638, 37.5767365], [126.9787876, 37.5767248], [126.9788382, 37.5767052], [126.978872, 37.5767001], [126.9788989, 37.5766974], [126.9789297, 37.5766961], [126.978929, 37.5767067], [126.9789689, 37.5767075], [126.9789666, 37.5768072], [126.9789659, 37.5768792], [126.9789609, 37.5768885], [126.9789471, 37.5768949], [126.9789331, 37.576897], [126.9787798, 37.5768946], [126.9787641, 37.576888], [126.9787547, 37.5768792], [126.9787483, 37.576871], [126.9787443, 37.5768619]]]]}, "properties": {"name": null, "osm_id": "osm:w446665396", "osm_key": "natural", "green_type": "scrub"}}, {"type": "Feature", "geometry": {"type": "MultiPolygon", "coordinates": [[[[126.9791138, 37.5769007], [126.9790884, 37.5768965], [126.9790613, 37.5768646], [126.9790609, 37.57677], [126.9790676, 37.5767594], [126.9790807, 37.5767488], [126.9790907, 37.5767437], [126.9791002, 37.5767407], [126.9792378, 37.5767434], [126.979259, 37.5767562], [126.9792593, 37.5767968], [126.9792824, 37.5767958], [126.9792828, 37.5767753], [126.9793193, 37.5767753], [126.9793288, 37.5770156], [126.9793268, 37.577369], [126.9793408, 37.5777983], [126.9792858, 37.5777957], [126.9792746, 37.5777668], [126.9792736, 37.5777463], [126.9792665, 37.5770182], [126.9790839, 37.5770229], [126.9790637, 37.5769852], [126.9790736, 37.5769419], [126.9791172, 37.5769406], [126.9791637, 37.5769307], [126.9791977, 37.5769114], [126.9792248, 37.5768893], [126.9792309, 37.5768606], [126.9792275, 37.5767703], [126.9791785, 37.5767742], [126.9791635, 37.5768657], [126.9791474, 37.576888], [126.9791138, 37.5769007]]]]}, "properties": {"name": null, "osm_id": "osm:w446672441", "osm_key": "landuse", "green_type": "grass"}}, {"type": "Feature", "geometry": {"type": "MultiPolygon", "coordinates": [[[[126.9796266, 37.5756981], [126.9796313, 37.5756842], [126.9795535, 37.5756481], [126.9795528, 37.5756842], [126.9796266, 37.5756981]]]]}, "properties": {"name": null, "osm_id": "osm:w446743582", "osm_key": "landuse", "green_type": "grass"}}, {"type": "Feature", "geometry": {"type": "MultiPolygon", "coordinates": [[[[126.9787819, 37.5784224], [126.9788584, 37.5784171], [126.9789733, 37.5784139], [126.9790431, 37.5783947], [126.9791065, 37.5783438], [126.9791333, 37.5782832], [126.9791723, 37.5782333], [126.9792513, 37.5782173], [126.9792956, 37.5782269], [126.9793385, 37.5782247], [126.9793546, 37.5788497], [126.9791144, 37.5788604], [126.9790462, 37.5788635], [126.9790515, 37.5789581], [126.979136, 37.5789932], [126.9791923, 37.5789942], [126.9791964, 37.5791037], [126.9792661, 37.5791048], [126.9792634, 37.5791654], [126.9791789, 37.5791675], [126.9790757, 37.5793003], [126.9791387, 37.5793354], [126.9792205, 37.5793269], [126.9792285, 37.5794417], [126.9787954, 37.5795249], [126.9787082, 37.5795416], [126.9786814, 37.579514], [126.9786958, 37.579499], [126.9787457, 37.579447], [126.9787337, 37.5792164], [126.9787216, 37.579024], [126.97868, 37.5786733], [126.9786707, 37.5785319], [126.9787042, 37.5784618], [126.9787819, 37.5784224]]]]}, "properties": {"name": null, "osm_id": "osm:w447025295", "osm_key": "landuse", "green_type": "grass"}}, {"type": "Feature", "geometry": {"type": "MultiPolygon", "coordinates": [[[[126.9793066, 37.5779866], [126.9793227, 37.5779781], [126.9793197, 37.5779425], [126.9782334, 37.5779802], [126.9782341, 37.5780057], [126.978222, 37.5780196], [126.9782307, 37.5780339], [126.9782998, 37.5780424], [126.9785036, 37.5780307], [126.9785452, 37.5780403], [126.9786807, 37.5780339], [126.9786988, 37.5780249], [126.978792, 37.5780105], [126.978855, 37.5780036], [126.9788912, 37.5780153], [126.9789502, 37.578019], [126.9791695, 37.5779866], [126.9792674, 37.5779818], [126.9793066, 37.5779866]]]]}, "properties": {"name": null, "osm_id": "osm:w447794130", "osm_key": "natural", "green_type": "wood"}}, {"type": "Feature", "geometry": {"type": "MultiPolygon", "coordinates": [[[[126.9786227, 37.5795145], [126.9786481, 37.5795081], [126.9786931, 37.5794379], [126.9786923, 37.5793181], [126.978689, 37.5792668], [126.9786756, 37.5791527], [126.9786562, 37.5791403], [126.9786059, 37.5791409], [126.9786065, 37.5791552], [126.9786139, 37.5793218], [126.9786227, 37.5795145]]]]}, "properties": {"name": null, "osm_id": "osm:w447794152", "osm_key": "landuse", "green_type": "grass"}}, {"type": "Feature", "geometry": {"type": "MultiPolygon", "coordinates": [[[[126.979133, 37.5790658], [126.9791303, 37.5790211], [126.9790928, 37.5789914], [126.9790016, 37.5789712], [126.9789734, 37.5790413], [126.9789801, 37.5791104], [126.9789479, 37.5791646], [126.9789291, 37.5792146], [126.9789774, 37.5792507], [126.9790445, 37.5792348], [126.9790834, 37.5791742], [126.979129, 37.5791019], [126.979133, 37.5790658]]]]}, "properties": {"name": null, "osm_id": "osm:w447794906", "osm_key": "natural", "green_type": "wood"}}, {"type": "Feature", "geometry": {"type": "MultiPolygon", "coordinates": [[[[126.9790445, 37.5793867], [126.9789747, 37.5793942], [126.9789157, 37.5793782], [126.9787991, 37.579374], [126.9787615, 37.5793921], [126.9787457, 37.579447], [126.9786958, 37.579499], [126.9787266, 37.5795228], [126.9787954, 37.5795249], [126.9792285, 37.5794417], [126.9792886, 37.5794006], [126.9792845, 37.5793453], [126.9792205, 37.5793269], [126.9791387, 37.5793354], [126.9790847, 37.5793495], [126.9790445, 37.5793867]]]]}, "properties": {"name": null, "osm_id": "osm:w447794907", "osm_key": "natural", "green_type": "wood"}}, {"type": "Feature", "geometry": {"type": "MultiPolygon", "coordinates": [[[[126.9789412, 37.5785088], [126.9789238, 37.5785885], [126.9788675, 37.5786842], [126.9787816, 37.5787958], [126.9787763, 37.5788819], [126.9788286, 37.5789233], [126.9788903, 37.5789202], [126.9789546, 37.5788606], [126.9790244, 37.5788192], [126.9790767, 37.578833], [126.9791144, 37.5788604], [126.9793546, 37.5788497], [126.9793385, 37.5782247], [126.9792956, 37.5782269], [126.9792513, 37.5782173], [126.9791723, 37.5782333], [126.9791333, 37.5782832], [126.9791065, 37.5783438], [126.9790431, 37.5783947], [126.9790123, 37.5784376], [126.9789412, 37.5785088]]]]}, "properties": {"name": null, "osm_id": "osm:w447794908", "osm_key": "natural", "green_type": "wood"}}, {"type": "Feature", "geometry": {"type": "MultiPolygon", "coordinates": [[[[126.9787885, 37.5810586], [126.9787798, 37.5808832], [126.9787536, 37.5808599], [126.9786041, 37.5808636], [126.9785739, 37.5808742], [126.9785612, 37.5809002], [126.9785605, 37.5811495], [126.9785987, 37.5813062], [126.9786148, 37.5813222], [126.978651, 37.5813248], [126.9786396, 37.5810613], [126.9787885, 37.5810586]]]]}, "properties": {"name": null, "osm_id": "osm:w447796156", "osm_key": "landuse", "green_type": "grass"}}, {"type": "Feature", "geometry": {"type": "MultiPolygon", "coordinates": [[[[126.9795318, 37.5809608], [126.9794842, 37.5809178], [126.9794305, 37.5808896], [126.9793601, 37.5808684], [126.979287, 37.5808551], [126.9792253, 37.5808567], [126.9792056, 37.580862], [126.9792056, 37.580938], [126.979225, 37.5809475], [126.979273, 37.5809459], [126.979277, 37.5809831], [126.9793688, 37.5809789], [126.9794064, 37.5809858], [126.9794486, 37.5810108], [126.9795318, 37.5809608]]]]}, "properties": {"name": null, "osm_id": "osm:w447796157", "osm_key": "landuse", "green_type": "grass"}}, {"type": "Feature", "geometry": {"type": "MultiPolygon", "coordinates": [[[[126.9792317, 37.5813503], [126.9796464, 37.5813254], [126.979625, 37.5810852], [126.9796089, 37.5810517], [126.9795827, 37.5810108], [126.9795599, 37.5809837], [126.9794533, 37.5810469], [126.9794721, 37.5810745], [126.9794755, 37.5811064], [126.9794674, 37.5811351], [126.9794527, 37.5811532], [126.979519, 37.581201], [126.9794949, 37.5812202], [126.9794305, 37.5811766], [126.9794124, 37.5811989], [126.9793729, 37.5812159], [126.9793212, 37.5812239], [126.9792783, 37.5812223], [126.979279, 37.5812717], [126.9792254, 37.581274], [126.9792317, 37.5813503]]]]}, "properties": {"name": null, "osm_id": "osm:w447796158", "osm_key": "landuse", "green_type": "grass"}}, {"type": "Feature", "geometry": {"type": "MultiPolygon", "coordinates": [[[[126.9791599, 37.581049], [126.9789863, 37.5810528], [126.9789742, 37.5808657], [126.9789769, 37.5808482], [126.9789957, 37.5808365], [126.9791217, 37.5808344], [126.9791479, 37.5808524], [126.9791539, 37.5808737], [126.9791599, 37.581049]]]]}, "properties": {"name": null, "osm_id": "osm:w447796159", "osm_key": "landuse", "green_type": "grass"}}, {"type": "Feature", "geometry": {"type": "MultiPolygon", "coordinates": [[[[126.9960591, 37.571331], [126.9960657, 37.5712653], [126.9959889, 37.5712606], [126.9958013, 37.5712488], [126.9958014, 37.5712267], [126.9960133, 37.5712374], [126.9960148, 37.5712188], [126.9961707, 37.5711745], [126.9961597, 37.5713393], [126.9960591, 37.571331]]]]}, "properties": {"name": null, "osm_id": "osm:w771233461", "osm_key": "landuse", "green_type": "forest"}}, {"type": "Feature", "geometry": {"type": "MultiPolygon", "coordinates": [[[[126.9786768, 37.5803928], [126.9786983, 37.5804167], [126.9787124, 37.5804571], [126.9787378, 37.5804661], [126.9787633, 37.5804528], [126.9787841, 37.5803975], [126.9787774, 37.5803279], [126.9787982, 37.5802806], [126.9788036, 37.5802344], [126.9787747, 37.5802004], [126.9787734, 37.5801685], [126.9787975, 37.5801472], [126.978819, 37.5801063], [126.9788277, 37.5800681], [126.9788237, 37.5800441], [126.9787875, 37.5800224], [126.9787606, 37.5800176], [126.9787486, 37.5799883], [126.9787754, 37.5799527], [126.9788203, 37.5799363], [126.9788203, 37.5799118], [126.9788029, 37.5798794], [126.9787627, 37.5798353], [126.9787593, 37.579797], [126.9787479, 37.5797699], [126.9787258, 37.5797503], [126.978707, 37.5797545], [126.9786902, 37.5797737], [126.9786869, 37.5802976], [126.9786715, 37.58038], [126.9786768, 37.5803928]]]]}, "properties": {"name": null, "osm_id": "osm:w447796738", "osm_key": "natural", "green_type": "wood"}}, {"type": "Feature", "geometry": {"type": "MultiPolygon", "coordinates": [[[[126.9779398, 37.5812391], [126.9779318, 37.5812632], [126.9783208, 37.5812568], [126.9783201, 37.5812117], [126.9783174, 37.5811808], [126.9782914, 37.5811812], [126.9782777, 37.5812034], [126.9782539, 37.5812192], [126.9782239, 37.5812259], [126.9781931, 37.5812224], [126.9781677, 37.5812099], [126.9781505, 37.5811904], [126.9781443, 37.5811672], [126.9781501, 37.5811439], [126.9781671, 37.5811243], [126.9781894, 37.5811125], [126.9782155, 37.5811078], [126.978242, 37.5811106], [126.9782656, 37.5811207], [126.9782832, 37.5811139], [126.9782772, 37.5809231], [126.9782718, 37.5809061], [126.9782302, 37.5808652], [126.9782463, 37.5808444], [126.9783, 37.5808179], [126.9783154, 37.5807913], [126.9787177, 37.5807775], [126.9787378, 37.5807711], [126.9787513, 37.5805352], [126.9787774, 37.5805118], [126.9788612, 37.5800064], [126.9788646, 37.5799379], [126.9788418, 37.5797226], [126.9788156, 37.579704], [126.9787915, 37.5797019], [126.978762, 37.5797088], [126.9787248, 37.5797235], [126.978681, 37.5797691], [126.9786764, 37.5802948], [126.9786534, 37.5803934], [126.9785912, 37.5804591], [126.9784668, 37.5805814], [126.9782871, 37.5807129], [126.9779762, 37.5809556], [126.9779174, 37.5810426], [126.9779196, 37.5811889], [126.9779228, 37.5812574], [126.9779398, 37.5812391]]]]}, "properties": {"name": null, "osm_id": "osm:w447796739", "osm_key": "landuse", "green_type": "grass"}}, {"type": "Feature", "geometry": {"type": "MultiPolygon", "coordinates": [[[[126.9796656, 37.5807451], [126.979689, 37.5807116], [126.9797133, 37.5807101], [126.9797655, 37.5807158], [126.979807, 37.5807026], [126.9797735, 37.5805734], [126.9797588, 37.5805214], [126.9797279, 37.5804687], [126.9796944, 37.5803545], [126.9796716, 37.5802663], [126.9796399, 37.5802091], [126.9795755, 37.5801347], [126.9793985, 37.5800433], [126.9793716, 37.5800114], [126.9793663, 37.5798477], [126.9792188, 37.5796989], [126.9791908, 37.5796865], [126.9791358, 37.5796877], [126.978999, 37.5796908], [126.9789695, 37.5797035], [126.9789588, 37.5797258], [126.9789796, 37.5799745], [126.9789152, 37.580287], [126.9788837, 37.5804236], [126.9788891, 37.5804475], [126.9789152, 37.5805474], [126.978938, 37.5807233], [126.9789343, 37.5807658], [126.9793035, 37.5807527], [126.9793291, 37.5807517], [126.9793626, 37.5807509], [126.9794962, 37.5807477], [126.9796656, 37.5807451]]]]}, "properties": {"name": null, "osm_id": "osm:w447796751", "osm_key": "landuse", "green_type": "grass"}}, {"type": "Feature", "geometry": {"type": "MultiPolygon", "coordinates": [[[[126.9788475, 37.5795436], [126.9788193, 37.5795622], [126.9788187, 37.5795908], [126.9788508, 37.5796121], [126.978995, 37.5795908], [126.9791405, 37.5795526], [126.9791466, 37.5795404], [126.9791452, 37.5795021], [126.9791352, 37.5794899], [126.9791204, 37.5794888], [126.9788475, 37.5795436]]]]}, "properties": {"name": null, "osm_id": "osm:w447797850", "osm_key": "natural", "green_type": "wood"}}, {"type": "Feature", "geometry": {"type": "MultiPolygon", "coordinates": [[[[126.9787259, 37.5796381], [126.9788756, 37.5796254], [126.9789642, 37.5796084], [126.9791606, 37.579568], [126.9791559, 37.5794709], [126.9787271, 37.5795519], [126.9787259, 37.5796381]]]]}, "properties": {"name": null, "osm_id": "osm:w447797851", "osm_key": "landuse", "green_type": "grass"}}, {"type": "Feature", "geometry": {"type": "MultiPolygon", "coordinates": [[[[126.978995, 37.5800606], [126.978987, 37.5800936], [126.9790111, 37.5801201], [126.979113, 37.5801425], [126.9791841, 37.5801637], [126.9792659, 37.5801573], [126.9793464, 37.5801095], [126.9793531, 37.5800766], [126.9793236, 37.5800574], [126.9792579, 37.5800457], [126.9791921, 37.5800872], [126.9791452, 37.5800861], [126.9790835, 37.5800585], [126.9790312, 37.5800532], [126.978995, 37.5800606]]]]}, "properties": {"name": null, "osm_id": "osm:w447798235", "osm_key": "natural", "green_type": "wood"}}, {"type": "Feature", "geometry": {"type": "MultiPolygon", "coordinates": [[[[127.0095215, 37.5828139], [127.0100556, 37.582815], [127.0100568, 37.5824703], [127.0095226, 37.5824692], [127.0095215, 37.5828139]]]]}, "properties": {"name": null, "osm_id": "osm:w471690524", "osm_key": "landuse", "green_type": "grass"}}, {"type": "Feature", "geometry": {"type": "MultiPolygon", "coordinates": [[[[127.0096136, 37.5811464], [127.0096578, 37.5810299], [127.0097436, 37.5808753], [127.0098701, 37.580783], [127.010042, 37.5807446], [127.0102851, 37.5807634], [127.0106972, 37.5810597], [127.0110948, 37.5814084], [127.011316, 37.5815509], [127.011261, 37.5818075], [127.01042, 37.5818165], [127.0104225, 37.5822964], [127.010336, 37.5822923], [127.01013, 37.5821573], [127.0101325, 37.581992], [127.0103131, 37.5819618], [127.0103131, 37.5818257], [127.0103131, 37.5817844], [127.0101274, 37.5816695], [127.0101151, 37.5812653], [127.0096075, 37.5812086], [127.0096136, 37.5811464]]]]}, "properties": {"name": "낙산정원", "osm_id": "osm:w471690525", "osm_key": "leisure", "green_type": "park"}}, {"type": "Feature", "geometry": {"type": "MultiPolygon", "coordinates": [[[[127.0092727, 37.583256], [127.0092609, 37.5832646], [127.0092462, 37.5832697], [127.0092302, 37.5832705], [127.0092159, 37.5832673], [127.0092035, 37.5832609], [127.0091943, 37.5832516], [127.0091891, 37.5832406], [127.0091886, 37.5832288], [127.0091927, 37.5832175], [127.0092011, 37.5832078], [127.0092129, 37.5832006], [127.0092269, 37.5831967], [127.009243, 37.5831966], [127.0092581, 37.5832008], [127.0092706, 37.5832088], [127.009279, 37.5832197], [127.0092823, 37.5832321], [127.0092801, 37.5832447], [127.0092727, 37.583256]]]]}, "properties": {"name": null, "osm_id": "osm:w472037628", "osm_key": "landuse", "green_type": "grass"}}, {"type": "Feature", "geometry": {"type": "MultiPolygon", "coordinates": [[[[127.0093379, 37.5833378], [127.0094048, 37.583338], [127.0094053, 37.5831361], [127.0093412, 37.5831359], [127.0093399, 37.5832163], [127.0093386, 37.5832961], [127.0093379, 37.5833378]]]]}, "properties": {"name": null, "osm_id": "osm:w472037629", "osm_key": "landuse", "green_type": "grass"}}, {"type": "Feature", "geometry": {"type": "MultiPolygon", "coordinates": [[[[127.0090648, 37.5833356], [127.0091318, 37.5833359], [127.0091323, 37.5831339], [127.0090682, 37.5831337], [127.0090648, 37.5833356]]]]}, "properties": {"name": null, "osm_id": "osm:w472037630", "osm_key": "landuse", "green_type": "grass"}}, {"type": "Feature", "geometry": {"type": "MultiPolygon", "coordinates": [[[[127.0087284, 37.5727285], [127.008716, 37.5726182], [127.0085364, 37.5726113], [127.0084195, 37.5726996], [127.0083795, 37.5727356], [127.0083334, 37.5727554], [127.0082903, 37.5727598], [127.0079428, 37.5727372], [127.0080543, 37.5726122], [127.0082143, 37.5724329], [127.008361, 37.5722685], [127.0084358, 37.5721846], [127.0084407, 37.5721791], [127.0085733, 37.5720306], [127.0086882, 37.5719018], [127.0088142, 37.5717605], [127.0089065, 37.5716642], [127.0089619, 37.5716183], [127.009009, 37.5715826], [127.0090424, 37.5715653], [127.009074, 37.5715491], [127.0091578, 37.5715264], [127.0092317, 37.5715218], [127.0093483, 37.5715366], [127.0094466, 37.5715524], [127.0095235, 37.5715661], [127.0096099, 37.5715842], [127.0096593, 37.5715952], [127.0096588, 37.5716542], [127.0096576, 37.5717959], [127.0096525, 37.5719174], [127.0096387, 37.5720295], [127.0095985, 37.5721148], [127.0095699, 37.572167], [127.0094895, 37.5723092], [127.0093858, 37.5724185], [127.0093524, 37.572443], [127.0093044, 37.5724706], [127.0092119, 37.5724938], [127.0091195, 37.5725202], [127.0090048, 37.5725788], [127.0089296, 37.5726311], [127.0087284, 37.5727285]]]]}, "properties": {"name": "흥인지문공원", "osm_id": "osm:w608835315", "osm_key": "leisure", "green_type": "park"}}, {"type": "Feature", "geometry": {"type": "MultiPolygon", "coordinates": [[[[126.9928386, 37.5817189], [126.9928537, 37.5817295], [126.9928722, 37.5817359], [126.9928923, 37.5817373], [126.992913, 37.5817333], [126.9929309, 37.581724], [126.9929438, 37.5817105], [126.9929504, 37.5816943], [126.9929497, 37.5816774], [126.992942, 37.5816616], [126.9929281, 37.5816487], [126.9929095, 37.5816403], [126.9928885, 37.5816372], [126.9928674, 37.5816399], [126.9928496, 37.5816474], [126.9928356, 37.581659], [126.992827, 37.5816735], [126.9928246, 37.5816893], [126.9928286, 37.581705], [126.9928386, 37.5817189]]]]}, "properties": {"name": null, "osm_id": "osm:w613392478", "osm_key": "natural", "green_type": "wood"}}, {"type": "Feature", "geometry": {"type": "MultiPolygon", "coordinates": [[[[126.979416, 37.5713406], [126.979416, 37.5712492], [126.9800302, 37.5712365], [126.9799953, 37.5714831], [126.9798344, 37.5714703], [126.979416, 37.5713406]]]]}, "properties": {"name": "청진공원", "osm_id": "osm:w634122055", "osm_key": "leisure", "green_type": "park"}}, {"type": "Feature", "geometry": {"type": "MultiPolygon", "coordinates": [[[[127.0027436, 37.5851708], [127.0025651, 37.5849156], [127.0028082, 37.5847673], [127.0028362, 37.584796], [127.0029318, 37.5847376], [127.002903, 37.584708], [127.003026, 37.5846328], [127.0032232, 37.5848357], [127.0028462, 37.5850992], [127.0027436, 37.5851708]]]]}, "properties": {"name": null, "osm_id": "osm:w678908374", "osm_key": "leisure", "green_type": "garden"}}, {"type": "Feature", "geometry": {"type": "MultiPolygon", "coordinates": [[[[127.0092657, 37.5702976], [127.0090083, 37.5702919], [127.0090172, 37.5700404], [127.0092311, 37.5700451], [127.009274, 37.5700611], [127.0092657, 37.5702976]]]]}, "properties": {"name": null, "osm_id": "osm:w759395659", "osm_key": "leisure", "green_type": "garden"}}, {"type": "Feature", "geometry": {"type": "MultiPolygon", "coordinates": [[[[127.0092861, 37.570449], [127.0091842, 37.5704182], [127.0092287, 37.5703189], [127.0092257, 37.5703141], [127.0090963, 37.5703032], [127.0090936, 37.5703071], [127.0091129, 37.5703127], [127.0091278, 37.5703204], [127.0091407, 37.5703331], [127.0091479, 37.5703481], [127.0091516, 37.5703632], [127.0091533, 37.5703821], [127.009151, 37.5704049], [127.0091439, 37.5704299], [127.0091225, 37.5704735], [127.009093, 37.5705171], [127.0090568, 37.5705458], [127.0090246, 37.5705702], [127.0090366, 37.5705862], [127.0090635, 37.5705755], [127.0090514, 37.5707913], [127.0090742, 37.5707764], [127.0091064, 37.5707477], [127.0091305, 37.5707052], [127.009156, 37.5706574], [127.0091895, 37.5706021], [127.0092861, 37.570449]]]]}, "properties": {"name": null, "osm_id": "osm:w759395660", "osm_key": "leisure", "green_type": "garden"}}, {"type": "Feature", "geometry": {"type": "MultiPolygon", "coordinates": [[[[127.0089629, 37.5706446], [127.0089897, 37.5706372], [127.0090044, 37.5708083], [127.0088556, 37.57087], [127.0088475, 37.5708487], [127.0088931, 37.5708253], [127.0089092, 37.5708073], [127.0089253, 37.5707849], [127.0089361, 37.5707626], [127.0089468, 37.570736], [127.0089629, 37.5706446]]]]}, "properties": {"name": null, "osm_id": "osm:w759395661", "osm_key": "leisure", "green_type": "garden"}}, {"type": "Feature", "geometry": {"type": "MultiPolygon", "coordinates": [[[[127.0089861, 37.57052], [127.009003, 37.5703385], [127.0090752, 37.5703198], [127.0090966, 37.5703224], [127.0091152, 37.5703337], [127.0091259, 37.5703501], [127.0091302, 37.5703749], [127.0091307, 37.5703864], [127.0091293, 37.57041], [127.0091158, 37.5704449], [127.0090972, 37.5704717], [127.0090816, 37.5704856], [127.0090588, 37.5705043], [127.00904, 37.5705151], [127.0090268, 37.5705215], [127.0090165, 37.5705253], [127.0090035, 37.5705271], [127.0089916, 37.5705256], [127.0089861, 37.57052]]]]}, "properties": {"name": null, "osm_id": "osm:w759395662", "osm_key": "leisure", "green_type": "garden"}}, {"type": "Feature", "geometry": {"type": "MultiPolygon", "coordinates": [[[[127.0102807, 37.56818], [127.0102975, 37.5681241], [127.0103196, 37.5681343], [127.0103317, 37.5680873], [127.0103441, 37.568046], [127.0103703, 37.5679776], [127.0104061, 37.5679092], [127.0104494, 37.5678251], [127.0104766, 37.567774], [127.0105342, 37.5676986], [127.0106061, 37.5675969], [127.0106395, 37.5675608], [127.0107213, 37.5674857], [127.0107788, 37.5674404], [127.0108351, 37.5674662], [127.0108693, 37.5674182], [127.0109366, 37.5673237], [127.0108978, 37.5673117], [127.0108571, 37.5673147], [127.0108176, 37.567329], [127.0107297, 37.5673882], [127.0106563, 37.5674647], [127.0105989, 37.5675203], [127.0105431, 37.5675778], [127.0104857, 37.5676391], [127.0104442, 37.5676821], [127.0104123, 37.5677359], [127.010327, 37.5678572], [127.0102181, 37.5681555], [127.0102409, 37.5681644], [127.0102807, 37.56818]]]]}, "properties": {"name": null, "osm_id": "osm:w759409656", "osm_key": "landuse", "green_type": "grass"}}, {"type": "Feature", "geometry": {"type": "MultiPolygon", "coordinates": [[[[127.0104259, 37.5681761], [127.0104346, 37.5681546], [127.0104423, 37.5681356], [127.0104504, 37.5681154], [127.010473, 37.5680594], [127.0105073, 37.5679897], [127.0105476, 37.5679077], [127.0105943, 37.5678127], [127.0106339, 37.5677323], [127.01073, 37.5676122], [127.0107842, 37.567547], [127.01087, 37.5675768], [127.0109183, 37.5675045], [127.0108351, 37.5674662], [127.0108693, 37.5674182], [127.0109366, 37.5673237], [127.0109685, 37.5673446], [127.0109857, 37.5673584], [127.0109904, 37.5673785], [127.0109378, 37.5676101], [127.010933, 37.5676682], [127.0107584, 37.567763], [127.0107018, 37.5678085], [127.0106571, 37.5678591], [127.0105702, 37.5680373], [127.0105487, 37.5680968], [127.010524, 37.5681347], [127.0105056, 37.5681536], [127.0104718, 37.5681686], [127.0104553, 37.5681751], [127.0104259, 37.5681761]]]]}, "properties": {"name": null, "osm_id": "osm:w759409657", "osm_key": "landuse", "green_type": "grass"}}, {"type": "Feature", "geometry": {"type": "MultiPolygon", "coordinates": [[[[127.0070771, 37.567662], [127.0068438, 37.5672456], [127.0068097, 37.5672035], [127.0067756, 37.5671929], [127.0065783, 37.5672155], [127.0067073, 37.5677432], [127.0070638, 37.567677], [127.0070771, 37.567662]]]]}, "properties": {"name": null, "osm_id": "osm:w759418314", "osm_key": "landuse", "green_type": "grass"}}, {"type": "Feature", "geometry": {"type": "MultiPolygon", "coordinates": [[[[127.0095101, 37.5710993], [127.0094618, 37.5710653], [127.0094519, 37.5710509], [127.0094455, 37.5710348], [127.0094436, 37.5710206], [127.009444, 37.5709973], [127.0094455, 37.5709723], [127.0094507, 37.5709418], [127.009461, 37.570914], [127.0094696, 37.5709011], [127.0094813, 37.5708869], [127.009501, 37.5708739], [127.0095519, 37.5708438], [127.0095634, 37.5708434], [127.0095748, 37.5708421], [127.009586, 37.5708412], [127.0095995, 37.5708409], [127.0096139, 37.5708422], [127.0096318, 37.5708441], [127.0096469, 37.5708464], [127.0096646, 37.5708496], [127.0096942, 37.5708599], [127.0097347, 37.5708759], [127.0097891, 37.5709021], [127.0098461, 37.5709324], [127.0098992, 37.5709631], [127.0099376, 37.5709882], [127.0099727, 37.5710119], [127.0099973, 37.5710359], [127.0100155, 37.5710574], [127.0100289, 37.5710802], [127.0100429, 37.5711069], [127.0100506, 37.5711331], [127.0100515, 37.5711647], [127.0100445, 37.5712006], [127.0100346, 37.5712285], [127.0100201, 37.5712524], [127.0100033, 37.5712763], [127.0099733, 37.5713095], [127.0099498, 37.5713261], [127.009905, 37.5713494], [127.0098984, 37.5713547], [127.009895, 37.5713617], [127.0098977, 37.5713679], [127.0099096, 37.5713742], [127.0099041, 37.5713789], [127.0098945, 37.571382], [127.0098827, 37.571382], [127.0097824, 37.5713593], [127.0097932, 37.5713579], [127.0098297, 37.5713478], [127.0098628, 37.5713371], [127.0098977, 37.5713171], [127.0099257, 37.5712929], [127.0099579, 37.5712587], [127.0099751, 37.5712276], [127.0099869, 37.5711996], [127.0099906, 37.5711737], [127.0099915, 37.5711409], [127.0099896, 37.5711119], [127.0099879, 37.5711034], [127.0099836, 37.5710884], [127.0099734, 37.5710706], [127.0099617, 37.5710537], [127.0099427, 37.5710336], [127.0099022, 37.5710026], [127.0098492, 37.5709743], [127.0097784, 37.5709563], [127.0097351, 37.570954], [127.0096855, 37.570952], [127.0096989, 37.5708881], [127.0096731, 37.5708836], [127.0095576, 37.5708619], [127.0095197, 37.5710513], [127.0095101, 37.5710993]]]]}, "properties": {"name": null, "osm_id": "osm:w760127122", "osm_key": "landuse", "green_type": "grass"}}, {"type": "Feature", "geometry": {"type": "MultiPolygon", "coordinates": [[[[127.0099583, 37.5714215], [127.0099725, 37.5713839], [127.0099856, 37.5713815], [127.0099951, 37.5713768], [127.0100247, 37.5713564], [127.0100541, 37.5713309], [127.0100846, 37.5713005], [127.0100921, 37.5712947], [127.0101037, 37.5712868], [127.0101356, 37.5712576], [127.0101426, 37.571269], [127.0101489, 37.5712751], [127.0101582, 37.571282], [127.0101716, 37.5712889], [127.0101832, 37.5712929], [127.0102002, 37.5712961], [127.0102178, 37.5712965], [127.0102301, 37.571295], [127.0102394, 37.5712929], [127.0102553, 37.5712869], [127.0102694, 37.5712785], [127.0102803, 37.5712686], [127.010292, 37.5712501], [127.0102961, 37.5712297], [127.0102922, 37.5712093], [127.0102889, 37.5712023], [127.0102859, 37.5711975], [127.0102827, 37.5711932], [127.01028, 37.5711901], [127.0102761, 37.5711861], [127.010265, 37.5711775], [127.0102521, 37.5711706], [127.0102302, 37.5711639], [127.0102115, 37.5711631], [127.0102117, 37.5711528], [127.0102198, 37.5711411], [127.0102685, 37.5711124], [127.0102762, 37.5711061], [127.0102834, 37.5710989], [127.0102844, 37.5710901], [127.0101667, 37.5709609], [127.0101549, 37.5709558], [127.0101458, 37.5709539], [127.0101359, 37.5709542], [127.0101173, 37.5709759], [127.010106, 37.5709807], [127.0100968, 37.5709809], [127.0100872, 37.5709771], [127.0100618, 37.5709484], [127.0100427, 37.5709311], [127.0099611, 37.5708692], [127.0099401, 37.5708547], [127.0098762, 37.5708209], [127.0098505, 37.57081], [127.0097986, 37.5707924], [127.0097731, 37.5707848], [127.0097026, 37.5707648], [127.00969, 37.5707623], [127.0096814, 37.5707613], [127.009673, 37.570761], [127.0096279, 37.570762], [127.0096195, 37.5707628], [127.0096108, 37.5707645], [127.0096034, 37.5707675], [127.0095739, 37.570756], [127.0095728, 37.5707444], [127.0097233, 37.5705194], [127.0097341, 37.5705042], [127.0098444, 37.5706248], [127.0098126, 37.5706438], [127.0097691, 37.5706678], [127.0098267, 37.5707333], [127.0098701, 37.5707094], [127.0098163, 37.570648], [127.0098482, 37.5706292], [127.0099223, 37.5706979], [127.0099477, 37.5707356], [127.0099752, 37.5707733], [127.0100101, 37.5707977], [127.0100476, 37.5708434], [127.0100575, 37.5708387], [127.0100818, 37.5708272], [127.0101561, 37.5709145], [127.0101968, 37.5708928], [127.0103277, 37.5710401], [127.0103079, 37.571051], [127.0103423, 37.5710874], [127.0105812, 37.5713226], [127.0106103, 37.5713579], [127.0104884, 37.5715396], [127.010048, 37.5714416], [127.0099583, 37.5714215]]]]}, "properties": {"name": null, "osm_id": "osm:w760127123", "osm_key": "landuse", "green_type": "grass"}}, {"type": "Feature", "geometry": {"type": "MultiPolygon", "coordinates": [[[[127.0100268, 37.5697032], [127.010019, 37.5696644], [127.0100112, 37.5696382], [127.0100142, 37.5696346], [127.0100838, 37.5696326], [127.010412, 37.5696257], [127.0107344, 37.5696257], [127.0115784, 37.5696498], [127.0122706, 37.5696588], [127.0123825, 37.5696588], [127.0123731, 37.569694], [127.0122176, 37.5696895], [127.0120429, 37.5696884], [127.0118923, 37.5696881], [127.0114568, 37.5696998], [127.0108236, 37.5697121], [127.0105235, 37.5697039], [127.0100284, 37.5697086], [127.0100268, 37.5697032]]]]}, "properties": {"name": null, "osm_id": "osm:w760130446", "osm_key": "leisure", "green_type": "park"}}, {"type": "Feature", "geometry": {"type": "MultiPolygon", "coordinates": [[[[127.0103644, 37.5697846], [127.010513, 37.5697829], [127.0108617, 37.5697851], [127.0111388, 37.5697876], [127.011428, 37.5697916], [127.011892, 37.5697964], [127.0123379, 37.5698066], [127.01236, 37.5698068], [127.012369, 37.5698203], [127.0123702, 37.5698545], [127.0123816, 37.5698883], [127.0122981, 37.5698883], [127.0122934, 37.5698823], [127.011622, 37.5698643], [127.0110533, 37.5698691], [127.0107413, 37.5698651], [127.0102129, 37.5698797], [127.0100574, 37.5698904], [127.0100044, 37.5698954], [127.01, 37.5698924], [127.0100053, 37.5698731], [127.0100147, 37.5698452], [127.0100276, 37.569786], [127.0101934, 37.5697845], [127.0103644, 37.5697846]]]]}, "properties": {"name": null, "osm_id": "osm:w760130447", "osm_key": "leisure", "green_type": "park"}}, {"type": "Feature", "geometry": {"type": "MultiPolygon", "coordinates": [[[[127.0054888, 37.5670193], [127.0054683, 37.5670144], [127.0054399, 37.5669883], [127.0054234, 37.5669564], [127.0054207, 37.5669219], [127.005432, 37.5668886], [127.0054566, 37.5668567], [127.0054724, 37.5668459], [127.0054757, 37.5668585], [127.0055408, 37.5668476], [127.0055699, 37.5669576], [127.0055462, 37.5669615], [127.0055566, 37.5670008], [127.0056185, 37.5669901], [127.0056081, 37.5669512], [127.0055845, 37.5669552], [127.0055547, 37.5668426], [127.0056085, 37.5668337], [127.0056514, 37.5668586], [127.0056768, 37.5668882], [127.0056885, 37.5669227], [127.005685, 37.5669584], [127.0056686, 37.5669862], [127.0056202, 37.5669971], [127.0055584, 37.5670074], [127.0054888, 37.5670193]]]]}, "properties": {"name": null, "osm_id": "osm:w760457862", "osm_key": "leisure", "green_type": "garden"}}, {"type": "Feature", "geometry": {"type": "MultiPolygon", "coordinates": [[[[127.0109383, 37.5689571], [127.0109781, 37.5689284], [127.0110017, 37.5684651], [127.0109748, 37.568447], [127.0109091, 37.5684566], [127.0108512, 37.5684651], [127.0109376, 37.5686808], [127.0108427, 37.5687047], [127.010728, 37.5687479], [127.0106285, 37.5687894], [127.0105394, 37.5688555], [127.0104907, 37.5689187], [127.0104748, 37.5689642], [127.0109383, 37.5689571]]]]}, "properties": {"name": null, "osm_id": "osm:w760458372", "osm_key": "leisure", "green_type": "garden"}}, {"type": "Feature", "geometry": {"type": "MultiPolygon", "coordinates": [[[[127.0093684, 37.5721136], [127.0094089, 37.5720979], [127.0094406, 37.5720755], [127.0094961, 37.5719049], [127.0094906, 37.5718492], [127.0094491, 37.5718496], [127.0094039, 37.5718642], [127.0093511, 37.5718733], [127.0092676, 37.5719037], [127.0090646, 37.5719394], [127.0090263, 37.5719359], [127.0089947, 37.571918], [127.0089609, 37.5719233], [127.0088955, 37.571977], [127.0088707, 37.5720217], [127.0088255, 37.572179], [127.008821, 37.5722272], [127.0088368, 37.5722362], [127.0088797, 37.5722237], [127.0088707, 37.5722004], [127.0090376, 37.5721379], [127.0090421, 37.5721557], [127.0091639, 37.5721271], [127.0092608, 37.5721271], [127.0092875, 37.572124], [127.009306, 37.5721218], [127.0093684, 37.5721136]]]]}, "properties": {"name": null, "osm_id": "osm:w760458818", "osm_key": "landuse", "green_type": "grass"}}, {"type": "Feature", "geometry": {"type": "MultiPolygon", "coordinates": [[[[127.0093679, 37.5718339], [127.0093859, 37.5718268], [127.0093859, 37.5718125], [127.0093656, 37.5718089], [127.0092811, 37.5718053], [127.0092461, 37.5717821], [127.0092156, 37.5717365], [127.0091739, 37.5717651], [127.0091074, 37.5718205], [127.0090262, 37.5718724], [127.0089935, 37.5718938], [127.0090003, 37.5719099], [127.0090318, 37.5719188], [127.0090623, 37.5719242], [127.0090916, 37.5719242], [127.0092438, 37.5718938], [127.0092957, 37.5718795], [127.0093295, 37.5718599], [127.0093679, 37.5718339]]]]}, "properties": {"name": null, "osm_id": "osm:w760458819", "osm_key": "landuse", "green_type": "grass"}}, {"type": "Feature", "geometry": {"type": "MultiPolygon", "coordinates": [[[[127.0095385, 37.5718553], [127.0095013, 37.5717872], [127.0094596, 37.5717738], [127.0094179, 37.5717809], [127.0093829, 37.5718015], [127.0093435, 37.5718051], [127.0093051, 37.5718015], [127.0092724, 37.5717908], [127.0092532, 37.5717622], [127.0092318, 37.5717336], [127.0092296, 37.5717085], [127.0092816, 37.571615], [127.009304, 37.5715785], [127.009454, 37.5716084], [127.0095859, 37.571637], [127.009613, 37.5716612], [127.0095859, 37.5718051], [127.0095894, 37.5718494], [127.0095385, 37.5718553]]]]}, "properties": {"name": null, "osm_id": "osm:w760458820", "osm_key": "landuse", "green_type": "grass"}}, {"type": "Feature", "geometry": {"type": "MultiPolygon", "coordinates": [[[[127.0088448, 37.5718326], [127.0088408, 37.5718167], [127.0088488, 37.5717997], [127.0090151, 37.571637], [127.0090916, 37.5715977], [127.0091559, 37.5715828], [127.0092056, 37.5715903], [127.0092123, 37.5716062], [127.0091479, 37.5717444], [127.0090916, 37.5718018], [127.0090004, 37.5718539], [127.0089481, 37.5718783], [127.0089239, 37.5718719], [127.0088971, 37.5718592], [127.0088448, 37.5718326]]]]}, "properties": {"name": null, "osm_id": "osm:w760458822", "osm_key": "landuse", "green_type": "grass"}}, {"type": "Feature", "geometry": {"type": "MultiPolygon", "coordinates": [[[[127.0088441, 37.5719079], [127.0088508, 37.5718909], [127.0088494, 37.5718749], [127.0088266, 37.5718547], [127.0087676, 37.5718314], [127.0087314, 37.5718399], [127.0087033, 37.571859], [127.008537, 37.5720556], [127.0086456, 37.5721141], [127.0086134, 37.5721492], [127.0086925, 37.5721938], [127.0086308, 37.5722619], [127.0085464, 37.572214], [127.0085356, 37.5722268], [127.0085893, 37.5722555], [127.0086027, 37.5722704], [127.008608, 37.5722948], [127.008604, 37.572315], [127.0085625, 37.5723745], [127.0085504, 37.5723979], [127.0085464, 37.5724181], [127.0085531, 37.572433], [127.0085732, 37.5724436], [127.0086764, 37.5722948], [127.0087153, 37.5722417], [127.0087274, 37.5722013], [127.0087422, 37.5721173], [127.0087609, 37.572045], [127.0087837, 37.5719951], [127.0088065, 37.5719515], [127.0088441, 37.5719079]]]]}, "properties": {"name": null, "osm_id": "osm:w760458823", "osm_key": "landuse", "green_type": "grass"}}, {"type": "Feature", "geometry": {"type": "MultiPolygon", "coordinates": [[[[127.0085236, 37.5724681], [127.0084954, 37.5724298], [127.0084981, 37.572399], [127.0085209, 37.572365], [127.0085464, 37.5723341], [127.0085598, 37.5723086], [127.0085611, 37.5722735], [127.0085464, 37.5722523], [127.0084324, 37.5721906], [127.0081534, 37.5724915], [127.0083747, 37.5726105], [127.0085236, 37.5724681]]]]}, "properties": {"name": null, "osm_id": "osm:w760458824", "osm_key": "landuse", "green_type": "grass"}}, {"type": "Feature", "geometry": {"type": "MultiPolygon", "coordinates": [[[[127.008795, 37.5727224], [127.008736, 37.5727182], [127.0087467, 37.5726119], [127.0087252, 37.5725651], [127.008685, 37.5725311], [127.00863, 37.572513], [127.0086459, 37.5724694], [127.0086922, 37.572408], [127.0087239, 37.5723763], [127.0087546, 37.5723504], [127.0087865, 37.5723079], [127.0088567, 37.5722721], [127.0089386, 37.5722565], [127.0090067, 37.5722202], [127.0090793, 37.5721846], [127.0091835, 37.5721559], [127.0092627, 37.5721505], [127.0093153, 37.5721555], [127.0093489, 37.5721499], [127.0093851, 37.5721414], [127.0094709, 37.572097], [127.0095277, 37.5719536], [127.0095385, 37.5718553], [127.0095894, 37.5718494], [127.0095916, 37.5718947], [127.0095742, 37.5719559], [127.0095459, 37.5720111], [127.0095268, 37.5720692], [127.009476, 37.5721657], [127.0094307, 37.5722526], [127.0093757, 37.5723387], [127.00931, 37.5724099], [127.0092644, 37.5724545], [127.0090525, 37.5725205], [127.0088996, 37.5725938], [127.0088419, 37.5726427], [127.0088164, 37.5726724], [127.008795, 37.5727224]]]]}, "properties": {"name": null, "osm_id": "osm:w760458825", "osm_key": "landuse", "green_type": "grass"}}, {"type": "Feature", "geometry": {"type": "MultiPolygon", "coordinates": [[[[126.9789185, 37.5663756], [126.9786557, 37.5663216], [126.9786036, 37.5663049], [126.9785847, 37.5662892], [126.9785642, 37.566271], [126.9785665, 37.5661583], [126.9786795, 37.5661584], [126.9787093, 37.5661702], [126.9788578, 37.566229], [126.9788929, 37.5662493], [126.9789067, 37.5662732], [126.9789156, 37.5662884], [126.9789223, 37.5663192], [126.9789251, 37.5663538], [126.9789185, 37.5663756]]]]}, "properties": {"name": null, "osm_id": "osm:w768397715", "osm_key": "landuse", "green_type": "forest"}}, {"type": "Feature", "geometry": {"type": "MultiPolygon", "coordinates": [[[[126.9868941, 37.5764717], [126.9870846, 37.5759543], [126.9871542, 37.5759704], [126.9871355, 37.576021], [126.9871824, 37.5760318], [126.9871305, 37.5761728], [126.9870862, 37.5761626], [126.9869662, 37.5764884], [126.9868941, 37.5764717]]]]}, "properties": {"name": null, "osm_id": "osm:w768422582", "osm_key": "leisure", "green_type": "garden"}}, {"type": "Feature", "geometry": {"type": "MultiPolygon", "coordinates": [[[[126.9872271, 37.5758907], [126.9871309, 37.5758693], [126.9871884, 37.5757068], [126.9872847, 37.5757282], [126.9872271, 37.5758907]]]]}, "properties": {"name": null, "osm_id": "osm:w768422583", "osm_key": "leisure", "green_type": "garden"}}, {"type": "Feature", "geometry": {"type": "MultiPolygon", "coordinates": [[[[126.9868668, 37.5770085], [126.9869093, 37.5768859], [126.9868043, 37.5768618], [126.9868329, 37.5767835], [126.9868129, 37.5767791], [126.9868292, 37.5767362], [126.9867773, 37.5767234], [126.9867534, 37.576803], [126.9867145, 37.5767924], [126.9866638, 37.5769316], [126.9868668, 37.5770085]]]]}, "properties": {"name": null, "osm_id": "osm:w768422594", "osm_key": "leisure", "green_type": "garden"}}, {"type": "Feature", "geometry": {"type": "MultiPolygon", "coordinates": [[[[126.9877181, 37.5757982], [126.9877251, 37.5757498], [126.9877123, 37.5756828], [126.9876884, 37.5756449], [126.9876605, 37.5756228], [126.987631, 37.5756057], [126.9872482, 37.5755097], [126.9872049, 37.5755012], [126.9871679, 37.575508], [126.9871219, 37.5756558], [126.9877181, 37.5757982]]]]}, "properties": {"name": null, "osm_id": "osm:w768422597", "osm_key": "leisure", "green_type": "garden"}}, {"type": "Feature", "geometry": {"type": "MultiPolygon", "coordinates": [[[[126.9878574, 37.5759495], [126.9878255, 37.5759558], [126.9877984, 37.5759533], [126.9877729, 37.5759407], [126.9877554, 37.5759129], [126.9877538, 37.5758901], [126.9877633, 37.5758648], [126.9877793, 37.5758345], [126.9877793, 37.5757903], [126.9877729, 37.5757536], [126.9877442, 37.5756929], [126.9877362, 37.5756626], [126.9877362, 37.5756323], [126.9877474, 37.5756209], [126.9877793, 37.5756209], [126.9878239, 37.5756348], [126.9878814, 37.5756778], [126.987918, 37.575722], [126.9879244, 37.5757801], [126.9879276, 37.5758181], [126.9879133, 37.5758775], [126.9878925, 37.5759141], [126.987875, 37.5759331], [126.9878574, 37.5759495]]]]}, "properties": {"name": null, "osm_id": "osm:w768422599", "osm_key": "leisure", "green_type": "garden"}}, {"type": "Feature", "geometry": {"type": "MultiPolygon", "coordinates": [[[[126.9882396, 37.5761649], [126.9881864, 37.5761705], [126.9881503, 37.5761629], [126.9881542, 37.5761353], [126.9879413, 37.5760866], [126.9879474, 37.5760643], [126.987912, 37.5760582], [126.9879299, 37.575973], [126.9879506, 37.5758947], [126.9879682, 37.5758252], [126.9879746, 37.5757632], [126.9879682, 37.5757114], [126.9879459, 37.5756608], [126.987906, 37.5756242], [126.9878246, 37.5755901], [126.9877975, 37.5755686], [126.9877896, 37.5755496], [126.9877816, 37.5755243], [126.9877513, 37.5755079], [126.9875583, 37.575475], [126.9875719, 37.5753928], [126.9875953, 37.5752969], [126.9878717, 37.5753345], [126.9878449, 37.5754323], [126.9884149, 37.5755173], [126.9884001, 37.5756364], [126.9885888, 37.5756531], [126.9885774, 37.5758302], [126.988469, 37.5758593], [126.9884945, 37.5759566], [126.9883828, 37.5759869], [126.9884211, 37.5760754], [126.9883465, 37.5760909], [126.988319, 37.5759271], [126.9882018, 37.5759395], [126.9882396, 37.5761649]]]]}, "properties": {"name": null, "osm_id": "osm:w768422600", "osm_key": "leisure", "green_type": "garden"}}, {"type": "Feature", "geometry": {"type": "MultiPolygon", "coordinates": [[[[126.9881802, 37.5766984], [126.9881771, 37.57664], [126.9882952, 37.5766674], [126.9882854, 37.5766926], [126.9881802, 37.5766984]]]]}, "properties": {"name": null, "osm_id": "osm:w768422602", "osm_key": "leisure", "green_type": "garden"}}, {"type": "Feature", "geometry": {"type": "MultiPolygon", "coordinates": [[[[127.0048124, 37.5820737], [127.0048138, 37.581706], [127.0047762, 37.5816869], [127.0047709, 37.5816231], [127.0047333, 37.5816008], [127.0047186, 37.5814849], [127.0046362, 37.5814932], [127.0045633, 37.5813326], [127.004514, 37.5812239], [127.0046986, 37.5812163], [127.004947, 37.5812124], [127.0050539, 37.5812568], [127.0051757, 37.581295], [127.0052357, 37.5812929], [127.0053509, 37.5812774], [127.0053922, 37.5812412], [127.0055288, 37.5812449], [127.0056994, 37.5812108], [127.0057489, 37.5812677], [127.0057664, 37.5813511], [127.0057441, 37.5815635], [127.0057188, 37.5816953], [127.0056437, 37.5820324], [127.0053549, 37.5820172], [127.0053486, 37.5820905], [127.0048124, 37.5820737]]]]}, "properties": {"name": "광명 가든 레지던스 Gwangmyeong Garden Residence", "osm_id": "osm:w769411790", "osm_key": "leisure", "green_type": "garden"}}, {"type": "Feature", "geometry": {"type": "MultiPolygon", "coordinates": [[[[127.0102728, 37.5711164], [127.0102847, 37.5711254], [127.0102924, 37.5711369], [127.0102949, 37.5711497], [127.0102921, 37.5711625], [127.0102841, 37.5711739], [127.0102719, 37.5711825], [127.0102568, 37.5711877], [127.0102404, 37.5711886], [127.0102245, 37.5711853], [127.0102108, 37.5711782], [127.0102009, 37.5711678], [127.0101957, 37.5711554], [127.0101959, 37.5711424], [127.0102014, 37.5711301], [127.0102116, 37.5711199], [127.0102255, 37.5711129], [127.0102415, 37.5711098], [127.0102578, 37.5711111], [127.0102728, 37.5711164]]]]}, "properties": {"name": null, "osm_id": "osm:w770887912", "osm_key": "natural", "green_type": "wood"}}, {"type": "Feature", "geometry": {"type": "MultiPolygon", "coordinates": [[[[127.0103485, 37.5711445], [127.0103604, 37.5711535], [127.0103681, 37.571165], [127.0103706, 37.5711778], [127.0103678, 37.5711906], [127.0103598, 37.571202], [127.0103476, 37.5712107], [127.0103325, 37.5712159], [127.0103161, 37.5712168], [127.0103002, 37.5712135], [127.0102865, 37.5712063], [127.0102766, 37.5711959], [127.0102714, 37.5711835], [127.0102716, 37.5711705], [127.0102771, 37.5711582], [127.0102873, 37.571148], [127.0103012, 37.571141], [127.0103172, 37.5711379], [127.0103335, 37.5711392], [127.0103485, 37.5711445]]]]}, "properties": {"name": null, "osm_id": "osm:w770887913", "osm_key": "natural", "green_type": "wood"}}, {"type": "Feature", "geometry": {"type": "MultiPolygon", "coordinates": [[[[127.010405, 37.571223], [127.0104169, 37.571232], [127.0104246, 37.5712435], [127.0104271, 37.5712563], [127.0104243, 37.5712691], [127.0104163, 37.5712805], [127.0104041, 37.5712892], [127.010389, 37.5712944], [127.0103726, 37.5712953], [127.0103567, 37.571292], [127.010343, 37.5712848], [127.0103331, 37.5712744], [127.0103279, 37.571262], [127.0103281, 37.571249], [127.0103336, 37.5712367], [127.0103438, 37.5712265], [127.0103577, 37.5712195], [127.0103737, 37.5712164], [127.01039, 37.5712177], [127.010405, 37.571223]]]]}, "properties": {"name": null, "osm_id": "osm:w770887914", "osm_key": "natural", "green_type": "wood"}}, {"type": "Feature", "geometry": {"type": "MultiPolygon", "coordinates": [[[[126.9962923, 37.5713487], [126.9961792, 37.5713407], [126.9961934, 37.5711812], [126.9962115, 37.5711474], [126.9963167, 37.5710976], [126.9962923, 37.5713487]]]]}, "properties": {"name": null, "osm_id": "osm:w771233462", "osm_key": "landuse", "green_type": "forest"}}, {"type": "Feature", "geometry": {"type": "MultiPolygon", "coordinates": [[[[127.0104479, 37.5712838], [127.0104598, 37.5712928], [127.0104675, 37.5713043], [127.01047, 37.5713171], [127.0104672, 37.5713299], [127.0104592, 37.5713413], [127.010447, 37.57135], [127.0104319, 37.5713552], [127.0104155, 37.5713561], [127.0103996, 37.5713528], [127.0103859, 37.5713456], [127.010376, 37.5713352], [127.0103708, 37.5713228], [127.010371, 37.5713098], [127.0103765, 37.5712975], [127.0103867, 37.5712873], [127.0104006, 37.5712803], [127.0104166, 37.5712772], [127.0104329, 37.5712785], [127.0104479, 37.5712838]]]]}, "properties": {"name": null, "osm_id": "osm:w770887915", "osm_key": "natural", "green_type": "wood"}}, {"type": "Feature", "geometry": {"type": "MultiPolygon", "coordinates": [[[[127.0105246, 37.5713276], [127.0105365, 37.5713366], [127.0105442, 37.5713481], [127.0105467, 37.5713609], [127.0105439, 37.5713737], [127.0105359, 37.5713851], [127.0105237, 37.5713938], [127.0105086, 37.571399], [127.0104922, 37.5713999], [127.0104763, 37.5713966], [127.0104626, 37.5713894], [127.0104527, 37.571379], [127.0104475, 37.5713666], [127.0104477, 37.5713536], [127.0104532, 37.5713413], [127.0104634, 37.5713311], [127.0104773, 37.5713241], [127.0104933, 37.571321], [127.0105096, 37.5713223], [127.0105246, 37.5713276]]]]}, "properties": {"name": null, "osm_id": "osm:w770887916", "osm_key": "natural", "green_type": "wood"}}, {"type": "Feature", "geometry": {"type": "MultiPolygon", "coordinates": [[[[127.0105968, 37.5713678], [127.0106087, 37.5713768], [127.0106164, 37.5713883], [127.0106189, 37.5714011], [127.0106161, 37.5714139], [127.0106081, 37.5714253], [127.0105959, 37.571434], [127.0105808, 37.5714392], [127.0105644, 37.5714401], [127.0105485, 37.5714368], [127.0105348, 37.5714296], [127.0105249, 37.5714192], [127.0105197, 37.5714068], [127.0105199, 37.5713938], [127.0105254, 37.5713815], [127.0105356, 37.5713713], [127.0105495, 37.5713643], [127.0105655, 37.5713612], [127.0105818, 37.5713625], [127.0105968, 37.5713678]]]]}, "properties": {"name": null, "osm_id": "osm:w770887917", "osm_key": "natural", "green_type": "wood"}}, {"type": "Feature", "geometry": {"type": "MultiPolygon", "coordinates": [[[[127.0101118, 37.5708565], [127.0101237, 37.5708655], [127.0101314, 37.570877], [127.0101339, 37.5708898], [127.0101311, 37.5709026], [127.0101231, 37.570914], [127.0101109, 37.5709227], [127.0100958, 37.5709279], [127.0100794, 37.5709288], [127.0100635, 37.5709255], [127.0100498, 37.5709183], [127.0100399, 37.5709079], [127.0100347, 37.5708955], [127.0100349, 37.5708825], [127.0100404, 37.5708702], [127.0100506, 37.57086], [127.0100645, 37.570853], [127.0100805, 37.5708499], [127.0100968, 37.5708512], [127.0101118, 37.5708565]]]]}, "properties": {"name": null, "osm_id": "osm:w770887918", "osm_key": "natural", "green_type": "wood"}}, {"type": "Feature", "geometry": {"type": "MultiPolygon", "coordinates": [[[[127.0100036, 37.5707958], [127.0100155, 37.5708048], [127.0100232, 37.5708163], [127.0100257, 37.5708291], [127.0100229, 37.5708419], [127.0100149, 37.5708533], [127.0100027, 37.570862], [127.0099876, 37.5708672], [127.0099712, 37.5708681], [127.0099553, 37.5708648], [127.0099416, 37.5708576], [127.0099317, 37.5708472], [127.0099265, 37.5708348], [127.0099267, 37.5708218], [127.0099322, 37.5708095], [127.0099424, 37.5707993], [127.0099563, 37.5707923], [127.0099723, 37.5707892], [127.0099886, 37.5707905], [127.0100036, 37.5707958]]]]}, "properties": {"name": null, "osm_id": "osm:w770887919", "osm_key": "natural", "green_type": "wood"}}, {"type": "Feature", "geometry": {"type": "MultiPolygon", "coordinates": [[[[127.0099427, 37.5707234], [127.0099546, 37.5707324], [127.0099623, 37.5707439], [127.0099648, 37.5707567], [127.009962, 37.5707695], [127.009954, 37.5707809], [127.0099418, 37.5707896], [127.0099267, 37.5707948], [127.0099103, 37.5707957], [127.0098944, 37.5707924], [127.0098807, 37.5707852], [127.0098708, 37.5707748], [127.0098656, 37.5707624], [127.0098658, 37.5707494], [127.0098713, 37.5707371], [127.0098815, 37.5707269], [127.0098954, 37.5707199], [127.0099114, 37.5707168], [127.0099277, 37.5707181], [127.0099427, 37.5707234]]]]}, "properties": {"name": null, "osm_id": "osm:w770887920", "osm_key": "natural", "green_type": "wood"}}, {"type": "Feature", "geometry": {"type": "MultiPolygon", "coordinates": [[[[127.0099269, 37.570785], [127.0099388, 37.570794], [127.0099465, 37.5708055], [127.009949, 37.5708183], [127.0099462, 37.5708311], [127.0099382, 37.5708425], [127.009926, 37.5708512], [127.0099109, 37.5708564], [127.0098945, 37.5708573], [127.0098786, 37.570854], [127.0098649, 37.5708468], [127.009855, 37.5708364], [127.0098498, 37.570824], [127.00985, 37.570811], [127.0098555, 37.5707987], [127.0098657, 37.5707885], [127.0098796, 37.5707815], [127.0098956, 37.5707784], [127.0099119, 37.5707797], [127.0099269, 37.570785]]]]}, "properties": {"name": null, "osm_id": "osm:w770887921", "osm_key": "natural", "green_type": "wood"}}, {"type": "Feature", "geometry": {"type": "MultiPolygon", "coordinates": [[[[127.0100972, 37.5709093], [127.0101091, 37.5709183], [127.0101168, 37.5709298], [127.0101193, 37.5709426], [127.0101165, 37.5709554], [127.0101085, 37.5709668], [127.0100963, 37.5709755], [127.0100812, 37.5709807], [127.0100648, 37.5709816], [127.0100489, 37.5709783], [127.0100352, 37.5709711], [127.0100253, 37.5709607], [127.0100201, 37.5709483], [127.0100203, 37.5709353], [127.0100258, 37.570923], [127.010036, 37.5709128], [127.0100499, 37.5709058], [127.0100659, 37.5709027], [127.0100822, 37.570904], [127.0100972, 37.5709093]]]]}, "properties": {"name": null, "osm_id": "osm:w770887922", "osm_key": "natural", "green_type": "wood"}}, {"type": "Feature", "geometry": {"type": "MultiPolygon", "coordinates": [[[[127.0100318, 37.5708503], [127.0100437, 37.5708593], [127.0100514, 37.5708708], [127.0100539, 37.5708836], [127.0100511, 37.5708964], [127.0100431, 37.5709078], [127.0100309, 37.5709165], [127.0100158, 37.5709217], [127.0099994, 37.5709226], [127.0099835, 37.5709193], [127.0099698, 37.5709121], [127.0099599, 37.5709017], [127.0099547, 37.5708893], [127.0099549, 37.5708763], [127.0099604, 37.570864], [127.0099706, 37.5708538], [127.0099845, 37.5708468], [127.0100005, 37.5708437], [127.0100168, 37.570845], [127.0100318, 37.5708503]]]]}, "properties": {"name": null, "osm_id": "osm:w770887923", "osm_key": "natural", "green_type": "wood"}}, {"type": "Feature", "geometry": {"type": "MultiPolygon", "coordinates": [[[[127.010219, 37.5709531], [127.0102309, 37.5709621], [127.0102386, 37.5709736], [127.0102411, 37.5709864], [127.0102383, 37.5709992], [127.0102303, 37.5710106], [127.0102181, 37.5710193], [127.010203, 37.5710245], [127.0101866, 37.5710254], [127.0101707, 37.5710221], [127.010157, 37.5710149], [127.0101471, 37.5710045], [127.0101419, 37.5709921], [127.0101421, 37.5709791], [127.0101476, 37.5709668], [127.0101578, 37.5709566], [127.0101717, 37.5709496], [127.0101877, 37.5709465], [127.010204, 37.5709478], [127.010219, 37.5709531]]]]}, "properties": {"name": null, "osm_id": "osm:w770887924", "osm_key": "natural", "green_type": "wood"}}, {"type": "Feature", "geometry": {"type": "MultiPolygon", "coordinates": [[[[127.0102765, 37.5710076], [127.0102884, 37.5710166], [127.0102961, 37.5710281], [127.0102986, 37.5710409], [127.0102958, 37.5710537], [127.0102878, 37.5710651], [127.0102756, 37.5710738], [127.0102605, 37.571079], [127.0102441, 37.5710799], [127.0102282, 37.5710766], [127.0102145, 37.5710694], [127.0102046, 37.571059], [127.0101994, 37.5710466], [127.0101996, 37.5710336], [127.0102051, 37.5710213], [127.0102153, 37.5710111], [127.0102292, 37.5710041], [127.0102452, 37.571001], [127.0102615, 37.5710023], [127.0102765, 37.5710076]]]]}, "properties": {"name": null, "osm_id": "osm:w770887925", "osm_key": "natural", "green_type": "wood"}}, {"type": "Feature", "geometry": {"type": "MultiPolygon", "coordinates": [[[[127.0103329, 37.5710666], [127.0103448, 37.5710756], [127.0103525, 37.5710871], [127.010355, 37.5710999], [127.0103522, 37.5711127], [127.0103442, 37.5711241], [127.010332, 37.5711328], [127.0103169, 37.571138], [127.0103005, 37.5711389], [127.0102846, 37.5711356], [127.0102709, 37.5711284], [127.010261, 37.571118], [127.0102558, 37.5711056], [127.010256, 37.5710926], [127.0102615, 37.5710803], [127.0102717, 37.5710701], [127.0102856, 37.5710631], [127.0103016, 37.57106], [127.0103179, 37.5710613], [127.0103329, 37.5710666]]]]}, "properties": {"name": null, "osm_id": "osm:w770887926", "osm_key": "natural", "green_type": "wood"}}, {"type": "Feature", "geometry": {"type": "MultiPolygon", "coordinates": [[[[127.0094304, 37.5691378], [127.0094377, 37.5691403], [127.0094496, 37.5691493], [127.009456, 37.5691594], [127.0094009, 37.56921], [127.0093894, 37.5692093], [127.0093757, 37.5692021], [127.0093658, 37.5691917], [127.0093606, 37.5691793], [127.0093608, 37.5691663], [127.0093663, 37.569154], [127.0093765, 37.5691438], [127.0093904, 37.5691368], [127.009393, 37.5691363], [127.0093802, 37.5691297], [127.0093703, 37.5691193], [127.0093651, 37.5691069], [127.0093653, 37.5690939], [127.0093708, 37.5690816], [127.009381, 37.5690714], [127.0093883, 37.5690677], [127.0093858, 37.5690662], [127.0093759, 37.5690558], [127.0093707, 37.5690434], [127.0093709, 37.5690304], [127.0093764, 37.5690181], [127.0093866, 37.5690079], [127.0094005, 37.5690009], [127.0094165, 37.5689978], [127.0094328, 37.5689991], [127.0094478, 37.5690044], [127.0094597, 37.5690134], [127.0094674, 37.5690249], [127.0094699, 37.5690377], [127.0094671, 37.5690505], [127.0094591, 37.5690619], [127.0094465, 37.5690707], [127.0094541, 37.5690769], [127.0094618, 37.5690884], [127.0094643, 37.5691012], [127.0094615, 37.569114], [127.0094535, 37.5691254], [127.0094413, 37.5691341], [127.0094304, 37.5691378]]]]}, "properties": {"name": null, "osm_id": "osm:w770892129", "osm_key": "natural", "green_type": "wood"}}, {"type": "Feature", "geometry": {"type": "MultiPolygon", "coordinates": [[[[126.9919123, 37.577432], [126.9918712, 37.5770225], [126.9918256, 37.5768312], [126.99178, 37.576744], [126.9920402, 37.5769949], [126.9923967, 37.577301], [126.9927683, 37.5775194], [126.992945, 37.577335], [126.993095, 37.5772346], [126.9933675, 37.5771242], [126.9935835, 37.577039], [126.9941081, 37.5768975], [126.9944195, 37.5768606], [126.9947057, 37.5768624], [126.9947567, 37.5768607], [126.9947901, 37.5768593], [126.9948237, 37.576858], [126.9949527, 37.5768543], [126.9951126, 37.5768269], [126.9952601, 37.5767745], [126.9953848, 37.5767123], [126.995433, 37.5766615], [126.9955291, 37.5763852], [126.9955704, 37.5762894], [126.9956216, 37.5763528], [126.9957994, 37.5766037], [126.9957346, 37.576651], [126.9956776, 37.5767033], [126.9954766, 37.5768071], [126.9952925, 37.5768735], [126.9951224, 37.5769136], [126.994681, 37.5771102], [126.9937856, 37.5774628], [126.9931739, 37.5776987], [126.9930598, 37.5777221], [126.9930302, 37.5777047], [126.9928911, 37.5775782], [126.9927439, 37.5775973], [126.9926985, 37.5776466], [126.9925858, 37.577772], [126.9925873, 37.5776963], [126.9924646, 37.5777043], [126.9924223, 37.5774342], [126.9919123, 37.577432]]]]}, "properties": {"name": null, "osm_id": "osm:w770899856", "osm_key": "leisure", "green_type": "park"}}, {"type": "Feature", "geometry": {"type": "MultiPolygon", "coordinates": [[[[126.9945321, 37.57157], [126.9944717, 37.5716072], [126.994406, 37.5715913], [126.9943644, 37.5715275], [126.9943617, 37.5714552], [126.9943456, 37.5713999], [126.9943309, 37.5713617], [126.9943228, 37.5713213], [126.9943497, 37.5712713], [126.9944315, 37.5712288], [126.9945321, 37.5712426], [126.994579, 37.5712862], [126.9946219, 37.5713362], [126.9946018, 37.5713702], [126.9946152, 37.5713946], [126.9946152, 37.5714403], [126.9945937, 37.5714892], [126.9945736, 37.5715264], [126.9945321, 37.57157]]]]}, "properties": {"name": null, "osm_id": "osm:w771233450", "osm_key": "landuse", "green_type": "forest"}}, {"type": "Feature", "geometry": {"type": "MultiPolygon", "coordinates": [[[[126.9941472, 37.571671], [126.9940935, 37.5716816], [126.9940533, 37.5716412], [126.994056, 37.5715966], [126.9940882, 37.5715349], [126.9940882, 37.5714712], [126.9941069, 37.5714371], [126.9941713, 37.571435], [126.9941857, 37.5714597], [126.994174, 37.5715264], [126.9941713, 37.5715817], [126.9941606, 37.5716115], [126.9941472, 37.571671]]]]}, "properties": {"name": null, "osm_id": "osm:w771233451", "osm_key": "landuse", "green_type": "forest"}}, {"type": "Feature", "geometry": {"type": "MultiPolygon", "coordinates": [[[[126.995222, 37.5720078], [126.9950844, 37.5720337], [126.9950111, 37.5720337], [126.9949615, 37.5720257], [126.9949254, 37.5720033], [126.9949232, 37.5719846], [126.9949333, 37.5719747], [126.9949739, 37.5719711], [126.9951295, 37.571939], [126.995169, 37.57193], [126.9951882, 37.5719291], [126.9951995, 37.5719381], [126.9952254, 37.5719926], [126.995222, 37.5720078]]]]}, "properties": {"name": null, "osm_id": "osm:w771233464", "osm_key": "landuse", "green_type": "forest"}}, {"type": "Feature", "geometry": {"type": "MultiPolygon", "coordinates": [[[[126.9951656, 37.5718576], [126.9951115, 37.5718835], [126.9950168, 37.5719148], [126.9949852, 37.5719175], [126.9949671, 37.5719104], [126.9949581, 37.5718979], [126.9949592, 37.571871], [126.9949998, 37.5718255], [126.9950673, 37.5716147], [126.9950888, 37.5716019], [126.995121, 37.5716242], [126.9951532, 37.5716922], [126.9951853, 37.5717273], [126.995192, 37.5717667], [126.995184, 37.5718251], [126.9951656, 37.5718576]]]]}, "properties": {"name": null, "osm_id": "osm:w771233465", "osm_key": "landuse", "green_type": "forest"}}, {"type": "Feature", "geometry": {"type": "MultiPolygon", "coordinates": [[[[126.9952859, 37.571435], [126.9952323, 37.5714414], [126.9952068, 37.5714329], [126.9952095, 37.5714148], [126.9952202, 37.5713744], [126.9951813, 37.5713606], [126.9951813, 37.5713415], [126.9952444, 37.5711129], [126.9952712, 37.5710917], [126.9953101, 37.5710874], [126.9954241, 37.5710991], [126.9955126, 37.5710757], [126.9955501, 37.5710747], [126.9955796, 37.5711097], [126.9956453, 37.5712139], [126.9956494, 37.5712394], [126.9956373, 37.5712522], [126.9955126, 37.5712458], [126.9954925, 37.5712639], [126.9954656, 37.5713425], [126.9954469, 37.5713702], [126.9954281, 37.5713851], [126.995357, 37.5714106], [126.9952859, 37.571435]]]]}, "properties": {"name": null, "osm_id": "osm:w771233467", "osm_key": "landuse", "green_type": "forest"}}, {"type": "Feature", "geometry": {"type": "MultiPolygon", "coordinates": [[[[127.0085585, 37.5733409], [127.0086591, 37.5733632], [127.008694, 37.5735014], [127.0087156, 37.5735024], [127.0087094, 37.5731831], [127.0086886, 37.5730498], [127.0084526, 37.573056], [127.0084431, 37.5731105], [127.0084797, 37.5732601], [127.0085242, 37.5733284], [127.0085585, 37.5733409]]]]}, "properties": {"name": null, "osm_id": "osm:w772201619", "osm_key": "landuse", "green_type": "grass"}}, {"type": "Feature", "geometry": {"type": "MultiPolygon", "coordinates": [[[[127.0083341, 37.5726404], [127.0081886, 37.5725626], [127.0081469, 37.5726118], [127.0081119, 37.5726029], [127.0080273, 37.5727074], [127.0080341, 37.5727146], [127.008272, 37.5727298], [127.0083059, 37.5727253], [127.0082968, 37.572677], [127.0083341, 37.5726404]]]]}, "properties": {"name": null, "osm_id": "osm:w772201621", "osm_key": "landuse", "green_type": "grass"}}, {"type": "Feature", "geometry": {"type": "MultiPolygon", "coordinates": [[[[127.0082107, 37.574376], [127.0081364, 37.5743663], [127.0081468, 37.5743157], [127.0082426, 37.5743281], [127.0082371, 37.5743545], [127.0082157, 37.5743517], [127.0082107, 37.574376]]]]}, "properties": {"name": null, "osm_id": "osm:w772201642", "osm_key": "leisure", "green_type": "garden"}}, {"type": "Feature", "geometry": {"type": "MultiPolygon", "coordinates": [[[[127.0070867, 37.5741503], [127.0069652, 37.5741197], [127.0069221, 37.5742274], [127.0070435, 37.574258], [127.0070867, 37.5741503]]]]}, "properties": {"name": null, "osm_id": "osm:w772206474", "osm_key": "leisure", "green_type": "garden"}}, {"type": "Feature", "geometry": {"type": "MultiPolygon", "coordinates": [[[[126.9899279, 37.5736747], [126.9899305, 37.5736747], [126.9899306, 37.5736717], [126.9899354, 37.5736717], [126.9899354, 37.5736695], [126.9899358, 37.5736364], [126.9899, 37.5736362], [126.9899002, 37.5736194], [126.9898538, 37.573619], [126.9898531, 37.5736741], [126.9899279, 37.5736747]]]]}, "properties": {"name": null, "osm_id": "osm:w772257028", "osm_key": "leisure", "green_type": "garden"}}, {"type": "Feature", "geometry": {"type": "MultiPolygon", "coordinates": [[[[126.9898334, 37.5735404], [126.9898331, 37.573556], [126.9899086, 37.5735569], [126.9899094, 37.5735152], [126.9898338, 37.5735144], [126.9898334, 37.5735404]]]]}, "properties": {"name": null, "osm_id": "osm:w772257032", "osm_key": "leisure", "green_type": "garden"}}, {"type": "Feature", "geometry": {"type": "MultiPolygon", "coordinates": [[[[126.9899256, 37.5733814], [126.9898856, 37.5733809], [126.9898852, 37.5734018], [126.9898359, 37.5734012], [126.9898355, 37.5734197], [126.9897955, 37.5734193], [126.9897952, 37.5734325], [126.9899247, 37.573434], [126.9899256, 37.5733814]]]]}, "properties": {"name": null, "osm_id": "osm:w772257041", "osm_key": "leisure", "green_type": "garden"}}, {"type": "Feature", "geometry": {"type": "MultiPolygon", "coordinates": [[[[126.9901012, 37.5732824], [126.9901014, 37.5732477], [126.9900476, 37.5732457], [126.9900471, 37.5732815], [126.9901012, 37.5732824]]]]}, "properties": {"name": null, "osm_id": "osm:w772258528", "osm_key": "leisure", "green_type": "garden"}}, {"type": "Feature", "geometry": {"type": "MultiPolygon", "coordinates": [[[[126.9899333, 37.5730736], [126.9898988, 37.5730677], [126.9899364, 37.5729303], [126.9900398, 37.5729481], [126.9900339, 37.5729695], [126.9899651, 37.5729576], [126.9899333, 37.5730736]]]]}, "properties": {"name": null, "osm_id": "osm:w772258549", "osm_key": "leisure", "green_type": "garden"}}, {"type": "Feature", "geometry": {"type": "MultiPolygon", "coordinates": [[[[126.9901833, 37.5778838], [126.9902806, 37.5779034], [126.9905924, 37.5776114], [126.990413, 37.5776481], [126.9901833, 37.5778838]]]]}, "properties": {"name": null, "osm_id": "osm:w772264511", "osm_key": "landuse", "green_type": "grass"}}, {"type": "Feature", "geometry": {"type": "MultiPolygon", "coordinates": [[[[126.989773, 37.5735826], [126.9897732, 37.5735669], [126.9897467, 37.5735667], [126.9897469, 37.5735466], [126.9897224, 37.5735464], [126.989722, 37.5735822], [126.989773, 37.5735826]]]]}, "properties": {"name": null, "osm_id": "osm:w772267776", "osm_key": "leisure", "green_type": "garden"}}, {"type": "Feature", "geometry": {"type": "MultiPolygon", "coordinates": [[[[126.98961, 37.5733512], [126.989603, 37.5733512], [126.9896026, 37.5733799], [126.989576, 37.5733797], [126.9895757, 37.573405], [126.9896301, 37.5734055], [126.9896306, 37.5733706], [126.9896097, 37.5733704], [126.98961, 37.5733512]]]]}, "properties": {"name": null, "osm_id": "osm:w772267782", "osm_key": "leisure", "green_type": "garden"}}, {"type": "Feature", "geometry": {"type": "MultiPolygon", "coordinates": [[[[126.9897469, 37.5732926], [126.9897472, 37.5732555], [126.9897067, 37.5732553], [126.9897064, 37.5732924], [126.9897469, 37.5732926]]]]}, "properties": {"name": null, "osm_id": "osm:w772267786", "osm_key": "leisure", "green_type": "garden"}}, {"type": "Feature", "geometry": {"type": "MultiPolygon", "coordinates": [[[[126.9893796, 37.5734047], [126.9893442, 37.5734], [126.9893367, 37.5734356], [126.989372, 37.5734403], [126.9893796, 37.5734047]]]]}, "properties": {"name": null, "osm_id": "osm:w772267790", "osm_key": "leisure", "green_type": "garden"}}, {"type": "Feature", "geometry": {"type": "MultiPolygon", "coordinates": [[[[126.9893814, 37.5735483], [126.9893298, 37.573543], [126.9893368, 37.5735], [126.9893865, 37.573509], [126.9893814, 37.5735483]]]]}, "properties": {"name": null, "osm_id": "osm:w772267793", "osm_key": "leisure", "green_type": "garden"}}, {"type": "Feature", "geometry": {"type": "MultiPolygon", "coordinates": [[[[126.990729, 37.5730264], [126.9907366, 37.5730061], [126.9907822, 37.5730167], [126.9907746, 37.5730371], [126.990729, 37.5730264]]]]}, "properties": {"name": null, "osm_id": "osm:w772267809", "osm_key": "leisure", "green_type": "garden"}}, {"type": "Feature", "geometry": {"type": "MultiPolygon", "coordinates": [[[[126.9894407, 37.5739175], [126.9894469, 37.5738796], [126.9894873, 37.5738838], [126.9894811, 37.5739216], [126.9894407, 37.5739175]]]]}, "properties": {"name": null, "osm_id": "osm:w772267815", "osm_key": "leisure", "green_type": "garden"}}, {"type": "Feature", "geometry": {"type": "MultiPolygon", "coordinates": [[[[126.9898976, 37.5740039], [126.9899376, 37.5740087], [126.9899253, 37.5740467], [126.9899049, 37.5740437], [126.9898707, 37.5741282], [126.9898625, 37.5741275], [126.9898652, 37.5740988], [126.9898809, 37.5740474], [126.9898935, 37.574048], [126.9898976, 37.5740039]]]]}, "properties": {"name": null, "osm_id": "osm:w772267825", "osm_key": "leisure", "green_type": "garden"}}, {"type": "Feature", "geometry": {"type": "MultiPolygon", "coordinates": [[[[126.9900414, 37.5742103], [126.9900414, 37.5742005], [126.99011, 37.5742233], [126.9901097, 37.5742168], [126.9900139, 37.5741754], [126.9899817, 37.5741657], [126.98993, 37.5741499], [126.989929, 37.574162], [126.9899956, 37.5741772], [126.9899936, 37.5742065], [126.9900414, 37.5742103]]]]}, "properties": {"name": null, "osm_id": "osm:w772267833", "osm_key": "leisure", "green_type": "garden"}}, {"type": "Feature", "geometry": {"type": "MultiPolygon", "coordinates": [[[[126.9899242, 37.574161], [126.9899239, 37.5741454], [126.9898703, 37.5741315], [126.9898622, 37.5741311], [126.9898608, 37.5741458], [126.989778, 37.5741409], [126.9897773, 37.5741536], [126.9898313, 37.5741553], [126.9898297, 37.5741711], [126.9898576, 37.5741718], [126.9898584, 37.5741553], [126.9899242, 37.574161]]]]}, "properties": {"name": null, "osm_id": "osm:w772267834", "osm_key": "leisure", "green_type": "garden"}}, {"type": "Feature", "geometry": {"type": "MultiPolygon", "coordinates": [[[[126.9902223, 37.5739845], [126.9901888, 37.573975], [126.9902015, 37.5739467], [126.9901759, 37.5739395], [126.9901852, 37.5739188], [126.9901516, 37.5739093], [126.9901617, 37.573887], [126.990205, 37.5738993], [126.9901891, 37.5739346], [126.9902385, 37.5739486], [126.9902223, 37.5739845]]]]}, "properties": {"name": null, "osm_id": "osm:w772267840", "osm_key": "leisure", "green_type": "garden"}}, {"type": "Feature", "geometry": {"type": "MultiPolygon", "coordinates": [[[[127.0073925, 37.5746587], [127.0073199, 37.5746384], [127.0072904, 37.5746277], [127.0072768, 37.5746226], [127.0072888, 37.5745992], [127.0073024, 37.5745961], [127.0074084, 37.5746302], [127.0073925, 37.5746587]]]]}, "properties": {"name": null, "osm_id": "osm:w772534207", "osm_key": "leisure", "green_type": "garden"}}, {"type": "Feature", "geometry": {"type": "MultiPolygon", "coordinates": [[[[127.0079764, 37.5730021], [127.0077353, 37.5730039], [127.0077341, 37.5729909], [127.0077544, 37.5729712], [127.0078435, 37.5729593], [127.0078797, 37.5729168], [127.0078716, 37.5728801], [127.0079212, 37.572827], [127.0079474, 37.5728227], [127.0079662, 37.5728222], [127.0079764, 37.5730021]]]]}, "properties": {"name": null, "osm_id": "osm:w772534773", "osm_key": "leisure", "green_type": "garden"}}, {"type": "Feature", "geometry": {"type": "MultiPolygon", "coordinates": [[[[127.0081581, 37.5730001], [127.0081447, 37.5727649], [127.0081639, 37.5727642], [127.0081773, 37.5729994], [127.0081581, 37.5730001]]]]}, "properties": {"name": null, "osm_id": "osm:w772534775", "osm_key": "leisure", "green_type": "garden"}}, {"type": "Feature", "geometry": {"type": "MultiPolygon", "coordinates": [[[[127.0081777, 37.5730964], [127.0082098, 37.5730783], [127.0080217, 37.573073], [127.0077037, 37.5730801], [127.0076541, 37.5730837], [127.007627, 37.5731134], [127.0076721, 37.5731134], [127.0076895, 37.5731028], [127.0081777, 37.5730964]]]]}, "properties": {"name": null, "osm_id": "osm:w772534776", "osm_key": "leisure", "green_type": "garden"}}, {"type": "Feature", "geometry": {"type": "MultiPolygon", "coordinates": [[[[126.9886874, 37.5831005], [126.9886933, 37.5830319], [126.9886832, 37.5829628], [126.9886684, 37.5829671], [126.9886699, 37.5829881], [126.9886708, 37.5830916], [126.9886562, 37.5830936], [126.9886558, 37.5831047], [126.98866, 37.5831088], [126.9886694, 37.5831119], [126.9886804, 37.5831119], [126.9886949, 37.5831085], [126.9887786, 37.5831099], [126.9887816, 37.5831192], [126.9887762, 37.5831571], [126.9888036, 37.5831616], [126.9888189, 37.5831657], [126.9887705, 37.583282], [126.9888297, 37.5832981], [126.9888035, 37.5833535], [126.9888226, 37.5833553], [126.9888012, 37.5833795], [126.9887502, 37.58352], [126.9887458, 37.5835527], [126.9887134, 37.5835348], [126.9886618, 37.5835262], [126.9886313, 37.5835249], [126.9886298, 37.5835264], [126.9887466, 37.5835875], [126.9888602, 37.5832786], [126.9888877, 37.5831273], [126.9887804, 37.5831016], [126.9886874, 37.5831005]]]]}, "properties": {"name": null, "osm_id": "osm:w772867897", "osm_key": "leisure", "green_type": "garden"}}, {"type": "Feature", "geometry": {"type": "MultiPolygon", "coordinates": [[[[126.9863784, 37.5714938], [126.9863626, 37.5714891], [126.9863505, 37.5714944], [126.9863397, 37.5715165], [126.9861856, 37.5718317], [126.9862028, 37.5718373], [126.9863784, 37.5714938]]]]}, "properties": {"name": null, "osm_id": "osm:w775107701", "osm_key": "leisure", "green_type": "garden"}}, {"type": "Feature", "geometry": {"type": "MultiPolygon", "coordinates": [[[[126.9861473, 37.5714451], [126.9860922, 37.5714283], [126.9861056, 37.5714009], [126.9861606, 37.5714177], [126.9861473, 37.5714451]]]]}, "properties": {"name": null, "osm_id": "osm:w775107702", "osm_key": "leisure", "green_type": "garden"}}, {"type": "Feature", "geometry": {"type": "MultiPolygon", "coordinates": [[[[126.9864255, 37.571185], [126.9863793, 37.5711827], [126.9863871, 37.5711633], [126.986429, 37.5711662], [126.9864255, 37.571185]]]]}, "properties": {"name": null, "osm_id": "osm:w775109790", "osm_key": "leisure", "green_type": "garden"}}, {"type": "Feature", "geometry": {"type": "MultiPolygon", "coordinates": [[[[126.9863313, 37.571404], [126.9863578, 37.5713429], [126.9863257, 37.5713341], [126.9862992, 37.5713952], [126.9863313, 37.571404]]]]}, "properties": {"name": null, "osm_id": "osm:w775109791", "osm_key": "leisure", "green_type": "garden"}}, {"type": "Feature", "geometry": {"type": "MultiPolygon", "coordinates": [[[[126.9828951, 37.5807934], [126.9829281, 37.5805879], [126.9826917, 37.5805629], [126.9826595, 37.5807696], [126.9828951, 37.5807934]]]]}, "properties": {"name": null, "osm_id": "osm:w776557661", "osm_key": "landuse", "green_type": "grass"}}, {"type": "Feature", "geometry": {"type": "MultiPolygon", "coordinates": [[[[126.9834889, 37.5808442], [126.9835219, 37.5806388], [126.9832863, 37.580615], [126.9832533, 37.5808204], [126.9834889, 37.5808442]]]]}, "properties": {"name": null, "osm_id": "osm:w776557662", "osm_key": "landuse", "green_type": "grass"}}, {"type": "Feature", "geometry": {"type": "MultiPolygon", "coordinates": [[[[126.9829377, 37.5805371], [126.9829989, 37.5801659], [126.982778, 37.5800358], [126.9827021, 37.5805133], [126.9829377, 37.5805371]]]]}, "properties": {"name": null, "osm_id": "osm:w776557663", "osm_key": "landuse", "green_type": "grass"}}, {"type": "Feature", "geometry": {"type": "MultiPolygon", "coordinates": [[[[126.9829978, 37.58052], [126.9830522, 37.580184], [126.9832914, 37.5802084], [126.983237, 37.5805443], [126.9829978, 37.58052]]]]}, "properties": {"name": null, "osm_id": "osm:w776557664", "osm_key": "landuse", "green_type": "grass"}}, {"type": "Feature", "geometry": {"type": "MultiPolygon", "coordinates": [[[[126.9829574, 37.5807627], [126.9829622, 37.5807288], [126.9829526, 37.580728], [126.982976, 37.5805558], [126.9831033, 37.5805666], [126.9831004, 37.5805881], [126.9830147, 37.5805808], [126.9829936, 37.5807372], [126.9830682, 37.5807435], [126.9830646, 37.5807703], [126.9829574, 37.5807627]]]]}, "properties": {"name": null, "osm_id": "osm:w776557668", "osm_key": "landuse", "green_type": "grass"}}, {"type": "Feature", "geometry": {"type": "MultiPolygon", "coordinates": [[[[126.9831802, 37.5807816], [126.9831851, 37.5807489], [126.9831945, 37.5807498], [126.9832199, 37.5805786], [126.9831033, 37.5805666], [126.9831004, 37.5805881], [126.9831805, 37.5805943], [126.9831573, 37.580751], [126.9830682, 37.5807435], [126.9830646, 37.5807703], [126.9831802, 37.5807816]]]]}, "properties": {"name": null, "osm_id": "osm:w776557669", "osm_key": "landuse", "green_type": "grass"}}, {"type": "Feature", "geometry": {"type": "MultiPolygon", "coordinates": [[[[126.9832938, 37.580574], [126.9833558, 37.580222], [126.9838654, 37.5800551], [126.9839822, 37.5803623], [126.9837822, 37.5804843], [126.9837327, 37.5805333], [126.9837044, 37.580581], [126.9837026, 37.5806147], [126.9832938, 37.580574]]]]}, "properties": {"name": null, "osm_id": "osm:w776557670", "osm_key": "landuse", "green_type": "grass"}}, {"type": "Feature", "geometry": {"type": "MultiPolygon", "coordinates": [[[[126.9830432, 37.5801397], [126.9831559, 37.5800812], [126.9831827, 37.5798952], [126.9829516, 37.5798711], [126.9828877, 37.5798644], [126.9828085, 37.5799271], [126.9827899, 37.5799892], [126.9830432, 37.5801397]]]]}, "properties": {"name": null, "osm_id": "osm:w776557671", "osm_key": "landuse", "green_type": "grass"}}, {"type": "Feature", "geometry": {"type": "MultiPolygon", "coordinates": [[[[126.983235, 37.5800844], [126.9832591, 37.5799027], [126.9836641, 37.5799324], [126.9837285, 37.5800461], [126.9833329, 37.580163], [126.983235, 37.5800844]]]]}, "properties": {"name": null, "osm_id": "osm:w776557672", "osm_key": "landuse", "green_type": "grass"}}, {"type": "Feature", "geometry": {"type": "MultiPolygon", "coordinates": [[[[126.9821998, 37.5810481], [126.9822333, 37.580928], [126.9821823, 37.5808111], [126.9822159, 37.5806039], [126.9824988, 37.5805741], [126.9824586, 37.5803701], [126.9825511, 37.5803531], [126.9825645, 37.5803329], [126.9824733, 37.5801203], [126.9824902, 37.5800939], [126.9826924, 37.5800785], [126.9827369, 37.5800777], [126.9826128, 37.5807505], [126.9825967, 37.5807707], [126.9824586, 37.5807633], [126.9824143, 37.5807739], [126.9823835, 37.580792], [126.982358, 37.5808217], [126.9823272, 37.5809833], [126.9822601, 37.5810556], [126.9821998, 37.5810481]]]]}, "properties": {"name": null, "osm_id": "osm:w776557679", "osm_key": "leisure", "green_type": "garden"}}, {"type": "Feature", "geometry": {"type": "MultiPolygon", "coordinates": [[[[126.9823522, 37.5797706], [126.9822901, 37.5796454], [126.9828533, 37.5796955], [126.9828238, 37.5798367], [126.9827767, 37.5798428], [126.9827469, 37.5798442], [126.9827635, 37.5797455], [126.9823522, 37.5797706]]]]}, "properties": {"name": null, "osm_id": "osm:w776557680", "osm_key": "leisure", "green_type": "garden"}}, {"type": "Feature", "geometry": {"type": "MultiPolygon", "coordinates": [[[[126.9830274, 37.5809394], [126.9829117, 37.5809276], [126.9828613, 37.5808455], [126.9830397, 37.5808637], [126.9830274, 37.5809394]]]]}, "properties": {"name": null, "osm_id": "osm:w776557681", "osm_key": "leisure", "green_type": "garden"}}, {"type": "Feature", "geometry": {"type": "MultiPolygon", "coordinates": [[[[126.9830688, 37.5809437], [126.9831843, 37.5809555], [126.9832592, 37.5808861], [126.9830811, 37.5808679], [126.9830688, 37.5809437]]]]}, "properties": {"name": null, "osm_id": "osm:w776557682", "osm_key": "leisure", "green_type": "garden"}}, {"type": "Feature", "geometry": {"type": "MultiPolygon", "coordinates": [[[[126.9832727, 37.5809045], [126.983489, 37.580919], [126.9835643, 37.5809861], [126.9835622, 37.5810073], [126.9831966, 37.5809793], [126.9831975, 37.5809694], [126.9832727, 37.5809045]]]]}, "properties": {"name": null, "osm_id": "osm:w776557684", "osm_key": "leisure", "green_type": "garden"}}, {"type": "Feature", "geometry": {"type": "MultiPolygon", "coordinates": [[[[126.982879, 37.580955], [126.9828825, 37.5809346], [126.9828306, 37.5808544], [126.9827745, 37.5808487], [126.9826856, 37.5808925], [126.982516, 37.5808773], [126.9824663, 37.5809106], [126.9824629, 37.5809231], [126.982879, 37.580955]]]]}, "properties": {"name": null, "osm_id": "osm:w776557685", "osm_key": "leisure", "green_type": "garden"}}, {"type": "Feature", "geometry": {"type": "MultiPolygon", "coordinates": [[[[126.9829947, 37.5812867], [126.9830092, 37.5811772], [126.9829364, 37.5811711], [126.98293, 37.5812192], [126.9827171, 37.5812015], [126.9827208, 37.5811737], [126.9824252, 37.5811491], [126.9823873, 37.581436], [126.9824494, 37.5814389], [126.9824743, 37.5812448], [126.9829947, 37.5812867]]]]}, "properties": {"name": null, "osm_id": "osm:w776557687", "osm_key": "leisure", "green_type": "garden"}}, {"type": "Feature", "geometry": {"type": "MultiPolygon", "coordinates": [[[[126.9830341, 37.5812884], [126.9830469, 37.5811958], [126.983526, 37.5812367], [126.9835159, 37.5813302], [126.9830341, 37.5812884]]]]}, "properties": {"name": null, "osm_id": "osm:w776557688", "osm_key": "leisure", "green_type": "garden"}}, {"type": "Feature", "geometry": {"type": "MultiPolygon", "coordinates": [[[[126.9835414, 37.5813319], [126.9835514, 37.5812385], [126.983595, 37.5812385], [126.9835886, 37.5813361], [126.9835414, 37.5813319]]]]}, "properties": {"name": null, "osm_id": "osm:w776557691", "osm_key": "leisure", "green_type": "garden"}}, {"type": "Feature", "geometry": {"type": "MultiPolygon", "coordinates": [[[[126.9836775, 37.5813438], [126.9836241, 37.5813399], [126.9836355, 37.5812402], [126.9836477, 37.5811338], [126.9837612, 37.5811417], [126.9837317, 37.5813952], [126.9836848, 37.5813938], [126.9836718, 37.5813939], [126.9836775, 37.5813438]]]]}, "properties": {"name": null, "osm_id": "osm:w776557693", "osm_key": "leisure", "green_type": "garden"}}, {"type": "Feature", "geometry": {"type": "MultiPolygon", "coordinates": [[[[126.9837654, 37.5811035], [126.9836543, 37.5810958], [126.9836583, 37.5810495], [126.9837246, 37.5810532], [126.9837538, 37.5810459], [126.9838264, 37.5809784], [126.9838429, 37.5810302], [126.9839843, 37.5810003], [126.9840061, 37.5810918], [126.9839726, 37.5811063], [126.9837666, 37.5810914], [126.9837654, 37.5811035]]]]}, "properties": {"name": null, "osm_id": "osm:w776557695", "osm_key": "leisure", "green_type": "garden"}}, {"type": "Feature", "geometry": {"type": "MultiPolygon", "coordinates": [[[[126.98365, 37.5816554], [126.983473, 37.581642], [126.9834677, 37.5816848], [126.9831032, 37.5816645], [126.983082, 37.5817816], [126.9825325, 37.5817633], [126.9825255, 37.5817823], [126.9827095, 37.5818608], [126.9826555, 37.5819512], [126.982744, 37.5819947], [126.9829988, 37.5820003], [126.9832271, 37.5820424], [126.9834031, 37.5819064], [126.9834323, 37.5819057], [126.9834925, 37.5817963], [126.9836144, 37.5816828], [126.983647, 37.581682], [126.98365, 37.5816554]]]]}, "properties": {"name": null, "osm_id": "osm:w776557696", "osm_key": "leisure", "green_type": "garden"}}, {"type": "Feature", "geometry": {"type": "MultiPolygon", "coordinates": [[[[127.0062826, 37.5785637], [127.0062184, 37.5785258], [127.0061781, 37.5784998], [127.0061735, 37.5784786], [127.0061811, 37.578461], [127.0062208, 37.5784328], [127.0062429, 37.5784281], [127.0062622, 37.5784304], [127.0062762, 37.5784508], [127.0062867, 37.578454], [127.0063013, 37.5784559], [127.0063077, 37.5784661], [127.0063101, 37.5784985], [127.0063147, 37.5785174], [127.0063323, 37.5785216], [127.0064303, 37.5785248], [127.0064461, 37.5785197], [127.0064566, 37.5785049], [127.0064537, 37.5784786], [127.006456, 37.5784675], [127.0064671, 37.5784591], [127.006484, 37.5784559], [127.0064899, 37.5784494], [127.0064904, 37.5784383], [127.0065181, 37.5784029], [127.0065651, 37.5783902], [127.0065919, 37.5783902], [127.0066268, 37.5783615], [127.006663, 37.5783498], [127.0066885, 37.5783349], [127.0066911, 37.5783094], [127.0067206, 37.5782871], [127.0067314, 37.5782594], [127.0066925, 37.5782371], [127.0066818, 37.5782169], [127.0066804, 37.5781882], [127.0066804, 37.578167], [127.0066563, 37.5781574], [127.0066201, 37.5781638], [127.0065771, 37.5781733], [127.0065503, 37.5781957], [127.0065088, 37.5782031], [127.0064645, 37.5781978], [127.0064444, 37.5781925], [127.0064135, 37.5781999], [127.006384, 37.5781882], [127.006384, 37.578167], [127.0063881, 37.5781436], [127.0063907, 37.5781181], [127.0063881, 37.5780851], [127.0063948, 37.5780224], [127.0064122, 37.5779959], [127.0064404, 37.5779831], [127.0064913, 37.5779767], [127.0065275, 37.5779618], [127.0065356, 37.5779438], [127.0065302, 37.57788], [127.0065503, 37.5778481], [127.0065986, 37.5778237], [127.0066509, 37.5778184], [127.0067113, 37.5778184], [127.0067367, 37.5778162], [127.0067689, 37.5778056], [127.0067931, 37.5778056], [127.0068132, 37.5778152], [127.0068212, 37.5778343], [127.0068266, 37.5778619], [127.0068293, 37.5778928], [127.0068185, 37.5779161], [127.0068078, 37.577947], [127.0068293, 37.5779757], [127.0068454, 37.5780086], [127.0068534, 37.578066], [127.0068641, 37.5782031], [127.0068695, 37.578235], [127.0068856, 37.5782541], [127.0068923, 37.5782775], [127.0068843, 37.5783041], [127.0068601, 37.5783572], [127.0068695, 37.5783827], [127.0068561, 37.5784274], [127.0068132, 37.5785145], [127.0068118, 37.5785315], [127.0067984, 37.5785549], [127.006781, 37.578573], [127.0067582, 37.5785857], [127.00673, 37.5785921], [127.0067019, 37.5786155], [127.0066898, 37.5786421], [127.0066737, 37.5786644], [127.0066536, 37.5786814], [127.0066321, 37.5787037], [127.0064109, 37.5786357], [127.0062826, 37.5785637]]]]}, "properties": {"name": null, "osm_id": "osm:w776569995", "osm_key": "natural", "green_type": "wood"}}, {"type": "Feature", "geometry": {"type": "MultiPolygon", "coordinates": [[[[127.0064907, 37.5784004], [127.0065, 37.5782085], [127.0065584, 37.5781984], [127.0065859, 37.5781767], [127.0066523, 37.5781628], [127.006671, 37.5781682], [127.006671, 37.5782176], [127.0066905, 37.5782452], [127.0067213, 37.5782601], [127.0067139, 37.5782845], [127.0066878, 37.5783058], [127.0066838, 37.5783292], [127.006661, 37.5783462], [127.0066274, 37.5783542], [127.0065926, 37.5783828], [127.0065691, 37.5783834], [127.0065081, 37.5784041], [127.0064907, 37.5784004]]]]}, "properties": {"name": null, "osm_id": "osm:w776569996", "osm_key": "landuse", "green_type": "grass"}}, {"type": "Feature", "geometry": {"type": "MultiPolygon", "coordinates": [[[[127.0059731, 37.5783527], [127.0059053, 37.5783148], [127.0059923, 37.5781689], [127.0060016, 37.5781689], [127.0059731, 37.5783527]]]]}, "properties": {"name": null, "osm_id": "osm:w776569997", "osm_key": "landuse", "green_type": "grass"}}, {"type": "Feature", "geometry": {"type": "MultiPolygon", "coordinates": [[[[126.9986906, 37.5681265], [126.9986906, 37.568106], [126.9988274, 37.568106], [126.9988576, 37.568106], [126.9988703, 37.5680996], [126.998873, 37.5680645], [126.9989836, 37.568064], [126.9989816, 37.5681389], [126.9988824, 37.5681527], [126.9988824, 37.5681894], [126.9988602, 37.5681896], [126.9988244, 37.5681894], [126.998825, 37.5681273], [126.9986906, 37.5681265]]]]}, "properties": {"name": null, "osm_id": "osm:w777256106", "osm_key": "leisure", "green_type": "garden"}}, {"type": "Feature", "geometry": {"type": "MultiPolygon", "coordinates": [[[[126.9986107, 37.5681455], [126.9986278, 37.5681455], [126.9986277, 37.568056], [126.9986107, 37.568056], [126.9986107, 37.5681455]]]]}, "properties": {"name": null, "osm_id": "osm:w777256109", "osm_key": "leisure", "green_type": "garden"}}, {"type": "Feature", "geometry": {"type": "MultiPolygon", "coordinates": [[[[126.9944003, 37.572451], [126.9943024, 37.572416], [126.9943989, 37.5722565], [126.9942286, 37.5721789], [126.9944204, 37.5721821], [126.9945303, 37.5722108], [126.9944003, 37.572451]]]]}, "properties": {"name": null, "osm_id": "osm:w777541670", "osm_key": "natural", "green_type": "wood"}}, {"type": "Feature", "geometry": {"type": "MultiPolygon", "coordinates": [[[[126.9943922, 37.5724702], [126.9942822, 37.5724277], [126.9943037, 37.5723968], [126.9940663, 37.5723012], [126.9940583, 37.5722905], [126.9940958, 37.5722193], [126.9940985, 37.5721896], [126.9940583, 37.5721534], [126.9940019, 37.5721354], [126.9939336, 37.5721396], [126.9938129, 37.572231], [126.9934843, 37.572602], [126.9929814, 37.5732876], [126.9926823, 37.5737584], [126.9924785, 37.574072], [126.9924208, 37.5741539], [126.9920815, 37.5745748], [126.9920091, 37.5746736], [126.9917261, 37.5751275], [126.9916255, 37.5753029], [126.991478, 37.5757418], [126.991474, 37.5759565], [126.991659, 37.5764943], [126.9916966, 37.5765645], [126.9923479, 37.5772222], [126.9923947, 37.5772714], [126.9924536, 37.5772714], [126.9925217, 37.5772166], [126.9925136, 37.5771755], [126.9925136, 37.5771199], [126.9924536, 37.5767204], [126.9923185, 37.5762774], [126.9919648, 37.5757062], [126.9919648, 37.5756813], [126.992648, 37.5751679], [126.9926804, 37.5751251], [126.9928036, 37.5746868], [126.9928421, 37.5746233], [126.9932458, 37.5742302], [126.9932827, 37.5741899], [126.9937495, 37.5736307], [126.9938034, 37.573566], [126.9939529, 37.5732754], [126.9943922, 37.5724702]]]]}, "properties": {"name": null, "osm_id": "osm:w777541671", "osm_key": "natural", "green_type": "wood"}}, {"type": "Feature", "geometry": {"type": "MultiPolygon", "coordinates": [[[[126.9944449, 37.5726614], [126.9945804, 37.572391], [126.9946014, 37.5723947], [126.9946947, 37.5726651], [126.9946959, 37.5726882], [126.9946877, 37.5727012], [126.994669, 37.5727077], [126.9944449, 37.5726614]]]]}, "properties": {"name": null, "osm_id": "osm:w777541672", "osm_key": "natural", "green_type": "wood"}}, {"type": "Feature", "geometry": {"type": "MultiPolygon", "coordinates": [[[[126.9946049, 37.5723402], [126.9946217, 37.5723507], [126.9946332, 37.5723739], [126.9947562, 37.5726635], [126.9947757, 37.5727021], [126.9947907, 37.5727119], [126.9948155, 37.5727175], [126.9949111, 37.5727329], [126.9949641, 37.5725211], [126.9951969, 37.5725555], [126.9950096, 37.5733282], [126.9949911, 37.5733416], [126.9948802, 37.5733221], [126.9948355, 37.5733221], [126.9947631, 37.573344], [126.9947385, 37.5733685], [126.9947323, 37.5734039], [126.9947369, 37.5734515], [126.9949397, 37.5738901], [126.994963, 37.5739271], [126.9949817, 37.5740937], [126.994963, 37.5741325], [126.9948369, 37.5743824], [126.9948229, 37.5744212], [126.9948253, 37.5744638], [126.9948953, 37.57461], [126.9949331, 37.5746585], [126.9949609, 37.5747012], [126.99546, 37.5750748], [126.99548, 37.575109], [126.9954877, 37.575297], [126.9954785, 37.5753263], [126.9953968, 37.5756328], [126.995403, 37.5757048], [126.9954015, 37.5757732], [126.995366, 37.5758281], [126.9953321, 37.5759172], [126.9953337, 37.5759893], [126.9953475, 37.5760906], [126.9953044, 37.5761627], [126.995212, 37.5762396], [126.9948946, 37.5764129], [126.9947945, 37.5764484], [126.9937059, 37.576763], [126.993651, 37.5767855], [126.9930901, 37.5771361], [126.9930848, 37.5771515], [126.9930901, 37.5771712], [126.9931433, 37.5771954], [126.9932787, 37.5771478], [126.9935806, 37.5770318], [126.9937904, 37.5769728], [126.9941108, 37.5768883], [126.9942692, 37.5768667], [126.9944679, 37.5768503], [126.9948059, 37.57685], [126.9949356, 37.576846], [126.9949928, 37.5768403], [126.9950693, 37.5768253], [126.9951251, 37.5768133], [126.9952735, 37.5767445], [126.9953558, 37.5766989], [126.9953808, 37.5766772], [126.9954067, 37.5766351], [126.995434, 37.5765765], [126.9957533, 37.5757925], [126.9957568, 37.5757547], [126.9957215, 37.5755092], [126.9957816, 37.5751922], [126.9958029, 37.5751586], [126.9960878, 37.5747252], [126.9961019, 37.5746887], [126.9966741, 37.5728973], [126.9966776, 37.572864], [126.9966507, 37.5727039], [126.9966437, 37.5726808], [126.9964523, 37.5724032], [126.9964161, 37.5723708], [126.996297, 37.572256], [126.9962246, 37.5722102], [126.9961049, 37.5721459], [126.9959432, 37.5720909], [126.9959111, 37.5720793], [126.9957366, 37.5720414], [126.9955883, 37.5720205], [126.9955183, 37.5720187], [126.9954062, 37.5720437], [126.9950267, 37.5721464], [126.9949917, 37.5721533], [126.9949252, 37.572158], [126.9948318, 37.5721515], [126.9947943, 37.572146], [126.9947098, 37.5721239], [126.9946917, 37.5721782], [126.9946864, 37.572181], [126.9946448, 37.5722589], [126.9946049, 37.5723402]]]]}, "properties": {"name": null, "osm_id": "osm:w777541673", "osm_key": "natural", "green_type": "wood"}}, {"type": "Feature", "geometry": {"type": "MultiPolygon", "coordinates": [[[[126.9936453, 37.5743065], [126.9935126, 37.5740477], [126.993502, 37.5740393], [126.9934807, 37.5740393], [126.9934595, 37.5740463], [126.9932958, 37.5742378], [126.9929998, 37.5745163], [126.9929948, 37.5745218], [126.9929932, 37.5745282], [126.9929956, 37.5745334], [126.9930013, 37.5745362], [126.9930075, 37.5745365], [126.9930167, 37.5745325], [126.9936453, 37.5743065]]]]}, "properties": {"name": null, "osm_id": "osm:w777541674", "osm_key": "natural", "green_type": "wood"}}, {"type": "Feature", "geometry": {"type": "MultiPolygon", "coordinates": [[[[126.9929056, 37.5746115], [126.9929189, 37.5745947], [126.9929295, 37.5745842], [126.9929388, 37.5745807], [126.9929472, 37.5745824], [126.9929547, 37.5745901], [126.9929685, 37.5746077], [126.9931578, 37.5749686], [126.9931582, 37.5749731], [126.9931578, 37.5749777], [126.9931589, 37.5749918], [126.9931593, 37.5749982], [126.9931578, 37.575004], [126.9931524, 37.5750095], [126.9931428, 37.5750153], [126.9927863, 37.5751321], [126.9927282, 37.5751499], [126.9927125, 37.575155], [126.9927094, 37.5751556], [126.9927061, 37.575155], [126.9927037, 37.5751529], [126.9927032, 37.5751503], [126.9927031, 37.5751463], [126.9927961, 37.5748484], [126.9928468, 37.5746659], [126.9928489, 37.5746613], [126.9928529, 37.5746549], [126.9929056, 37.5746115]]]]}, "properties": {"name": null, "osm_id": "osm:w777541675", "osm_key": "landuse", "green_type": "forest"}}, {"type": "Feature", "geometry": {"type": "MultiPolygon", "coordinates": [[[[127.003627, 37.5723807], [127.0034455, 37.5723743], [127.0034447, 37.5723874], [127.0033868, 37.5723856], [127.003277, 37.5723822], [127.0032869, 37.5721815], [127.0032926, 37.5720761], [127.0031987, 37.5720697], [127.0032014, 37.5719821], [127.0036079, 37.5719962], [127.003627, 37.5723807]]]]}, "properties": {"name": null, "osm_id": "osm:w787195511", "osm_key": "leisure", "green_type": "garden"}}, {"type": "Feature", "geometry": {"type": "MultiPolygon", "coordinates": [[[[127.0031569, 37.5719805], [127.0031518, 37.5720665], [127.002394, 37.5720594], [127.00239, 37.572222], [127.0020601, 37.5722209], [127.0020477, 37.5719419], [127.0031569, 37.5719805]]]]}, "properties": {"name": null, "osm_id": "osm:w787195512", "osm_key": "leisure", "green_type": "garden"}}, {"type": "Feature", "geometry": {"type": "MultiPolygon", "coordinates": [[[[127.0020273, 37.57229], [127.0024343, 37.57229], [127.0024236, 37.5726578], [127.0024678, 37.5729235], [127.0023677, 37.5729272], [127.0022958, 37.5725323], [127.0020374, 37.5725435], [127.0020273, 37.57229]]]]}, "properties": {"name": null, "osm_id": "osm:w787195513", "osm_key": "leisure", "green_type": "garden"}}, {"type": "Feature", "geometry": {"type": "MultiPolygon", "coordinates": [[[[126.9930483, 37.5770959], [126.9930037, 37.5771292], [126.992963, 37.5771421], [126.99265, 37.5771405], [126.9925951, 37.5771244], [126.9925646, 37.5770938], [126.9925484, 37.5770567], [126.9925179, 37.5767265], [126.9924914, 37.5766604], [126.9924101, 37.576451], [126.992402, 37.576414], [126.9924122, 37.5763769], [126.9924406, 37.576306], [126.9924874, 37.5762545], [126.9932639, 37.5759355], [126.993272, 37.5759145], [126.9931744, 37.5757728], [126.9930504, 37.5756133], [126.9930382, 37.5755827], [126.9930382, 37.5755553], [126.9928143, 37.5751888], [126.9928116, 37.575158], [126.9928264, 37.5751368], [126.9931536, 37.5750315], [126.9931778, 37.57504], [126.9931965, 37.5750602], [126.9933253, 37.5753026], [126.9933414, 37.5753132], [126.9933736, 37.5753121], [126.9946396, 37.5749061], [126.9946652, 37.5748989], [126.9947633, 37.5750773], [126.9950708, 37.5749754], [126.9949127, 37.5746855], [126.9947807, 37.5744373], [126.9945394, 37.5745178], [126.9944336, 37.5742454], [126.9944441, 37.5742001], [126.994513, 37.5740844], [126.9948947, 37.5739891], [126.9949064, 37.5740548], [126.9949064, 37.5740918], [126.9948877, 37.5741362], [126.9947899, 37.5743544], [126.9947906, 37.5743916], [126.9948181, 37.5744681], [126.9948861, 37.5746151], [126.9949344, 37.5746752], [126.9949545, 37.5747017], [126.9949673, 37.5747129], [126.9954368, 37.5751088], [126.9954502, 37.5751449], [126.9954475, 37.5752906], [126.9954435, 37.5753299], [126.9953161, 37.5756828], [126.9952115, 37.5761079], [126.9951994, 37.5761366], [126.9951659, 37.5761621], [126.9948762, 37.5763534], [126.99484, 37.5763715], [126.9937148, 37.5766999], [126.993684, 37.5767095], [126.9936518, 37.5767233], [126.9930872, 37.5770645], [126.9930483, 37.5770959]]]]}, "properties": {"name": null, "osm_id": "osm:w777541676", "osm_key": "natural", "green_type": "wood"}}, {"type": "Feature", "geometry": {"type": "MultiPolygon", "coordinates": [[[[126.9943072, 37.5740902], [126.9936829, 37.5742943], [126.9935345, 37.5740083], [126.9935295, 37.5739866], [126.9935325, 37.5739584], [126.9935477, 37.5739366], [126.9938679, 37.5736047], [126.9939065, 37.5735468], [126.9939441, 37.5734686], [126.9943598, 37.572858], [126.994619, 37.57292], [126.9946861, 37.572771], [126.994744, 37.5727839], [126.9946851, 37.5730191], [126.9947176, 37.5730264], [126.9947217, 37.5730546], [126.9946993, 37.5733961], [126.9946993, 37.5734485], [126.9947074, 37.5734726], [126.9947867, 37.5736764], [126.9943182, 37.5738247], [126.9944584, 37.5741122], [126.9944198, 37.5741912], [126.9944198, 37.5742323], [126.9944117, 37.5742476], [126.9944035, 37.5742492], [126.9943304, 37.5740945], [126.9943072, 37.5740902]]]]}, "properties": {"name": null, "osm_id": "osm:w777541677", "osm_key": "natural", "green_type": "wood"}}, {"type": "Feature", "geometry": {"type": "MultiPolygon", "coordinates": [[[[126.9899313, 37.5787929], [126.9896889, 37.5787466], [126.9896624, 37.5787312], [126.9896624, 37.5787045], [126.9897491, 37.5785194], [126.9897774, 37.5785082], [126.9898128, 37.5785096], [126.9898765, 37.578532], [126.9899243, 37.5785404], [126.9899756, 37.5785362], [126.9900092, 37.5785488], [126.9900216, 37.5785615], [126.9900216, 37.5785867], [126.9900021, 37.5786288], [126.9900057, 37.5786568], [126.9900039, 37.5786877], [126.989972, 37.5787199], [126.9899667, 37.5787452], [126.9899667, 37.578769], [126.989965, 37.5787859], [126.9899313, 37.5787929]]]]}, "properties": {"name": null, "osm_id": "osm:w779290374", "osm_key": "natural", "green_type": "wood"}}, {"type": "Feature", "geometry": {"type": "MultiPolygon", "coordinates": [[[[126.9902552, 37.5784451], [126.9902994, 37.5784451], [126.9903436, 37.5784086], [126.9903967, 37.5783848], [126.9904321, 37.5783371], [126.9904534, 37.578281], [126.9904728, 37.5782375], [126.9905064, 37.5781688], [126.9905064, 37.5781141], [126.9904374, 37.5780706], [126.9903985, 37.5780243], [126.9903539, 37.5780167], [126.9903065, 37.5780075], [126.9902516, 37.5780496], [126.9902074, 37.5781197], [126.9901968, 37.5781716], [126.9901738, 37.5782543], [126.9901614, 37.5783202], [126.990149, 37.5783539], [126.9901543, 37.5783806], [126.9901826, 37.5783932], [126.9901985, 37.5784086], [126.9902056, 37.5784226], [126.9902092, 37.5784395], [126.9902552, 37.5784451]]]]}, "properties": {"name": null, "osm_id": "osm:w779290375", "osm_key": "natural", "green_type": "wood"}}, {"type": "Feature", "geometry": {"type": "MultiPolygon", "coordinates": [[[[126.9900216, 37.5783777], [126.9900021, 37.5784128], [126.9899738, 37.5784072], [126.9899632, 37.5783848], [126.9899738, 37.5783581], [126.9900711, 37.5780089], [126.9901083, 37.5779795], [126.9901515, 37.5779874], [126.9901649, 37.5780075], [126.9901667, 37.5780398], [126.990103, 37.5782052], [126.9901101, 37.5782249], [126.9901101, 37.5782501], [126.9901012, 37.5782908], [126.9900694, 37.5783595], [126.9900216, 37.5783777]]]]}, "properties": {"name": null, "osm_id": "osm:w779290376", "osm_key": "natural", "green_type": "wood"}}, {"type": "Feature", "geometry": {"type": "MultiPolygon", "coordinates": [[[[126.989565, 37.578518], [126.9895385, 37.5785545], [126.9895066, 37.5785601], [126.9894952, 37.578551], [126.9895845, 37.5782824], [126.9897256, 37.5778449], [126.9897566, 37.5778386], [126.9897743, 37.5778499], [126.9897845, 37.5778645], [126.989788, 37.5778995], [126.9898004, 37.5779191], [126.9896765, 37.5783567], [126.9896606, 37.5783876], [126.9896323, 37.5784296], [126.989565, 37.578518]]]]}, "properties": {"name": null, "osm_id": "osm:w779290377", "osm_key": "natural", "green_type": "wood"}}, {"type": "Feature", "geometry": {"type": "MultiPolygon", "coordinates": [[[[126.9910639, 37.5783341], [126.9910189, 37.5782654], [126.9909894, 37.5782303], [126.9909747, 37.5782154], [126.9909706, 37.578192], [126.9910337, 37.5780708], [126.9910436, 37.5780396], [126.9910996, 37.5778835], [126.9911061, 37.5778678], [126.9911477, 37.577853], [126.9911678, 37.5778551], [126.9912241, 37.5778668], [126.991259, 37.577905], [126.9913126, 37.5779422], [126.9921213, 37.5785194], [126.9921414, 37.5785247], [126.9921575, 37.5785268], [126.9921723, 37.5785066], [126.9924526, 37.5780198], [126.9926269, 37.5778147], [126.9926644, 37.5777956], [126.9927248, 37.5777807], [126.9929702, 37.5777562], [126.9931258, 37.5777307], [126.9932532, 37.5776967], [126.9934785, 37.5776255], [126.9938339, 37.5774682], [126.9942551, 37.577313], [126.9945, 37.577207], [126.9948022, 37.5770621], [126.9951281, 37.5769186], [126.9952983, 37.5768805], [126.9954927, 37.5768142], [126.9956975, 37.5767088], [126.9958088, 37.5766123], [126.9959129, 37.5765719], [126.9961146, 37.5764864], [126.9962538, 37.5764254], [126.996425, 37.5763948], [126.9967464, 37.5764931], [126.9968237, 37.5765821], [126.9969493, 37.5769686], [126.9969543, 37.5770821], [126.9966862, 37.5777689], [126.9966309, 37.5781256], [126.9965856, 37.5782481], [126.9965565, 37.5784547], [126.9963741, 37.5784367], [126.9964209, 37.5782243], [126.9965381, 37.5779007], [126.9966604, 37.5775973], [126.9966773, 37.5775045], [126.9966026, 37.5775366], [126.9965033, 37.5777434], [126.9963245, 37.5777374], [126.9962067, 37.5777288], [126.9961797, 37.5776979], [126.9961715, 37.5776361], [126.9961614, 37.5773711], [126.9961747, 37.5773283], [126.9961141, 37.5772928], [126.9960461, 37.5772968], [126.9959904, 37.5772647], [126.9959683, 37.5771856], [126.995938, 37.57719], [126.9959539, 37.5772443], [126.9959872, 37.5773689], [126.9958965, 37.5774724], [126.9959082, 37.577505], [126.9959492, 37.5775899], [126.9959533, 37.5776978], [126.9959049, 37.5778605], [126.9958273, 37.5780007], [126.9957972, 37.5780301], [126.9957578, 37.5780465], [126.9956712, 37.5780548], [126.9955971, 37.5780624], [126.9955048, 37.5782326], [126.9952777, 37.5781998], [126.9951013, 37.5780097], [126.994976, 37.5779423], [126.9948454, 37.5779004], [126.9947296, 37.5779446], [126.9947161, 37.5779651], [126.9946782, 37.5780228], [126.9946065, 37.5784355], [126.9945582, 37.5785452], [126.9945155, 37.5785741], [126.994467, 37.578591], [126.994407, 37.5785874], [126.9943517, 37.5785745], [126.9943201, 37.5785561], [126.9942579, 37.5785197], [126.9941118, 37.5781993], [126.9940421, 37.5780765], [126.9938956, 37.5780889], [126.9938688, 37.5781346], [126.9936864, 37.5782653], [126.9936542, 37.5782972], [126.9935737, 37.5783132], [126.993386, 37.5783355], [126.9931969, 37.5783791], [126.9930788, 37.5784163], [126.9930444, 37.5784172], [126.993024, 37.5784033], [126.9930278, 37.5783769], [126.9930783, 37.5782117], [126.9930707, 37.5781765], [126.9930106, 37.57815], [126.9929306, 37.5781449], [126.9928326, 37.5781235], [126.992685, 37.5783352], [126.9927851, 37.5783837], [126.9928543, 37.5783107], [126.9928973, 37.5783119], [126.9929501, 37.5782492], [126.9929842, 37.5782574], [126.993002, 37.5782805], [126.9929603, 37.578387], [126.9929491, 37.5784447], [126.9928576, 37.5784737], [126.9928133, 37.5785087], [126.9927677, 37.5785491], [126.9926323, 37.5786713], [126.9924633, 37.5788201], [126.9924083, 37.578885], [126.9923721, 37.5789126], [126.9923345, 37.5789201], [126.9922903, 37.5789179], [126.9922125, 37.5789062], [126.9921414, 37.5788829], [126.9921039, 37.5788573], [126.9920931, 37.5788308], [126.992132, 37.5787298], [126.9919362, 37.5786894], [126.9919054, 37.5787638], [126.9918786, 37.5787681], [126.9918343, 37.5787628], [126.991786, 37.5787415], [126.991778, 37.5787181], [126.9917858, 37.5786966], [126.9918468, 37.57852], [126.9910639, 37.5783341]]]]}, "properties": {"name": null, "osm_id": "osm:w779291299", "osm_key": "natural", "green_type": "wood"}}, {"type": "Feature", "geometry": {"type": "MultiPolygon", "coordinates": [[[[127.0005656, 37.5721873], [127.0005271, 37.5719194], [127.0005286, 37.5718987], [127.0005425, 37.5718645], [127.0007043, 37.5716801], [127.000732, 37.5716813], [127.0006966, 37.5717937], [127.0007181, 37.5717937], [127.0006983, 37.5721798], [127.0005656, 37.5721873]]]]}, "properties": {"name": null, "osm_id": "osm:w780560920", "osm_key": "leisure", "green_type": "garden"}}, {"type": "Feature", "geometry": {"type": "MultiPolygon", "coordinates": [[[[127.0014377, 37.5718263], [127.0013506, 37.5718539], [127.0013237, 37.5717795], [127.0013412, 37.5716743], [127.001419, 37.5716732], [127.0014176, 37.5717211], [127.0014377, 37.5718263]]]]}, "properties": {"name": null, "osm_id": "osm:w780560921", "osm_key": "landuse", "green_type": "grass"}}, {"type": "Feature", "geometry": {"type": "MultiPolygon", "coordinates": [[[[127.0008576, 37.572287], [127.0006346, 37.5723879], [127.0005949, 37.5724286], [127.0005459, 37.5726239], [127.0005529, 37.572659], [127.0005727, 37.5726775], [127.0007233, 37.5727358], [127.0007186, 37.5726044], [127.0008039, 37.5725952], [127.0007934, 37.5724619], [127.0008587, 37.5724591], [127.0008576, 37.572287]]]]}, "properties": {"name": null, "osm_id": "osm:w780563437", "osm_key": "leisure", "green_type": "garden"}}, {"type": "Feature", "geometry": {"type": "MultiPolygon", "coordinates": [[[[127.001439, 37.5721714], [127.001202, 37.5722269], [127.0009545, 37.5722343], [127.0014133, 37.5720964], [127.0014308, 37.5720946], [127.0014425, 37.5721066], [127.0014577, 37.5721538], [127.001439, 37.5721714]]]]}, "properties": {"name": null, "osm_id": "osm:w780563438", "osm_key": "leisure", "green_type": "garden"}}, {"type": "Feature", "geometry": {"type": "MultiPolygon", "coordinates": [[[[127.0078801, 37.5680818], [127.0078635, 37.5680713], [127.0078248, 37.5680467], [127.0077995, 37.5680743], [127.0077599, 37.5680505], [127.0076049, 37.5680843], [127.0075723, 37.5680704], [127.0075638, 37.5681407], [127.0074294, 37.5681833], [127.0074325, 37.5682736], [127.0077297, 37.5682289], [127.0077488, 37.568226], [127.0078801, 37.5680818]]]]}, "properties": {"name": "선큰가든", "osm_id": "osm:w785267628", "osm_key": "leisure", "green_type": "garden"}}, {"type": "Feature", "geometry": {"type": "MultiPolygon", "coordinates": [[[[127.0028701, 37.5728974], [127.0028678, 37.5729387], [127.0025753, 37.5729286], [127.0025775, 37.5728873], [127.0028701, 37.5728974]]]]}, "properties": {"name": null, "osm_id": "osm:w787195509", "osm_key": "leisure", "green_type": "garden"}}, {"type": "Feature", "geometry": {"type": "MultiPolygon", "coordinates": [[[[127.0033086, 37.5729119], [127.0033063, 37.5729532], [127.0030137, 37.5729432], [127.003016, 37.5729018], [127.0033086, 37.5729119]]]]}, "properties": {"name": null, "osm_id": "osm:w787195510", "osm_key": "leisure", "green_type": "garden"}}, {"type": "Feature", "geometry": {"type": "MultiPolygon", "coordinates": [[[[126.9951514, 37.5813341], [126.9953566, 37.5814613], [126.9955152, 37.5816034], [126.9953162, 37.5818086], [126.9952558, 37.581925], [126.9951466, 37.5820276], [126.9950815, 37.5822058], [126.9949634, 37.5822897], [126.99475, 37.5822819], [126.9946195, 37.5822487], [126.9945562, 37.5823609], [126.9941843, 37.5825773], [126.9940526, 37.5825687], [126.9938988, 37.5824368], [126.9939705, 37.582269], [126.9941446, 37.5822216], [126.9943246, 37.5822605], [126.9944321, 37.582213], [126.9944923, 37.5820667], [126.9944581, 37.5817949], [126.9946381, 37.5815607], [126.9947378, 37.5813892], [126.9948517, 37.5812885], [126.9951514, 37.5813341]]]]}, "properties": {"name": null, "osm_id": "osm:w789175761", "osm_key": "leisure", "green_type": "park"}}, {"type": "Feature", "geometry": {"type": "MultiPolygon", "coordinates": [[[[126.9969373, 37.5848067], [126.9969193, 37.5846278], [126.9968524, 37.5845538], [126.9967994, 37.584432], [126.996378, 37.5845132], [126.9958022, 37.5846607], [126.9956512, 37.5847308], [126.995487, 37.5848379], [126.995442, 37.584893], [126.9954396, 37.5850086], [126.9955344, 37.5849175], [126.9956907, 37.5848117], [126.9957751, 37.5847828], [126.9958373, 37.5847614], [126.995918, 37.5847702], [126.996333, 37.5848155], [126.9967651, 37.5848628], [126.9969818, 37.5848864], [126.9969904, 37.5848301], [126.9969373, 37.5848067]]]]}, "properties": {"name": "경학 어린이공원", "osm_id": "osm:w808268486", "osm_key": "leisure", "green_type": "park"}}, {"type": "Feature", "geometry": {"type": "MultiPolygon", "coordinates": [[[[126.9954109, 37.5850119], [126.9954109, 37.5848727], [126.9952984, 37.5849533], [126.9951336, 37.5852328], [126.9951244, 37.5853622], [126.9947023, 37.5859726], [126.9947515, 37.5859897], [126.9950535, 37.5855685], [126.9954109, 37.5850119]]]]}, "properties": {"name": null, "osm_id": "osm:w808268490", "osm_key": "leisure", "green_type": "park"}}, {"type": "Feature", "geometry": {"type": "MultiPolygon", "coordinates": [[[[126.979979, 37.5692954], [126.9806611, 37.5692476], [126.9806613, 37.5695296], [126.9799882, 37.5695361], [126.979979, 37.5692954]]]]}, "properties": {"name": null, "osm_id": "osm:w829964064", "osm_key": "leisure", "green_type": "park"}}, {"type": "Feature", "geometry": {"type": "MultiPolygon", "coordinates": [[[[127.0039845, 37.5674472], [127.0040024, 37.5673954], [127.0040546, 37.5673722], [127.0040902, 37.5673742], [127.0041437, 37.5673944], [127.0043678, 37.5675074], [127.0044149, 37.5675236], [127.0044722, 37.5675246], [127.0046899, 37.56746], [127.0047587, 37.5675549], [127.0045333, 37.5676275], [127.0043105, 37.5676679], [127.0041297, 37.5677032], [127.0037133, 37.567792], [127.0036369, 37.5676477], [127.0038457, 37.5675387], [127.0039177, 37.5675461], [127.0038945, 37.5675804], [127.0040732, 37.5676562], [127.0041632, 37.567523], [127.0039845, 37.5674472]]]]}, "properties": {"name": null, "osm_id": "osm:w837208911", "osm_key": "leisure", "green_type": "garden"}}, {"type": "Feature", "geometry": {"type": "MultiPolygon", "coordinates": [[[[127.0044452, 37.5674514], [127.0043637, 37.5674352], [127.0043001, 37.5674171], [127.0042071, 37.5673797], [127.0041409, 37.5673434], [127.0041053, 37.567305], [127.0040989, 37.5672738], [127.0044771, 37.567191], [127.0045025, 37.567192], [127.0045433, 37.5671981], [127.0045815, 37.5672193], [127.0046171, 37.5673242], [127.004612, 37.5673545], [127.0046006, 37.5673717], [127.0045789, 37.5673858], [127.0044758, 37.5674161], [127.0044592, 37.5674211], [127.0044452, 37.5674514]]]]}, "properties": {"name": null, "osm_id": "osm:w837208914", "osm_key": "leisure", "green_type": "garden"}}, {"type": "Feature", "geometry": {"type": "MultiPolygon", "coordinates": [[[[127.0037723, 37.579281], [127.0038774, 37.5788702], [127.0040105, 37.5788776], [127.0039872, 37.5793217], [127.0037723, 37.579281]]]]}, "properties": {"name": null, "osm_id": "osm:w926512606", "osm_key": "landuse", "green_type": "grass"}}, {"type": "Feature", "geometry": {"type": "MultiPolygon", "coordinates": [[[[126.9982815, 37.5665018], [126.9982966, 37.5662924], [126.998321, 37.5662739], [126.9983723, 37.5662915], [126.9984316, 37.5663496], [126.9986214, 37.5665286], [126.9986446, 37.5665581], [126.998626, 37.566572], [126.9985725, 37.566572], [126.9983355, 37.5665455], [126.998298, 37.5665227], [126.9982815, 37.5665018]]]]}, "properties": {"name": null, "osm_id": "osm:w976998655", "osm_key": "landuse", "green_type": "grass"}}, {"type": "Feature", "geometry": {"type": "MultiPolygon", "coordinates": [[[[126.9982989, 37.5670033], [126.9982909, 37.5670064], [126.998282, 37.5670073], [126.9982731, 37.567006], [126.9982668, 37.5670035], [126.9982614, 37.5669999], [126.9982574, 37.5669953], [126.9982545, 37.5669881], [126.9982546, 37.5669806], [126.9982696, 37.5668054], [126.9982725, 37.566794], [126.998279, 37.5667835], [126.9982888, 37.5667748], [126.9983028, 37.5667676], [126.9983189, 37.5667641], [126.9983361, 37.5667645], [126.9985443, 37.5667922], [126.9985549, 37.5667977], [126.9985629, 37.5668054], [126.9985671, 37.566813], [126.9985687, 37.5668212], [126.9985677, 37.5668295], [126.9985641, 37.5668374], [126.998558, 37.5668443], [126.99855, 37.5668498], [126.9982989, 37.5670033]]]]}, "properties": {"name": null, "osm_id": "osm:w976998656", "osm_key": "landuse", "green_type": "grass"}}, {"type": "Feature", "geometry": {"type": "MultiPolygon", "coordinates": [[[[126.9979402, 37.5670035], [126.9977002, 37.566789], [126.9976941, 37.5667817], [126.9976902, 37.5667713], [126.9976906, 37.5667605], [126.9976946, 37.5667514], [126.9977017, 37.5667436], [126.9977127, 37.5667371], [126.9977257, 37.5667337], [126.9977377, 37.5667336], [126.9977514, 37.5667344], [126.9979639, 37.566748], [126.9979808, 37.5667515], [126.9979922, 37.5667569], [126.9980015, 37.5667644], [126.9980082, 37.5667734], [126.998012, 37.5667844], [126.998012, 37.5667958], [126.9980017, 37.5669921], [126.9980001, 37.5669987], [126.9979964, 37.5670048], [126.9979897, 37.5670107], [126.997981, 37.5670147], [126.997972, 37.5670165], [126.9979626, 37.5670162], [126.9979537, 37.5670137], [126.997946, 37.5670094], [126.9979402, 37.5670035]]]]}, "properties": {"name": null, "osm_id": "osm:w976998657", "osm_key": "landuse", "green_type": "grass"}}, {"type": "Feature", "geometry": {"type": "MultiPolygon", "coordinates": [[[[126.989365, 37.5778532], [126.9893795, 37.5777647], [126.989523, 37.5777795], [126.9895085, 37.577868], [126.989365, 37.5778532]]]]}, "properties": {"name": null, "osm_id": "osm:w986085457", "osm_key": "leisure", "green_type": "garden"}}, {"type": "Feature", "geometry": {"type": "MultiPolygon", "coordinates": [[[[126.9871352, 37.5770907], [126.9872084, 37.5768654], [126.9873267, 37.576577], [126.9875089, 37.5765641], [126.9875424, 37.5764035], [126.9876292, 37.5764511], [126.9876188, 37.5766105], [126.9874586, 37.5766057], [126.9874237, 37.5766801], [126.98737, 37.576667], [126.987333, 37.5767723], [126.9873156, 37.5769218], [126.9873755, 37.5769285], [126.9873434, 37.5769701], [126.9873283, 37.5770299], [126.9873472, 37.5770605], [126.9873235, 37.5771546], [126.9871352, 37.5770907]]]]}, "properties": {"name": null, "osm_id": "osm:w986085459", "osm_key": "leisure", "green_type": "garden"}}, {"type": "Feature", "geometry": {"type": "MultiPolygon", "coordinates": [[[[126.9855103, 37.5725044], [126.9855519, 37.5724045], [126.9857343, 37.5724289], [126.9860601, 37.5725416], [126.9860427, 37.572599], [126.9859971, 37.5725926], [126.9860109, 37.5725473], [126.9858924, 37.5725307], [126.9858854, 37.5725598], [126.9855103, 37.5725044]]]]}, "properties": {"name": null, "osm_id": "osm:w997854905", "osm_key": "landuse", "green_type": "grass"}}, {"type": "Feature", "geometry": {"type": "MultiPolygon", "coordinates": [[[[126.9852594, 37.5724107], [126.9852767, 37.5723592], [126.985485, 37.572393], [126.9854596, 37.5724817], [126.9852594, 37.5724107]]]]}, "properties": {"name": null, "osm_id": "osm:w997854907", "osm_key": "landuse", "green_type": "grass"}}, {"type": "Feature", "geometry": {"type": "MultiPolygon", "coordinates": [[[[126.9827392, 37.5714287], [126.9828326, 37.5714204], [126.9828502, 37.5716083], [126.9826731, 37.571615], [126.9826695, 37.5715401], [126.9826946, 37.5715389], [126.9827495, 37.5715364], [126.9827392, 37.5714287]]]]}, "properties": {"name": null, "osm_id": "osm:w997854970", "osm_key": "landuse", "green_type": "grass"}}, {"type": "Feature", "geometry": {"type": "MultiPolygon", "coordinates": [[[[126.9807266, 37.5692348], [126.9809564, 37.5692167], [126.9808492, 37.5700525], [126.9808141, 37.5700525], [126.9806526, 37.5700524], [126.9806413, 37.5696132], [126.980693, 37.5695977], [126.9807178, 37.5695685], [126.9807266, 37.5692348]]]]}, "properties": {"name": null, "osm_id": "osm:w1002205234", "osm_key": "leisure", "green_type": "park"}}, {"type": "Feature", "geometry": {"type": "MultiPolygon", "coordinates": [[[[126.9951906, 37.5683427], [126.9950853, 37.5683354], [126.9951228, 37.567968], [126.9951829, 37.5674671], [126.9952355, 37.5670402], [126.995258, 37.5666516], [126.995273, 37.5665674], [126.9953685, 37.5665691], [126.9953606, 37.5667184], [126.9952758, 37.5674647], [126.995197, 37.5682772], [126.9951906, 37.5683427]]]]}, "properties": {"name": null, "osm_id": "osm:w1010028774", "osm_key": "leisure", "green_type": "park"}}, {"type": "Feature", "geometry": {"type": "MultiPolygon", "coordinates": [[[[126.9955418, 37.5683594], [126.9951906, 37.5683427], [126.9950853, 37.5683354], [126.9950878, 37.5683951], [126.9951865, 37.5684016], [126.9954984, 37.5684221], [126.995596, 37.5684285], [126.99564, 37.5680786], [126.9956679, 37.567752], [126.9957097, 37.5673719], [126.9957719, 37.5668404], [126.9957945, 37.5665955], [126.9953685, 37.5665691], [126.9953606, 37.5667184], [126.9953843, 37.5667207], [126.9953948, 37.5666348], [126.995594, 37.5666496], [126.9956673, 37.5666521], [126.995657, 37.5667351], [126.9956826, 37.566736], [126.99567, 37.5668789], [126.9956527, 37.5670519], [126.9956216, 37.5674984], [126.9955895, 37.5678448], [126.9955547, 37.5682204], [126.9955418, 37.5683594]]]]}, "properties": {"name": null, "osm_id": "osm:w1010028775", "osm_key": "leisure", "green_type": "park"}}, {"type": "Feature", "geometry": {"type": "MultiPolygon", "coordinates": [[[[126.995596, 37.5684285], [126.9955843, 37.5687343], [126.9955834, 37.5688716], [126.9955383, 37.5692169], [126.9955239, 37.569365], [126.9954932, 37.5696281], [126.9954562, 37.5698948], [126.9953948, 37.5702586], [126.9953664, 37.5704335], [126.995327, 37.5704321], [126.99526, 37.5704247], [126.9953417, 37.5698817], [126.9953651, 37.5697244], [126.9954044, 37.5696844], [126.995452, 37.5691956], [126.9954855, 37.5688426], [126.9954948, 37.5687481], [126.9954984, 37.5684221], [126.995596, 37.5684285]]]]}, "properties": {"name": null, "osm_id": "osm:w1010028776", "osm_key": "leisure", "green_type": "park"}}, {"type": "Feature", "geometry": {"type": "MultiPolygon", "coordinates": [[[[126.9951865, 37.5684016], [126.9950878, 37.5683951], [126.9950322, 37.5686806], [126.9950286, 37.5689874], [126.9950151, 37.5690854], [126.9949763, 37.5693864], [126.9949122, 37.5698248], [126.994962, 37.5698351], [126.9949826, 37.5696976], [126.9953651, 37.5697244], [126.9954044, 37.5696844], [126.995279, 37.5696729], [126.9952745, 37.5697093], [126.9952246, 37.5697052], [126.9952292, 37.5696713], [126.9950635, 37.5696626], [126.9950217, 37.5696597], [126.9950306, 37.5695906], [126.9950692, 37.569593], [126.9950787, 37.5694146], [126.9951154, 37.5688273], [126.9951491, 37.5688276], [126.995163, 37.5686627], [126.9951865, 37.5684016]]]]}, "properties": {"name": null, "osm_id": "osm:w1010028777", "osm_key": "leisure", "green_type": "park"}}, {"type": "Feature", "geometry": {"type": "MultiPolygon", "coordinates": [[[[126.999387, 37.5668219], [126.9993883, 37.5668016], [126.9993592, 37.5668004], [126.9993578, 37.5668207], [126.999387, 37.5668219]]]]}, "properties": {"name": null, "osm_id": "osm:w1126054374", "osm_key": "leisure", "green_type": "garden"}}, {"type": "Feature", "geometry": {"type": "MultiPolygon", "coordinates": [[[[126.995273, 37.5665674], [126.9953371, 37.5664198], [126.9953895, 37.5658443], [126.9954206, 37.5653816], [126.9954485, 37.5649675], [126.995499, 37.5643977], [126.9955032, 37.5643254], [126.995544, 37.5641043], [126.9956114, 37.5641415], [126.9955462, 37.5643398], [126.9954882, 37.5650967], [126.9954593, 37.5654173], [126.9954281, 37.5658604], [126.9954174, 37.5660296], [126.9953777, 37.5664106], [126.9953691, 37.5665424], [126.9957393, 37.5665637], [126.9957843, 37.5664285], [126.9958466, 37.5658145], [126.9958916, 37.5654199], [126.9959378, 37.5650389], [126.9960032, 37.5643968], [126.9959253, 37.5641623], [126.9959161, 37.5641346], [126.9960403, 37.5641224], [126.9960338, 37.5643207], [126.996044, 37.5643543], [126.9960483, 37.5644113], [126.9960021, 37.5648544], [126.9959506, 37.5652932], [126.9959195, 37.5656436], [126.9958702, 37.5662329], [126.9958524, 37.5663561], [126.9958369, 37.5664208], [126.9958346, 37.5664304], [126.9957945, 37.5665955], [126.995273, 37.5665674]]]]}, "properties": {"name": null, "osm_id": "osm:w1010028778", "osm_key": "leisure", "green_type": "park"}}, {"type": "Feature", "geometry": {"type": "MultiPolygon", "coordinates": [[[[126.9829772, 37.5837587], [126.982962, 37.5835585], [126.9829688, 37.5835387], [126.9829809, 37.5835315], [126.9830227, 37.5835459], [126.9830667, 37.5835645], [126.9830925, 37.583603], [126.9831152, 37.5836271], [126.9831296, 37.5836547], [126.9831334, 37.5837557], [126.9829772, 37.5837587]]]]}, "properties": {"name": null, "osm_id": "osm:w1010035880", "osm_key": "landuse", "green_type": "grass"}}, {"type": "Feature", "geometry": {"type": "MultiPolygon", "coordinates": [[[[126.9851177, 37.5858276], [126.985401, 37.5857476], [126.9852043, 37.5853501], [126.9850906, 37.5850355], [126.9850869, 37.5849353], [126.9847473, 37.5849459], [126.9847656, 37.5849912], [126.9847406, 37.5850283], [126.984598, 37.5853386], [126.9850924, 37.5856775], [126.9851177, 37.5858276]]]]}, "properties": {"name": null, "osm_id": "osm:w1010035885", "osm_key": "leisure", "green_type": "garden"}}, {"type": "Feature", "geometry": {"type": "MultiPolygon", "coordinates": [[[[126.9845581, 37.5858422], [126.9844561, 37.5857897], [126.9845482, 37.5856745], [126.9847934, 37.5858352], [126.984576, 37.5861718], [126.9846245, 37.5861759], [126.9845096, 37.5862163], [126.9843055, 37.5865075], [126.9836727, 37.5862689], [126.9838385, 37.5859363], [126.9840529, 37.5859919], [126.9840401, 37.5860525], [126.9843259, 37.5861516], [126.9845581, 37.5858422]]]]}, "properties": {"name": null, "osm_id": "osm:w1010035894", "osm_key": "natural", "green_type": "wood"}}, {"type": "Feature", "geometry": {"type": "MultiPolygon", "coordinates": [[[[126.9847934, 37.5858352], [126.9851033, 37.5859988], [126.9853673, 37.5861551], [126.9852899, 37.5862766], [126.985302, 37.5863246], [126.9849136, 37.5865014], [126.9848104, 37.5864341], [126.9848134, 37.5864028], [126.9845096, 37.5862163], [126.9846245, 37.5861759], [126.984576, 37.5861718], [126.9847934, 37.5858352]]]]}, "properties": {"name": null, "osm_id": "osm:w1010035898", "osm_key": "leisure", "green_type": "garden"}}, {"type": "Feature", "geometry": {"type": "MultiPolygon", "coordinates": [[[[126.9849347, 37.5865379], [126.9844856, 37.5862781], [126.9843312, 37.5864995], [126.9843082, 37.5865207], [126.9842636, 37.5865238], [126.9842087, 37.5865187], [126.9836754, 37.5862801], [126.9836384, 37.5863741], [126.9836677, 37.5867341], [126.9837928, 37.5867098], [126.9838387, 37.5867078], [126.9841985, 37.5867715], [126.9842763, 37.5867816], [126.9843491, 37.5867745], [126.9845558, 37.5867128], [126.9846693, 37.5866653], [126.9849347, 37.5865379]]]]}, "properties": {"name": null, "osm_id": "osm:w1010035902", "osm_key": "leisure", "green_type": "garden"}}, {"type": "Feature", "geometry": {"type": "MultiPolygon", "coordinates": [[[[126.9940016, 37.5682056], [126.9940298, 37.5678312], [126.9937346, 37.5678666], [126.9937817, 37.5680528], [126.9938097, 37.5681702], [126.9938277, 37.568196], [126.9940016, 37.5682056]]]]}, "properties": {"name": null, "osm_id": "osm:w1010047711", "osm_key": "leisure", "green_type": "garden"}}, {"type": "Feature", "geometry": {"type": "MultiPolygon", "coordinates": [[[[126.9811653, 37.5849185], [126.9811592, 37.5850043], [126.980824, 37.5849875], [126.9808325, 37.5848811], [126.9808426, 37.5847546], [126.9810082, 37.5847644], [126.981006, 37.5847753], [126.9810935, 37.584786], [126.9810699, 37.5849068], [126.9811653, 37.5849185]]]]}, "properties": {"name": null, "osm_id": "osm:w1011540122", "osm_key": "landuse", "green_type": "grass"}}, {"type": "Feature", "geometry": {"type": "MultiPolygon", "coordinates": [[[[126.9826328, 37.5769482], [126.9826073, 37.5771112], [126.9829051, 37.5771412], [126.9830165, 37.5769027], [126.9829926, 37.5768927], [126.9829786, 37.5769151], [126.9829506, 37.5769425], [126.9828943, 37.5769725], [126.9828558, 37.5769894], [126.9828147, 37.5769919], [126.9827734, 37.576983], [126.9827295, 37.5769651], [126.9826969, 37.5769429], [126.9826636, 37.5769124], [126.9826429, 37.5768886], [126.9826328, 37.5769482]]]]}, "properties": {"name": null, "osm_id": "osm:w1011749231", "osm_key": "leisure", "green_type": "garden"}}, {"type": "Feature", "geometry": {"type": "MultiPolygon", "coordinates": [[[[126.9969801, 37.5712046], [126.9969929, 37.5710627], [126.9973901, 37.5710852], [126.9974397, 37.5711399], [126.9974281, 37.5712694], [126.9971881, 37.5712558], [126.9971916, 37.5712166], [126.9969801, 37.5712046]]]]}, "properties": {"name": null, "osm_id": "osm:w1012525011", "osm_key": "leisure", "green_type": "garden"}}, {"type": "Feature", "geometry": {"type": "MultiPolygon", "coordinates": [[[[127.0010099, 37.5854754], [127.0012477, 37.5857577], [127.0011877, 37.585756], [127.0011406, 37.585746], [127.0010809, 37.5857202], [127.0010348, 37.5856847], [127.0009978, 37.5856327], [127.0009833, 37.5855826], [127.0009864, 37.5855295], [127.0009959, 37.585501], [127.0010099, 37.5854754]]]]}, "properties": {"name": null, "osm_id": "osm:w1012801789", "osm_key": "leisure", "green_type": "garden"}}, {"type": "Feature", "geometry": {"type": "MultiPolygon", "coordinates": [[[[127.0014465, 37.5855977], [127.0011986, 37.5853469], [127.0012527, 37.5853491], [127.0013049, 37.5853607], [127.0013511, 37.5853804], [127.001391, 37.5854074], [127.0014369, 37.5854624], [127.0014425, 37.5854734], [127.0014518, 37.5854985], [127.0014539, 37.5855072], [127.001457, 37.5855528], [127.0014465, 37.5855977]]]]}, "properties": {"name": null, "osm_id": "osm:w1012801790", "osm_key": "leisure", "green_type": "garden"}}, {"type": "Feature", "geometry": {"type": "MultiPolygon", "coordinates": [[[[127.0017587, 37.5857981], [127.0020001, 37.5857448], [127.0019097, 37.5854388], [127.0018307, 37.5854564], [127.0017469, 37.5852195], [127.0018126, 37.5852049], [127.001832, 37.585219], [127.0018387, 37.5851645], [127.0019665, 37.5851744], [127.0019718, 37.5851503], [127.0016639, 37.5851152], [127.0016374, 37.5851208], [127.0016085, 37.5851795], [127.001732, 37.5856883], [127.0017587, 37.5857981]]]]}, "properties": {"name": null, "osm_id": "osm:w1012801799", "osm_key": "leisure", "green_type": "garden"}}, {"type": "Feature", "geometry": {"type": "MultiPolygon", "coordinates": [[[[126.9960958, 37.5664191], [126.9961188, 37.565959], [126.9960481, 37.5659562], [126.9961489, 37.5648074], [126.9962485, 37.5647645], [126.9961883, 37.5646804], [126.9961857, 37.5646663], [126.9962166, 37.5643276], [126.9960338, 37.5643207], [126.996044, 37.5643543], [126.9960483, 37.5644113], [126.9958702, 37.5662329], [126.9958524, 37.5663561], [126.9959084, 37.5664089], [126.9960958, 37.5664191]]]]}, "properties": {"name": null, "osm_id": "osm:w1012921597", "osm_key": "leisure", "green_type": "park"}}, {"type": "Feature", "geometry": {"type": "MultiPolygon", "coordinates": [[[[126.9998673, 37.5675165], [126.9996962, 37.5675757], [126.9996175, 37.5675993], [126.9996165, 37.5675098], [126.9996938, 37.5675066], [126.9998678, 37.5674961], [126.9998673, 37.5675165]]]]}, "properties": {"name": null, "osm_id": "osm:w1015398729", "osm_key": "leisure", "green_type": "garden"}}, {"type": "Feature", "geometry": {"type": "MultiPolygon", "coordinates": [[[[126.9850345, 37.5741955], [126.9850556, 37.5741752], [126.9850891, 37.574197], [126.9850418, 37.5742427], [126.9850268, 37.574233], [126.9850531, 37.5742076], [126.9850345, 37.5741955]]]]}, "properties": {"name": null, "osm_id": "osm:w1072162923", "osm_key": "leisure", "green_type": "garden"}}, {"type": "Feature", "geometry": {"type": "MultiPolygon", "coordinates": [[[[126.9806288, 37.5788854], [126.9807157, 37.5792466], [126.9810166, 37.5791989], [126.9810626, 37.5791806], [126.9810927, 37.5791414], [126.9811015, 37.5790979], [126.9810891, 37.5790502], [126.9810838, 37.5790208], [126.9811281, 37.5789717], [126.9811652, 37.5789044], [126.9811811, 37.5788707], [126.9811688, 37.578823], [126.9811847, 37.5787669], [126.981199, 37.5787447], [126.9812236, 37.5787066], [126.9812626, 37.578666], [126.9812846, 37.5786585], [126.9814717, 37.5786287], [126.9814473, 37.578416], [126.9814005, 37.578354], [126.9809127, 37.5784547], [126.9809431, 37.5785747], [126.980997, 37.5785683], [126.9809764, 37.5786084], [126.9810474, 37.5789059], [126.9806866, 37.57896], [126.9806678, 37.5788813], [126.9806288, 37.5788854]]]]}, "properties": {"name": null, "osm_id": "osm:w1118581619", "osm_key": "landuse", "green_type": "grass"}}, {"type": "Feature", "geometry": {"type": "MultiPolygon", "coordinates": [[[[126.9805997, 37.5795905], [126.9805595, 37.579396], [126.980766, 37.5793641], [126.9808157, 37.5795597], [126.9805997, 37.5795905]]]]}, "properties": {"name": null, "osm_id": "osm:w1118581623", "osm_key": "landuse", "green_type": "grass"}}, {"type": "Feature", "geometry": {"type": "MultiPolygon", "coordinates": [[[[126.9800458, 37.5793396], [126.9800556, 37.5792884], [126.9800768, 37.5792674], [126.9801193, 37.5792695], [126.9801892, 37.5793102], [126.9802069, 37.5793291], [126.9801963, 37.5793558], [126.9801529, 37.5793607], [126.9800972, 37.5793544], [126.9800458, 37.5793396]]]]}, "properties": {"name": null, "osm_id": "osm:w1118581624", "osm_key": "landuse", "green_type": "grass"}}, {"type": "Feature", "geometry": {"type": "MultiPolygon", "coordinates": [[[[126.980833, 37.5793241], [126.9808328, 37.5792966], [126.980854, 37.5792867], [126.9810328, 37.5792671], [126.9810788, 37.5792517], [126.9811212, 37.5792306], [126.9811793, 37.5792279], [126.9813661, 37.5792214], [126.9814257, 37.5792029], [126.9814934, 37.5791918], [126.9815272, 37.5792038], [126.9815716, 37.5792704], [126.9816288, 37.5796748], [126.9816217, 37.5797098], [126.9815916, 37.5797266], [126.9814793, 37.5797442], [126.9814704, 37.5797343], [126.9814622, 37.5796793], [126.9815353, 37.5796696], [126.9814896, 37.5794688], [126.9815127, 37.5794649], [126.9814935, 37.5793798], [126.9811712, 37.5794254], [126.9811405, 37.5792837], [126.980833, 37.5793241]]]]}, "properties": {"name": null, "osm_id": "osm:w1118581625", "osm_key": "landuse", "green_type": "grass"}}, {"type": "Feature", "geometry": {"type": "MultiPolygon", "coordinates": [[[[126.9812049, 37.57978], [126.981143, 37.5795422], [126.981387, 37.5795043], [126.9814461, 37.57975], [126.9812049, 37.57978]]]]}, "properties": {"name": null, "osm_id": "osm:w1118581626", "osm_key": "landuse", "green_type": "grass"}}, {"type": "Feature", "geometry": {"type": "MultiPolygon", "coordinates": [[[[126.9897444, 37.5732191], [126.9897456, 37.5731729], [126.9897051, 37.573172], [126.9897039, 37.5732189], [126.9897444, 37.5732191]]]]}, "properties": {"name": null, "osm_id": "osm:w1118804410", "osm_key": "leisure", "green_type": "garden"}}, {"type": "Feature", "geometry": {"type": "MultiPolygon", "coordinates": [[[[126.9831424, 37.5762464], [126.9831039, 37.5762254], [126.9830907, 37.5762096], [126.9830907, 37.5761886], [126.9831225, 37.5761266], [126.9831371, 37.5761172], [126.9831543, 37.5761203], [126.9831729, 37.5761424], [126.9832219, 37.5762548], [126.9832246, 37.5762664], [126.9832193, 37.576279], [126.9832047, 37.576279], [126.9831424, 37.5762464]]]]}, "properties": {"name": null, "osm_id": "osm:w1118809093", "osm_key": "landuse", "green_type": "grass"}}, {"type": "Feature", "geometry": {"type": "MultiPolygon", "coordinates": [[[[126.9832776, 37.5761981], [126.983263, 37.5761981], [126.9831888, 37.5760646], [126.9831821, 37.5760373], [126.9831861, 37.576009], [126.9831967, 37.5759901], [126.98321, 37.5759816], [126.9832259, 37.5759806], [126.9834804, 37.5760699], [126.9834884, 37.5760815], [126.983491, 37.5760951], [126.9832975, 37.5762023], [126.9832776, 37.5761981]]]]}, "properties": {"name": null, "osm_id": "osm:w1118809094", "osm_key": "landuse", "green_type": "grass"}}, {"type": "Feature", "geometry": {"type": "MultiPolygon", "coordinates": [[[[126.9833372, 37.5762716], [126.9833306, 37.5762538], [126.9833346, 37.576237], [126.9833532, 37.5762138], [126.983422, 37.576167], [126.9835189, 37.5761182], [126.9835441, 37.5761098], [126.9835732, 37.5761119], [126.9838596, 37.5762138], [126.9838781, 37.5762286], [126.9839007, 37.5762601], [126.983903, 37.5762782], [126.9838417, 37.5763993], [126.9838278, 37.5764103], [126.9837959, 37.576424], [126.9837456, 37.5764366], [126.9836687, 37.5764397], [126.9836143, 37.5764334], [126.9835202, 37.5763998], [126.9834155, 37.5763441], [126.9833492, 37.5762884], [126.9833372, 37.5762716]]]]}, "properties": {"name": null, "osm_id": "osm:w1118809095", "osm_key": "landuse", "green_type": "grass"}}, {"type": "Feature", "geometry": {"type": "MultiPolygon", "coordinates": [[[[126.985202, 37.5808278], [126.9851998, 37.5807371], [126.9853329, 37.5807353], [126.9853341, 37.5808298], [126.985202, 37.5808278]]]]}, "properties": {"name": null, "osm_id": "osm:w1118889861", "osm_key": "landuse", "green_type": "grass"}}, {"type": "Feature", "geometry": {"type": "MultiPolygon", "coordinates": [[[[126.9852946, 37.5802784], [126.9852784, 37.5800908], [126.9854595, 37.580084], [126.9854796, 37.5802703], [126.9852946, 37.5802784]]]]}, "properties": {"name": null, "osm_id": "osm:w1118895191", "osm_key": "landuse", "green_type": "grass"}}, {"type": "Feature", "geometry": {"type": "MultiPolygon", "coordinates": [[[[126.9856383, 37.5807409], [126.9856144, 37.5806019], [126.9857887, 37.5805846], [126.9858595, 37.5805518], [126.9858638, 37.5805371], [126.9858649, 37.5804094], [126.9859466, 37.5804094], [126.9859542, 37.5804301], [126.9860926, 37.5804378], [126.9861089, 37.580595], [126.9861089, 37.5807339], [126.9856383, 37.5807409]]]]}, "properties": {"name": null, "osm_id": "osm:w1118895192", "osm_key": "landuse", "green_type": "grass"}}, {"type": "Feature", "geometry": {"type": "MultiPolygon", "coordinates": [[[[126.9855545, 37.5815738], [126.9855431, 37.5815531], [126.9855578, 37.58146], [126.9855741, 37.5814445], [126.9856965, 37.5814457], [126.9857079, 37.5813125], [126.9857046, 37.5811392], [126.9857259, 37.581134], [126.9857986, 37.5811373], [126.9858119, 37.5810675], [126.9858548, 37.5810629], [126.9858662, 37.581059], [126.9861682, 37.5810551], [126.9862106, 37.5810745], [126.986253, 37.5811146], [126.9862465, 37.5812944], [126.9862237, 37.5813423], [126.9861908, 37.5813349], [126.986188, 37.5813287], [126.9861894, 37.5813163], [126.9862079, 37.581291], [126.9862157, 37.5812437], [126.9861922, 37.581251], [126.9861624, 37.581246], [126.9861326, 37.5812116], [126.9861262, 37.58117], [126.9861219, 37.5811457], [126.9859897, 37.5811365], [126.9859439, 37.5811688], [126.985908, 37.5812433], [126.9858907, 37.5812933], [126.9858684, 37.5814304], [126.9859242, 37.5814576], [126.9860119, 37.581458], [126.9860676, 37.581457], [126.9861146, 37.5814727], [126.9861851, 37.58151], [126.9861975, 37.5815766], [126.986195, 37.5816148], [126.9861653, 37.5816786], [126.9860961, 37.5816815], [126.9860886, 37.5816766], [126.9860886, 37.5816335], [126.986075, 37.5815727], [126.9859575, 37.581558], [126.9859019, 37.5815668], [126.9858771, 37.581607], [126.9858672, 37.5816688], [126.9857633, 37.581659], [126.9857559, 37.5816443], [126.9857584, 37.581609], [126.9856433, 37.5815933], [126.9855545, 37.5815738]]]]}, "properties": {"name": null, "osm_id": "osm:w1118902960", "osm_key": "natural", "green_type": "wood"}}, {"type": "Feature", "geometry": {"type": "MultiPolygon", "coordinates": [[[[126.9868874, 37.5838549], [126.986834, 37.5838285], [126.9868121, 37.5837977], [126.9868223, 37.5836776], [126.9868443, 37.5836376], [126.9868723, 37.5836177], [126.9869368, 37.5836089], [126.9869897, 37.583627], [126.9870173, 37.5836611], [126.9870035, 37.5838079], [126.9869688, 37.5838396], [126.9869404, 37.5838534], [126.9868874, 37.5838549]]]]}, "properties": {"name": null, "osm_id": "osm:w1118906966", "osm_key": "landuse", "green_type": "grass"}}, {"type": "Feature", "geometry": {"type": "MultiPolygon", "coordinates": [[[[126.9835721, 37.5787312], [126.9837085, 37.5784126], [126.9839018, 37.5784711], [126.9837666, 37.5787935], [126.9835721, 37.5787312]]]]}, "properties": {"name": null, "osm_id": "osm:w1118915981", "osm_key": "landuse", "green_type": "grass"}}, {"type": "Feature", "geometry": {"type": "MultiPolygon", "coordinates": [[[[126.9857233, 37.5779863], [126.985759, 37.577912], [126.9859984, 37.5779164], [126.9859995, 37.5779962], [126.985804, 37.5779913], [126.9857233, 37.5779863]]]]}, "properties": {"name": null, "osm_id": "osm:w1118915992", "osm_key": "landuse", "green_type": "grass"}}, {"type": "Feature", "geometry": {"type": "MultiPolygon", "coordinates": [[[[126.9833209, 37.5787448], [126.9835556, 37.5787892], [126.9835649, 37.5788059], [126.9834762, 37.5789363], [126.9834773, 37.5789696], [126.9837435, 37.5791112], [126.9838509, 37.5790122], [126.9839082, 37.5789372], [126.984102, 37.578977], [126.9841347, 37.5790002], [126.9840471, 37.579077], [126.9839595, 37.5790335], [126.9838638, 37.5791584], [126.9837891, 37.5791417], [126.9837634, 37.5791982], [126.983656, 37.5791806], [126.9836805, 37.5791056], [126.9833699, 37.5790279], [126.983238, 37.5789076], [126.9833209, 37.5787448]]]]}, "properties": {"name": null, "osm_id": "osm:w1119164417", "osm_key": "landuse", "green_type": "grass"}}, {"type": "Feature", "geometry": {"type": "MultiPolygon", "coordinates": [[[[126.9824985, 37.5794434], [126.9825011, 37.5793824], [126.9826259, 37.5793852], [126.9826214, 37.5794441], [126.9824985, 37.5794434]]]]}, "properties": {"name": null, "osm_id": "osm:w1119164427", "osm_key": "landuse", "green_type": "grass"}}, {"type": "Feature", "geometry": {"type": "MultiPolygon", "coordinates": [[[[126.9842218, 37.5807099], [126.9841996, 37.5807089], [126.9841868, 37.5807043], [126.9841809, 37.5806876], [126.9841868, 37.5806682], [126.9841891, 37.5806423], [126.9842416, 37.580646], [126.9842568, 37.5806395], [126.9842802, 37.5806331], [126.9843035, 37.5806414], [126.9843187, 37.5806516], [126.9843607, 37.5806469], [126.9843969, 37.5806553], [126.9844436, 37.5807182], [126.9845312, 37.5806849], [126.9845825, 37.5806608], [126.9845767, 37.5806331], [126.9845008, 37.5805082], [126.9845393, 37.5804961], [126.9846071, 37.5804906], [126.9846187, 37.58056], [126.9846117, 37.5806053], [126.9846234, 37.5806867], [126.9846794, 37.5807025], [126.984753, 37.5807025], [126.9847845, 37.5807071], [126.9848067, 37.5807099], [126.9848219, 37.5807284], [126.984816, 37.5807395], [126.9845662, 37.580733], [126.984551, 37.5807385], [126.984537, 37.5807533], [126.9844821, 37.5807737], [126.9844751, 37.5807894], [126.9844658, 37.5809264], [126.9844226, 37.5809578], [126.9843467, 37.5810069], [126.9841342, 37.5810596], [126.9841208, 37.5810416], [126.9841085, 37.5810291], [126.9840309, 37.5810503], [126.9840286, 37.5810402], [126.9840216, 37.5810032], [126.9840268, 37.5809888], [126.9840776, 37.58098], [126.9841348, 37.5809643], [126.9841558, 37.5809643], [126.9841856, 37.5809518], [126.9841862, 37.5809453], [126.9842031, 37.5809338], [126.9842434, 37.5809116], [126.9842516, 37.5809032], [126.9842889, 37.5808986], [126.9843239, 37.5808931], [126.9843397, 37.5808695], [126.9843473, 37.5808519], [126.9843596, 37.5808315], [126.9843701, 37.5808246], [126.9843928, 37.580807], [126.9844074, 37.5807894], [126.9843969, 37.5807573], [126.9843456, 37.5807439], [126.9843263, 37.5807245], [126.9843193, 37.5807097], [126.98431, 37.5806977], [126.984293, 37.580694], [126.9842738, 37.5806995], [126.9842598, 37.5807004], [126.9842475, 37.5806972], [126.9842347, 37.5806991], [126.9842218, 37.5807099]]]]}, "properties": {"name": null, "osm_id": "osm:w1119166839", "osm_key": "natural", "green_type": "wood"}}, {"type": "Feature", "geometry": {"type": "MultiPolygon", "coordinates": [[[[126.9835882, 37.5788281], [126.9835388, 37.5788141], [126.9835173, 37.578799], [126.9834958, 37.5786977], [126.9834869, 37.5786345], [126.9835021, 37.5786134], [126.9835059, 37.5785552], [126.9836337, 37.5785482], [126.9836628, 37.5785592], [126.9836742, 37.5785683], [126.9836021, 37.5787218], [126.983654, 37.5787428], [126.9837109, 37.5787589], [126.9837413, 37.5787639], [126.9837654, 37.5787318], [126.9838097, 37.5786174], [126.9838514, 37.578624], [126.9839074, 37.5786393], [126.9839391, 37.5786426], [126.9839516, 37.5786075], [126.9839717, 37.5785413], [126.9840042, 37.5784672], [126.9840535, 37.5784619], [126.9840911, 37.5784599], [126.9841395, 37.5784692], [126.9841362, 37.5785267], [126.9841145, 37.5785413], [126.9840819, 37.5785532], [126.9840852, 37.5785823], [126.9840902, 37.5786048], [126.9841095, 37.5786022], [126.9841195, 37.578583], [126.9842197, 37.5785751], [126.9842773, 37.5785803], [126.9843216, 37.578589], [126.9843985, 37.5786657], [126.9844161, 37.578678], [126.9844536, 37.5786937], [126.9844591, 37.578719], [126.9844536, 37.5787627], [126.9844283, 37.5787644], [126.9842773, 37.5787548], [126.9842178, 37.5788037], [126.9842013, 37.578843], [126.9841803, 37.5788762], [126.9840382, 37.5789146], [126.9838839, 37.5788945], [126.9837285, 37.5788544], [126.9835882, 37.5788281]]]]}, "properties": {"name": null, "osm_id": "osm:w1119185246", "osm_key": "natural", "green_type": "wood"}}, {"type": "Feature", "geometry": {"type": "MultiPolygon", "coordinates": [[[[126.9883612, 37.5796491], [126.9883573, 37.579619], [126.9883474, 37.5795556], [126.9886174, 37.5795315], [126.9886365, 37.579714], [126.9885428, 37.5797229], [126.988537, 37.5796643], [126.9884608, 37.5796707], [126.9884568, 37.5796414], [126.9883612, 37.5796491]]]]}, "properties": {"name": null, "osm_id": "osm:w1119199285", "osm_key": "landuse", "green_type": "grass"}}, {"type": "Feature", "geometry": {"type": "MultiPolygon", "coordinates": [[[[127.0011537, 37.5705321], [127.0014072, 37.570547], [127.0014054, 37.5705663], [127.0011519, 37.5705515], [127.0011537, 37.5705321]]]]}, "properties": {"name": "대나무숲", "osm_id": "osm:w1125611851", "osm_key": "leisure", "green_type": "garden"}}, {"type": "Feature", "geometry": {"type": "MultiPolygon", "coordinates": [[[[127.0057838, 37.5690424], [127.0054527, 37.5684025], [127.0054943, 37.5683463], [127.0055744, 37.5683267], [127.0057238, 37.5686662], [127.0057269, 37.5687297], [127.0056961, 37.5687859], [127.0057839, 37.5689446], [127.0058085, 37.5689531], [127.0059113, 37.5688995], [127.0059256, 37.5688921], [127.0059285, 37.5688293], [127.0062679, 37.5687727], [127.0063306, 37.5687616], [127.0063327, 37.5687975], [127.005979, 37.5688507], [127.0059912, 37.5689232], [127.0057838, 37.5690424]]]]}, "properties": {"name": null, "osm_id": "osm:w1125640017", "osm_key": "leisure", "green_type": "garden"}}, {"type": "Feature", "geometry": {"type": "MultiPolygon", "coordinates": [[[[126.9993042, 37.5668193], [126.9993055, 37.566799], [126.9992764, 37.5667978], [126.9992751, 37.5668181], [126.9993042, 37.5668193]]]]}, "properties": {"name": null, "osm_id": "osm:w1126054373", "osm_key": "leisure", "green_type": "garden"}}, {"type": "Feature", "geometry": {"type": "MultiPolygon", "coordinates": [[[[126.9976509, 37.5705793], [126.9974986, 37.5705894], [126.9974048, 37.5705687], [126.9974188, 37.5705224], [126.997445, 37.5704725], [126.9976093, 37.5703731], [126.9976663, 37.5703752], [126.9976965, 37.5703922], [126.9977105, 37.5704124], [126.9976931, 37.5705368], [126.9976509, 37.5705793]]]]}, "properties": {"name": null, "osm_id": "osm:w1126465623", "osm_key": "natural", "green_type": "grassland"}}, {"type": "Feature", "geometry": {"type": "MultiPolygon", "coordinates": [[[[126.9976613, 37.5709354], [126.9976519, 37.5710422], [126.9976465, 37.571072], [126.997615, 37.5710938], [126.997567, 37.5711017], [126.9975285, 37.5710847], [126.9975074, 37.5710696], [126.9973914, 37.5709612], [126.9973743, 37.5709423], [126.9973672, 37.5709173], [126.9973712, 37.5708979], [126.9973883, 37.5708681], [126.9974101, 37.5708562], [126.9975912, 37.5708583], [126.997622, 37.5708681], [126.9976445, 37.5708822], [126.9976562, 37.5708998], [126.9976613, 37.5709354]]]]}, "properties": {"name": null, "osm_id": "osm:w1126465624", "osm_key": "natural", "green_type": "grassland"}}, {"type": "Feature", "geometry": {"type": "MultiPolygon", "coordinates": [[[[126.9978963, 37.5712264], [126.9981387, 37.5710437], [126.9983184, 37.5709324], [126.9983077, 37.5709202], [126.9980634, 37.5709043], [126.9980174, 37.5709006], [126.9979937, 37.570902], [126.997968, 37.5709086], [126.9979452, 37.5709203], [126.9979287, 37.5709342], [126.9979167, 37.5709508], [126.9979083, 37.5709774], [126.997882, 37.5712198], [126.9978963, 37.5712264]]]]}, "properties": {"name": null, "osm_id": "osm:w1126465625", "osm_key": "natural", "green_type": "grassland"}}, {"type": "Feature", "geometry": {"type": "MultiPolygon", "coordinates": [[[[126.9982531, 37.5711389], [126.9984119, 37.5710363], [126.998298, 37.5711101], [126.9982531, 37.5711389]]]]}, "properties": {"name": null, "osm_id": "osm:w1126465626", "osm_key": "leisure", "green_type": "garden"}}, {"type": "Feature", "geometry": {"type": "MultiPolygon", "coordinates": [[[[126.9979844, 37.5718472], [126.9980396, 37.5718268], [126.9980397, 37.5718153], [126.9982002, 37.5718208], [126.998205, 37.5717355], [126.9979891, 37.5717328], [126.9979844, 37.5718472]]]]}, "properties": {"name": null, "osm_id": "osm:w1126465634", "osm_key": "leisure", "green_type": "garden"}}, {"type": "Feature", "geometry": {"type": "MultiPolygon", "coordinates": [[[[126.9982084, 37.5706461], [126.9980693, 37.5706355], [126.9979472, 37.5706263], [126.9979368, 37.5706214], [126.9979282, 37.5706146], [126.9979219, 37.5706063], [126.9979184, 37.5705972], [126.9979179, 37.5705867], [126.9979356, 37.5704369], [126.997938, 37.5704244], [126.9979445, 37.5704128], [126.9979512, 37.5704059], [126.9979593, 37.5704001], [126.9979752, 37.5703935], [126.9979928, 37.5703909], [126.9980124, 37.570393], [126.9980232, 37.5703967], [126.9980328, 37.570402], [126.9981665, 37.5705087], [126.9982475, 37.5705734], [126.9982555, 37.5705813], [126.9982616, 37.5705922], [126.9982636, 37.5706041], [126.9982614, 37.570616], [126.9982561, 37.5706255], [126.9982481, 37.5706336], [126.9982368, 37.5706405], [126.9982236, 37.5706448], [126.9982084, 37.5706461]]]]}, "properties": {"name": null, "osm_id": "osm:w1126472117", "osm_key": "natural", "green_type": "grassland"}}, {"type": "Feature", "geometry": {"type": "MultiPolygon", "coordinates": [[[[126.996773, 37.5729855], [126.9967795, 37.5729634], [126.9968141, 37.5728039], [126.9967937, 37.5726717], [126.9965196, 37.5722115], [126.9965783, 37.5722045], [126.9966758, 37.5722142], [126.9966575, 37.5723125], [126.9967063, 37.5723302], [126.9967226, 37.5723415], [126.9967328, 37.5723737], [126.9967856, 37.5723898], [126.9967856, 37.5724881], [126.996812, 37.572501], [126.9968567, 37.5725799], [126.9968852, 37.5727007], [126.9968779, 37.572971], [126.996773, 37.5729855]]]]}, "properties": {"name": null, "osm_id": "osm:w1126602639", "osm_key": "leisure", "green_type": "garden"}}, {"type": "Feature", "geometry": {"type": "MultiPolygon", "coordinates": [[[[127.0017653, 37.5662921], [127.0017675, 37.5662695], [127.0017446, 37.5662681], [127.0017424, 37.5662907], [127.0017653, 37.5662921]]]]}, "properties": {"name": null, "osm_id": "osm:w1128459170", "osm_key": "leisure", "green_type": "garden"}}, {"type": "Feature", "geometry": {"type": "MultiPolygon", "coordinates": [[[[127.0021899, 37.5664627], [127.0021993, 37.5664548], [127.002212, 37.5662974], [127.002203, 37.5662885], [127.0022004, 37.5662905], [127.0021881, 37.5664616], [127.0021899, 37.5664627]]]]}, "properties": {"name": null, "osm_id": "osm:w1128459175", "osm_key": "leisure", "green_type": "garden"}}, {"type": "Feature", "geometry": {"type": "MultiPolygon", "coordinates": [[[[126.9878562, 37.5674922], [126.9878546, 37.5673878], [126.987913, 37.5673872], [126.9879146, 37.5674917], [126.9878562, 37.5674922]]]]}, "properties": {"name": null, "osm_id": "osm:w1128466642", "osm_key": "leisure", "green_type": "garden"}}, {"type": "Feature", "geometry": {"type": "MultiPolygon", "coordinates": [[[[126.9878535, 37.5673611], [126.9878479, 37.5672401], [126.9879118, 37.5672385], [126.9879139, 37.5673622], [126.9878535, 37.5673611]]]]}, "properties": {"name": null, "osm_id": "osm:w1128466643", "osm_key": "leisure", "green_type": "garden"}}, {"type": "Feature", "geometry": {"type": "MultiPolygon", "coordinates": [[[[126.9878551, 37.567624], [126.9878535, 37.5675196], [126.9879119, 37.567519], [126.9879135, 37.5676235], [126.9878551, 37.567624]]]]}, "properties": {"name": null, "osm_id": "osm:w1128466644", "osm_key": "leisure", "green_type": "garden"}}, {"type": "Feature", "geometry": {"type": "MultiPolygon", "coordinates": [[[[126.9888381, 37.5678639], [126.9887836, 37.5677992], [126.9889637, 37.5678039], [126.9889566, 37.5678671], [126.9888381, 37.5678639]]]]}, "properties": {"name": null, "osm_id": "osm:w1128466647", "osm_key": "leisure", "green_type": "garden"}}, {"type": "Feature", "geometry": {"type": "MultiPolygon", "coordinates": [[[[126.9882203, 37.567788], [126.9879629, 37.567785], [126.9879493, 37.5677877], [126.9879377, 37.5677939], [126.9879291, 37.5678026], [126.9879249, 37.567812], [126.9879243, 37.5678219], [126.9879281, 37.5678328], [126.9879362, 37.5678421], [126.9879439, 37.5678471], [126.9879529, 37.5678504], [126.9879659, 37.5678522], [126.9882188, 37.567857], [126.9882203, 37.567788]]]]}, "properties": {"name": null, "osm_id": "osm:w1128466648", "osm_key": "leisure", "green_type": "garden"}}, {"type": "Feature", "geometry": {"type": "MultiPolygon", "coordinates": [[[[126.9888066, 37.5678687], [126.9887517, 37.5678035], [126.9886938, 37.5678011], [126.9887812, 37.5678703], [126.9888066, 37.5678687]]]]}, "properties": {"name": null, "osm_id": "osm:w1128466649", "osm_key": "leisure", "green_type": "garden"}}, {"type": "Feature", "geometry": {"type": "MultiPolygon", "coordinates": [[[[126.981354, 37.5776943], [126.9813516, 37.5776773], [126.9814101, 37.577659], [126.9814137, 37.5776749], [126.9813974, 37.5776765], [126.9813828, 37.5776778], [126.9813842, 37.5776919], [126.981354, 37.5776943]]]]}, "properties": {"name": null, "osm_id": "osm:w1134741781", "osm_key": "leisure", "green_type": "garden"}}, {"type": "Feature", "geometry": {"type": "MultiPolygon", "coordinates": [[[[126.9814203, 37.5777403], [126.9814053, 37.5777415], [126.9813901, 37.5777427], [126.9813935, 37.5777695], [126.9813633, 37.5777719], [126.9813602, 37.5777475], [126.9813445, 37.5777487], [126.9813266, 37.5777502], [126.9813256, 37.5777445], [126.9813875, 37.5777393], [126.9814204, 37.5777366], [126.9814203, 37.5777403]]]]}, "properties": {"name": null, "osm_id": "osm:w1134741782", "osm_key": "leisure", "green_type": "garden"}}, {"type": "Feature", "geometry": {"type": "MultiPolygon", "coordinates": [[[[126.9813295, 37.5778831], [126.9813114, 37.5778513], [126.9812665, 37.5778601], [126.981282, 37.5778529], [126.9813114, 37.577833], [126.9813968, 37.5778169], [126.9814112, 37.5778158], [126.98141, 37.5778183], [126.9813663, 37.5778319], [126.9813828, 37.5778653], [126.9813295, 37.5778831]]]]}, "properties": {"name": null, "osm_id": "osm:w1134741798", "osm_key": "leisure", "green_type": "garden"}}, {"type": "Feature", "geometry": {"type": "MultiPolygon", "coordinates": [[[[126.9813812, 37.5779779], [126.9813706, 37.5779463], [126.9813961, 37.5779406], [126.9813984, 37.5779507], [126.9814296, 37.5779451], [126.9814339, 37.578013], [126.9814195, 37.5779699], [126.9813812, 37.5779779]]]]}, "properties": {"name": null, "osm_id": "osm:w1134741799", "osm_key": "leisure", "green_type": "garden"}}, {"type": "Feature", "geometry": {"type": "MultiPolygon", "coordinates": [[[[126.9811825, 37.5776201], [126.981178, 37.5776135], [126.9813264, 37.5775517], [126.9813328, 37.5775605], [126.9813027, 37.5775723], [126.9812773, 37.5775813], [126.9813013, 37.5776192], [126.9812647, 37.5776337], [126.9812412, 37.5775967], [126.9812086, 37.5776097], [126.9811825, 37.5776201]]]]}, "properties": {"name": null, "osm_id": "osm:w1134741800", "osm_key": "leisure", "green_type": "garden"}}, {"type": "Feature", "geometry": {"type": "MultiPolygon", "coordinates": [[[[126.9811483, 37.5775027], [126.9811324, 37.5774756], [126.9812407, 37.5774326], [126.981259, 37.577454], [126.9812408, 37.5774644], [126.9812198, 37.5774717], [126.9812298, 37.5774831], [126.9812442, 37.5775066], [126.981213, 37.5775201], [126.9811973, 37.5774974], [126.9811911, 37.5774839], [126.9811722, 37.577494], [126.9811483, 37.5775027]]]]}, "properties": {"name": null, "osm_id": "osm:w1134741801", "osm_key": "leisure", "green_type": "garden"}}, {"type": "Feature", "geometry": {"type": "MultiPolygon", "coordinates": [[[[126.9812313, 37.5781888], [126.9812071, 37.5781374], [126.981236, 37.5781286], [126.9812521, 37.5781661], [126.9812686, 37.5781616], [126.981273, 37.5781765], [126.9812313, 37.5781888]]]]}, "properties": {"name": null, "osm_id": "osm:w1134741812", "osm_key": "leisure", "green_type": "garden"}}, {"type": "Feature", "geometry": {"type": "MultiPolygon", "coordinates": [[[[126.9812373, 37.5783148], [126.9812439, 37.578329], [126.9813418, 37.5783041], [126.981335, 37.578288], [126.9812373, 37.5783148]]]]}, "properties": {"name": null, "osm_id": "osm:w1134741813", "osm_key": "leisure", "green_type": "garden"}}, {"type": "Feature", "geometry": {"type": "MultiPolygon", "coordinates": [[[[126.9808822, 37.5779631], [126.9808697, 37.577938], [126.9808668, 37.5779244], [126.9808422, 37.5779317], [126.9808138, 37.5779401], [126.9808161, 37.5779433], [126.9808146, 37.5779439], [126.9808103, 37.5779384], [126.980779, 37.5778634], [126.9807888, 37.5778771], [126.9808094, 37.5779213], [126.980813, 37.5779373], [126.980841, 37.5779291], [126.9808666, 37.5779216], [126.9809221, 37.5779047], [126.9809445, 37.577898], [126.980975, 37.5778887], [126.9809766, 37.5778923], [126.9809791, 37.5778976], [126.9809475, 37.577907], [126.9809166, 37.5779162], [126.9809318, 37.5779483], [126.9808822, 37.5779631]]]]}, "properties": {"name": null, "osm_id": "osm:w1134741815", "osm_key": "leisure", "green_type": "garden"}}, {"type": "Feature", "geometry": {"type": "MultiPolygon", "coordinates": [[[[126.9808474, 37.5778864], [126.9808349, 37.5778613], [126.980832, 37.5778477], [126.9808074, 37.577855], [126.980779, 37.5778634], [126.980776, 37.5778557], [126.9809439, 37.5778101], [126.9809455, 37.5778179], [126.9809247, 37.577826], [126.980915, 37.5778384], [126.9808941, 37.5778354], [126.9808781, 37.5778387], [126.980891, 37.5778504], [126.980897, 37.5778716], [126.9808474, 37.5778864]]]]}, "properties": {"name": null, "osm_id": "osm:w1134742982", "osm_key": "leisure", "green_type": "garden"}}, {"type": "Feature", "geometry": {"type": "MultiPolygon", "coordinates": [[[[126.9810845, 37.5779641], [126.9810966, 37.5779943], [126.9810578, 37.578005], [126.9810616, 37.5780136], [126.9811118, 37.577999], [126.9810968, 37.5779611], [126.9810845, 37.5779641]]]]}, "properties": {"name": null, "osm_id": "osm:w1135877715", "osm_key": "leisure", "green_type": "garden"}}, {"type": "Feature", "geometry": {"type": "MultiPolygon", "coordinates": [[[[126.9812724, 37.5780448], [126.9812852, 37.578072], [126.9812607, 37.5780792], [126.9812479, 37.578052], [126.9812724, 37.5780448]]]]}, "properties": {"name": null, "osm_id": "osm:w1135877716", "osm_key": "leisure", "green_type": "garden"}}, {"type": "Feature", "geometry": {"type": "MultiPolygon", "coordinates": [[[[126.9812878, 37.578082], [126.9812624, 37.5780911], [126.9812731, 37.578116], [126.9812994, 37.5781089], [126.9812878, 37.578082]]]]}, "properties": {"name": null, "osm_id": "osm:w1135877717", "osm_key": "leisure", "green_type": "garden"}}, {"type": "Feature", "geometry": {"type": "MultiPolygon", "coordinates": [[[[126.9800782, 37.5779825], [126.9800702, 37.577896], [126.9801346, 37.5778923], [126.9801427, 37.5779788], [126.9800782, 37.5779825]]]]}, "properties": {"name": null, "osm_id": "osm:w1135877741", "osm_key": "landuse", "green_type": "grass"}}, {"type": "Feature", "geometry": {"type": "MultiPolygon", "coordinates": [[[[126.9810361, 37.5801088], [126.9809946, 37.5801137], [126.9809907, 37.5800929], [126.9810304, 37.5800876], [126.9810361, 37.5801088]]]]}, "properties": {"name": null, "osm_id": "osm:w1137980791", "osm_key": "leisure", "green_type": "garden"}}, {"type": "Feature", "geometry": {"type": "MultiPolygon", "coordinates": [[[[126.9810445, 37.5801709], [126.9810463, 37.5801867], [126.9810079, 37.5801914], [126.9810049, 37.5801758], [126.9810445, 37.5801709]]]]}, "properties": {"name": null, "osm_id": "osm:w1137980792", "osm_key": "leisure", "green_type": "garden"}}, {"type": "Feature", "geometry": {"type": "MultiPolygon", "coordinates": [[[[126.9925858, 37.577772], [126.9925873, 37.5776963], [126.9924646, 37.5777043], [126.9921432, 37.5777285], [126.991698, 37.5777264], [126.9913198, 37.577686], [126.9911427, 37.5776733], [126.9910676, 37.5776754], [126.9921083, 37.5784385], [126.9925858, 37.577772]]]]}, "properties": {"name": null, "osm_id": "osm:w1138134488", "osm_key": "leisure", "green_type": "park"}}, {"type": "Feature", "geometry": {"type": "MultiPolygon", "coordinates": [[[[127.0017929, 37.5688893], [127.0017911, 37.5688581], [127.0017786, 37.5688586], [127.0017784, 37.5688504], [127.0017662, 37.5688546], [127.0017632, 37.568854], [127.0017651, 37.5688896], [127.0017929, 37.5688893]]]]}, "properties": {"name": null, "osm_id": "osm:w1138516859", "osm_key": "leisure", "green_type": "garden"}}, {"type": "Feature", "geometry": {"type": "MultiPolygon", "coordinates": [[[[127.0018165, 37.5688884], [127.0018155, 37.5688576], [127.0018269, 37.5688572], [127.0018264, 37.5688491], [127.0018353, 37.5688516], [127.001838, 37.5688506], [127.0018385, 37.5688878], [127.0018165, 37.5688884]]]]}, "properties": {"name": null, "osm_id": "osm:w1138516860", "osm_key": "leisure", "green_type": "garden"}}, {"type": "Feature", "geometry": {"type": "MultiPolygon", "coordinates": [[[[126.9991304, 37.5805682], [126.9991351, 37.5805404], [126.9991024, 37.5805321], [126.9991467, 37.5802731], [126.9991806, 37.5802768], [126.9991884, 37.5802277], [127.0000434, 37.5802397], [126.9999745, 37.5807273], [126.999236, 37.5805881], [126.9991304, 37.5805682]]]]}, "properties": {"name": null, "osm_id": "osm:w1145147485", "osm_key": "landuse", "green_type": "grass"}}, {"type": "Feature", "geometry": {"type": "MultiPolygon", "coordinates": [[[[126.990542, 37.5673633], [126.9907293, 37.5673746], [126.9907364, 37.567287], [126.9905492, 37.5672769], [126.990542, 37.5673633]]]]}, "properties": {"name": null, "osm_id": "osm:w1174260829", "osm_key": "leisure", "green_type": "garden"}}, {"type": "Feature", "geometry": {"type": "MultiPolygon", "coordinates": [[[[126.9834518, 37.5699107], [126.9832516, 37.5697334], [126.9833508, 37.5696712], [126.9835447, 37.5698542], [126.9834518, 37.5699107]]]]}, "properties": {"name": null, "osm_id": "osm:w1174266463", "osm_key": "landuse", "green_type": "grass"}}, {"type": "Feature", "geometry": {"type": "MultiPolygon", "coordinates": [[[[126.9835941, 37.5700237], [126.9835012, 37.5699506], [126.983584, 37.5698968], [126.9836625, 37.569978], [126.9835941, 37.5700237]]]]}, "properties": {"name": null, "osm_id": "osm:w1174266464", "osm_key": "landuse", "green_type": "grass"}}, {"type": "Feature", "geometry": {"type": "MultiPolygon", "coordinates": [[[[126.9849998, 37.5783434], [126.9849939, 37.5783332], [126.9849939, 37.5783036], [126.9851585, 37.5779122], [126.9851725, 37.577903], [126.9853068, 37.5779363], [126.9853208, 37.5779465], [126.9851504, 37.5783545], [126.9851354, 37.578372], [126.9851099, 37.5783763], [126.9849998, 37.5783434]]]]}, "properties": {"name": null, "osm_id": "osm:w1176518701", "osm_key": "leisure", "green_type": "garden"}}, {"type": "Feature", "geometry": {"type": "MultiPolygon", "coordinates": [[[[126.984896, 37.5785641], [126.984889, 37.5785521], [126.9848884, 37.5785419], [126.9849567, 37.5783953], [126.9849661, 37.5783897], [126.9849871, 37.578393], [126.9850945, 37.578424], [126.985105, 37.5784351], [126.9850997, 37.5784545], [126.9850431, 37.5785794], [126.9850279, 37.57859], [126.9850058, 37.5785993], [126.984896, 37.5785641]]]]}, "properties": {"name": null, "osm_id": "osm:w1176518702", "osm_key": "leisure", "green_type": "garden"}}, {"type": "Feature", "geometry": {"type": "MultiPolygon", "coordinates": [[[[126.982779, 37.5767178], [126.9827645, 37.5767013], [126.9827629, 37.5766871], [126.9828061, 37.5765772], [126.9828203, 37.5765682], [126.9828474, 37.5765668], [126.9829993, 37.5766097], [126.9830128, 37.5766235], [126.9831028, 37.5766471], [126.9831233, 37.5766706], [126.9830512, 37.5768389], [126.983004, 37.576833], [126.9829936, 37.5768047], [126.9829747, 37.5767692], [126.9829328, 37.5767358], [126.982879, 37.576718], [126.9828302, 37.5767119], [126.982779, 37.5767178]]]]}, "properties": {"name": null, "osm_id": "osm:w1176518703", "osm_key": "landuse", "green_type": "grass"}}, {"type": "Feature", "geometry": {"type": "MultiPolygon", "coordinates": [[[[127.0060532, 37.5736004], [127.006033, 37.5736067], [127.0060113, 37.5736078], [127.0059903, 37.5736036], [127.0059705, 37.5735932], [127.0059563, 37.5735782], [127.0059492, 37.5735602], [127.0059503, 37.5735415], [127.0059593, 37.5735241], [127.0059752, 37.5735101], [127.0059961, 37.5735012], [127.0060196, 37.5734985], [127.0060428, 37.5735022], [127.0060631, 37.5735119], [127.0060771, 37.573525], [127.0060852, 37.573541], [127.0060867, 37.5735581], [127.0060814, 37.5735748], [127.0060698, 37.5735894], [127.0060532, 37.5736004]]]]}, "properties": {"name": null, "osm_id": "osm:w1176527931", "osm_key": "landuse", "green_type": "grass"}}, {"type": "Feature", "geometry": {"type": "MultiPolygon", "coordinates": [[[[126.9911347, 37.5752616], [126.9911448, 37.575228], [126.9911809, 37.5752342], [126.9911688, 37.5752648], [126.9911347, 37.5752616]]]]}, "properties": {"name": null, "osm_id": "osm:w1188449601", "osm_key": "leisure", "green_type": "garden"}}, {"type": "Feature", "geometry": {"type": "MultiPolygon", "coordinates": [[[[126.9911518, 37.5751489], [126.9911603, 37.5751244], [126.9912152, 37.5751329], [126.9912198, 37.575113], [126.9912391, 37.5751156], [126.9912187, 37.5751561], [126.9911518, 37.5751489]]]]}, "properties": {"name": null, "osm_id": "osm:w1188449602", "osm_key": "leisure", "green_type": "garden"}}, {"type": "Feature", "geometry": {"type": "MultiPolygon", "coordinates": [[[[126.9899748, 37.5739435], [126.9899904, 37.5739089], [126.9899814, 37.5739066], [126.9899664, 37.5739416], [126.9899748, 37.5739435]]]]}, "properties": {"name": null, "osm_id": "osm:w1198247709", "osm_key": "leisure", "green_type": "garden"}}, {"type": "Feature", "geometry": {"type": "MultiPolygon", "coordinates": [[[[126.9899833, 37.5739457], [126.989999, 37.5739111], [126.9900104, 37.5739139], [126.989994, 37.5739484], [126.9899833, 37.5739457]]]]}, "properties": {"name": null, "osm_id": "osm:w1198247710", "osm_key": "leisure", "green_type": "garden"}}, {"type": "Feature", "geometry": {"type": "MultiPolygon", "coordinates": [[[[126.9835212, 37.5834653], [126.9839907, 37.5835596], [126.9840894, 37.5836684], [126.984098, 37.5838164], [126.984083, 37.583898], [126.9837719, 37.5838266], [126.983553, 37.5836922], [126.9834527, 37.5836535], [126.9835212, 37.5834653]]]]}, "properties": {"name": "가회동이준구가옥", "osm_id": "osm:w1200714717", "osm_key": "leisure", "green_type": "garden"}}, {"type": "Feature", "geometry": {"type": "MultiPolygon", "coordinates": [[[[126.9852657, 37.5845478], [126.9852503, 37.584278], [126.9854734, 37.5843692], [126.9855029, 37.5843853], [126.9855121, 37.5845455], [126.985386, 37.5845681], [126.9853311, 37.5845496], [126.9852657, 37.5845478]]]]}, "properties": {"name": null, "osm_id": "osm:w1214653677", "osm_key": "natural", "green_type": "wood"}}, {"type": "Feature", "geometry": {"type": "MultiPolygon", "coordinates": [[[[126.9858715, 37.585565], [126.985898, 37.5853294], [126.9858785, 37.5852046], [126.9858697, 37.585077], [126.9859387, 37.5849662], [126.9859953, 37.5848246], [126.9860113, 37.5845736], [126.9859334, 37.5845063], [126.9860944, 37.5841402], [126.9861121, 37.5841136], [126.9858325, 37.584021], [126.9857989, 37.5839355], [126.9859405, 37.5839103], [126.9860254, 37.5838752], [126.986029, 37.5837392], [126.9858838, 37.5837252], [126.9856626, 37.5837252], [126.9856414, 37.5836508], [126.9856449, 37.5835541], [126.9857087, 37.58354], [126.9858555, 37.5835443], [126.9858414, 37.5834685], [126.9860236, 37.5834531], [126.9860148, 37.5832778], [126.986082, 37.5832554], [126.9861422, 37.5832708], [126.9861918, 37.5835036], [126.9862661, 37.5835092], [126.9862289, 37.5841641], [126.9863422, 37.5841921], [126.9864147, 37.5842552], [126.9863776, 37.5846535], [126.9863103, 37.5846563], [126.9862625, 37.5851022], [126.9861599, 37.5851022], [126.9861157, 37.5855818], [126.9858715, 37.585565]]]]}, "properties": {"name": null, "osm_id": "osm:w1214653680", "osm_key": "natural", "green_type": "wood"}}, {"type": "Feature", "geometry": {"type": "MultiPolygon", "coordinates": [[[[126.9926449, 37.5791235], [126.9927407, 37.5791567], [126.992823, 37.5791339], [126.992861, 37.5791051], [126.9929035, 37.5790988], [126.9929486, 37.5790988], [126.993019, 37.5791656], [126.9930574, 37.5791602], [126.9930889, 37.5791222], [126.9930352, 37.5790417], [126.9930204, 37.5790268], [126.9929601, 37.5789163], [126.9929815, 37.578862], [126.9929574, 37.5787823], [126.9929212, 37.5787388], [126.9928649, 37.578726], [126.9927375, 37.5787866], [126.9926865, 37.578862], [126.9925873, 37.5789535], [126.9925765, 37.5790236], [126.9926449, 37.5791235]]]]}, "properties": {"name": null, "osm_id": "osm:w1214911062", "osm_key": "natural", "green_type": "wood"}}, {"type": "Feature", "geometry": {"type": "MultiPolygon", "coordinates": [[[[126.990577, 37.5794808], [126.9905646, 37.5795804], [126.9914123, 37.5796435], [126.9913733, 37.5800011], [126.9917792, 37.5800257], [126.9918308, 37.5800166], [126.9918425, 37.5797822], [126.9914335, 37.5797409], [126.9914427, 37.5796835], [126.9914595, 37.5796857], [126.9914723, 37.5795961], [126.9912623, 37.5795773], [126.9912603, 37.5795912], [126.9908853, 37.5795576], [126.9908931, 37.5795029], [126.990577, 37.5794808]]]]}, "properties": {"name": null, "osm_id": "osm:w1214911063", "osm_key": "landuse", "green_type": "grass"}}, {"type": "Feature", "geometry": {"type": "MultiPolygon", "coordinates": [[[[126.9946787, 37.5793896], [126.994644, 37.5793706], [126.9946163, 37.5793346], [126.9945938, 37.5792992], [126.9945899, 37.5792493], [126.9946086, 37.5789818], [126.9946375, 37.5789779], [126.9949447, 37.5789952], [126.9949363, 37.579089], [126.9948781, 37.5790857], [126.9948711, 37.5791634], [126.9953647, 37.5791913], [126.9953396, 37.5794365], [126.9946787, 37.5793896]]]]}, "properties": {"name": null, "osm_id": "osm:w1214911064", "osm_key": "landuse", "green_type": "grass"}}, {"type": "Feature", "geometry": {"type": "MultiPolygon", "coordinates": [[[[126.995381, 37.57944], [126.9954072, 37.5791937], [126.9956627, 37.5792082], [126.9956582, 37.5792579], [126.9957525, 37.5792633], [126.9957566, 37.579218], [126.9958243, 37.5792219], [126.9957803, 37.579474], [126.995381, 37.57944]]]]}, "properties": {"name": null, "osm_id": "osm:w1214911065", "osm_key": "landuse", "green_type": "grass"}}, {"type": "Feature", "geometry": {"type": "MultiPolygon", "coordinates": [[[[126.9959297, 37.5794816], [126.9958211, 37.5794741], [126.9958574, 37.5792237], [126.9960529, 37.5792348], [126.9959902, 37.5794742], [126.9959579, 37.5794709], [126.9959521, 37.5794802], [126.9959407, 37.5794855], [126.9959297, 37.5794816]]]]}, "properties": {"name": null, "osm_id": "osm:w1214911066", "osm_key": "landuse", "green_type": "grass"}}, {"type": "Feature", "geometry": {"type": "MultiPolygon", "coordinates": [[[[126.9960762, 37.579485], [126.9960574, 37.5794853], [126.9960405, 37.5794805], [126.9961085, 37.5792379], [126.996153, 37.5792404], [126.9961071, 37.579456], [126.9960999, 37.5794718], [126.9960885, 37.5794814], [126.9960762, 37.579485]]]]}, "properties": {"name": null, "osm_id": "osm:w1214911067", "osm_key": "landuse", "green_type": "grass"}}, {"type": "Feature", "geometry": {"type": "MultiPolygon", "coordinates": [[[[126.999236, 37.5805881], [126.9990802, 37.5807524], [126.9987367, 37.580745], [126.9987691, 37.5802127], [126.9991884, 37.5802277], [126.9991806, 37.5802768], [126.9991467, 37.5802731], [126.9991024, 37.5805321], [126.9991351, 37.5805404], [126.9991304, 37.5805682], [126.999236, 37.5805881]]]]}, "properties": {"name": null, "osm_id": "osm:w1214916485", "osm_key": "landuse", "green_type": "grass"}}, {"type": "Feature", "geometry": {"type": "MultiPolygon", "coordinates": [[[[126.9989779, 37.5781016], [126.999021, 37.5781001], [126.9990622, 37.5781102], [126.9990966, 37.5781308], [126.9991203, 37.5781594], [126.9991303, 37.5781926], [126.9991256, 37.5782265], [126.9991067, 37.5782572], [126.9990757, 37.5782811], [126.9990365, 37.5782952], [126.9989935, 37.5782979], [126.9989563, 37.5782906], [126.9989237, 37.5782747], [126.9988987, 37.5782518], [126.9988835, 37.5782239], [126.9988796, 37.5781937], [126.9988874, 37.578164], [126.9989061, 37.5781375], [126.998938, 37.5781146], [126.9989779, 37.5781016]]]]}, "properties": {"name": null, "osm_id": "osm:w1214916495", "osm_key": "landuse", "green_type": "grass"}}, {"type": "Feature", "geometry": {"type": "MultiPolygon", "coordinates": [[[[126.9885183, 37.5720605], [126.9885548, 37.5719123], [126.9886473, 37.5719147], [126.9887693, 37.5719566], [126.9887032, 37.5720944], [126.9885183, 37.5720605]]]]}, "properties": {"name": null, "osm_id": "osm:w1214925515", "osm_key": "leisure", "green_type": "garden"}}, {"type": "Feature", "geometry": {"type": "MultiPolygon", "coordinates": [[[[126.9838245, 37.5710378], [126.9840732, 37.5708277], [126.9840919, 37.5708157], [126.9841001, 37.570799], [126.9841024, 37.5707778], [126.9840767, 37.5707731], [126.984072, 37.5707852], [126.9840148, 37.5708416], [126.9839179, 37.570923], [126.9838864, 37.5709018], [126.9840078, 37.5707879], [126.9840172, 37.570688], [126.9841054, 37.570683], [126.9841473, 37.5706806], [126.9841683, 37.5710386], [126.9838245, 37.5710378]]]]}, "properties": {"name": null, "osm_id": "osm:w1214927437", "osm_key": "landuse", "green_type": "grass"}}, {"type": "Feature", "geometry": {"type": "MultiPolygon", "coordinates": [[[[126.9888774, 37.5805263], [126.9888692, 37.5804707], [126.9889099, 37.5804627], [126.9888977, 37.5803982], [126.9889363, 37.5803966], [126.9889221, 37.5803056], [126.9890512, 37.5803088], [126.9890573, 37.5802871], [126.9891457, 37.5802887], [126.9891396, 37.5803646], [126.9891264, 37.5805311], [126.9888774, 37.5805263]]]]}, "properties": {"name": null, "osm_id": "osm:w1214929065", "osm_key": "landuse", "green_type": "grass"}}, {"type": "Feature", "geometry": {"type": "MultiPolygon", "coordinates": [[[[126.9888197, 37.5799357], [126.9888339, 37.5798603], [126.9888344, 37.5798575], [126.9889015, 37.5798551], [126.9888914, 37.5799082], [126.9889096, 37.5799098], [126.9889056, 37.5799469], [126.9889818, 37.5799541], [126.9890093, 37.5798454], [126.9890464, 37.5798487], [126.9890352, 37.5798994], [126.9890972, 37.5799059], [126.98908, 37.579986], [126.9889731, 37.5799804], [126.988963, 37.579976], [126.9888838, 37.5799711], [126.9888878, 37.5799421], [126.9888197, 37.5799357]]]]}, "properties": {"name": null, "osm_id": "osm:w1214929066", "osm_key": "landuse", "green_type": "grass"}}, {"type": "Feature", "geometry": {"type": "MultiPolygon", "coordinates": [[[[126.9888339, 37.5798603], [126.9888057, 37.5798401], [126.9887333, 37.5798255], [126.9886986, 37.5797461], [126.9887487, 37.5797229], [126.9887718, 37.5797314], [126.9887926, 37.5797406], [126.9888095, 37.5797723], [126.9888295, 37.5797986], [126.9888627, 37.5798145], [126.9889104, 37.5798004], [126.988912, 37.579787], [126.9889335, 37.5797693], [126.9889697, 37.5797589], [126.9890129, 37.5797901], [126.9890121, 37.57982], [126.9890093, 37.5798454], [126.9889818, 37.5799541], [126.9889056, 37.5799469], [126.9889096, 37.5799098], [126.9888914, 37.5799082], [126.9889015, 37.5798551], [126.9888339, 37.5798603]]]]}, "properties": {"name": null, "osm_id": "osm:w1214929067", "osm_key": "leisure", "green_type": "garden"}}, {"type": "Feature", "geometry": {"type": "MultiPolygon", "coordinates": [[[[126.9889221, 37.5803056], [126.9889125, 37.5802112], [126.9891771, 37.5802343], [126.9891771, 37.5803634], [126.9891396, 37.5803646], [126.9891457, 37.5802887], [126.9890573, 37.5802871], [126.9890512, 37.5803088], [126.9889221, 37.5803056]]]]}, "properties": {"name": null, "osm_id": "osm:w1214929068", "osm_key": "leisure", "green_type": "garden"}}, {"type": "Feature", "geometry": {"type": "MultiPolygon", "coordinates": [[[[126.9872958, 37.5806094], [126.9872219, 37.5806032], [126.9872555, 37.5804332], [126.9872575, 37.5803704], [126.9873053, 37.5803736], [126.9873063, 37.5803511], [126.9873957, 37.5803551], [126.9873835, 37.5804187], [126.9877078, 37.5804646], [126.9875268, 37.5807973], [126.9874587, 37.5807844], [126.9874648, 37.580753], [126.9874852, 37.5806717], [126.987475, 37.5806443], [126.9874862, 37.5806185], [126.9874943, 37.5805935], [126.9874862, 37.5805686], [126.9874598, 37.5805468], [126.987411, 37.5805355], [126.9873784, 37.5805444], [126.987353, 37.5805758], [126.9873467, 37.5806137], [126.9872958, 37.5806094]]]]}, "properties": {"name": null, "osm_id": "osm:w1214934042", "osm_key": "leisure", "green_type": "garden"}}, {"type": "Feature", "geometry": {"type": "MultiPolygon", "coordinates": [[[[126.9870794, 37.5809076], [126.9870748, 37.5807708], [126.9872049, 37.5807733], [126.9873351, 37.5807831], [126.9873282, 37.5808423], [126.987158, 37.5808325], [126.9871341, 37.5808557], [126.9871171, 37.5809076], [126.9870794, 37.5809076]]]]}, "properties": {"name": null, "osm_id": "osm:w1214934045", "osm_key": "leisure", "green_type": "garden"}}, {"type": "Feature", "geometry": {"type": "MultiPolygon", "coordinates": [[[[126.9875748, 37.5812179], [126.9875561, 37.5811957], [126.9875024, 37.5811023], [126.9874954, 37.5810569], [126.9875258, 37.5809931], [126.9875947, 37.5808293], [126.9876203, 37.5808043], [126.9876378, 37.580796], [126.9876484, 37.5807942], [126.9876133, 37.5811809], [126.9875982, 37.5812105], [126.9875748, 37.5812179]]]]}, "properties": {"name": null, "osm_id": "osm:w1214934046", "osm_key": "leisure", "green_type": "garden"}}, {"type": "Feature", "geometry": {"type": "MultiPolygon", "coordinates": [[[[126.9877482, 37.5815274], [126.9877697, 37.5813807], [126.9880218, 37.5813913], [126.9880258, 37.5814169], [126.988345, 37.5814881], [126.9883464, 37.5815168], [126.9877482, 37.5815274]]]]}, "properties": {"name": null, "osm_id": "osm:w1214934047", "osm_key": "leisure", "green_type": "garden"}}, {"type": "Feature", "geometry": {"type": "MultiPolygon", "coordinates": [[[[126.9876955, 37.582273], [126.9876708, 37.5822498], [126.9876708, 37.5822083], [126.9876693, 37.5821863], [126.9876477, 37.5821606], [126.9876108, 37.5821301], [126.987583, 37.5821118], [126.9875876, 37.5820703], [126.9875892, 37.5820227], [126.9876539, 37.5820202], [126.9877217, 37.5820239], [126.9877663, 37.5820471], [126.9878064, 37.5820666], [126.9878572, 37.5820972], [126.9878696, 37.582124], [126.9878665, 37.5821643], [126.9878526, 37.5821912], [126.9878357, 37.5822131], [126.9878264, 37.5822315], [126.9878264, 37.5822571], [126.987811, 37.5822803], [126.9876955, 37.582273]]]]}, "properties": {"name": null, "osm_id": "osm:w1214934049", "osm_key": "leisure", "green_type": "garden"}}, {"type": "Feature", "geometry": {"type": "MultiPolygon", "coordinates": [[[[126.9903917, 37.5754887], [126.9905071, 37.5750976], [126.9906559, 37.5751326], [126.9905527, 37.5755164], [126.9903917, 37.5754887]]]]}, "properties": {"name": null, "osm_id": "osm:w1214935985", "osm_key": "leisure", "green_type": "park"}}, {"type": "Feature", "geometry": {"type": "MultiPolygon", "coordinates": [[[[126.9890631, 37.5801244], [126.9890779, 37.5799961], [126.989148, 37.5800025], [126.9891734, 37.5798616], [126.9892318, 37.5798666], [126.9891962, 37.5801405], [126.9890631, 37.5801244]]]]}, "properties": {"name": null, "osm_id": "osm:w1214935987", "osm_key": "leisure", "green_type": "garden"}}, {"type": "Feature", "geometry": {"type": "MultiPolygon", "coordinates": [[[[126.9891167, 37.5811219], [126.9891097, 37.5810673], [126.9890688, 37.5810599], [126.9890607, 37.5810016], [126.9889813, 37.5810016], [126.9889766, 37.580935], [126.9891541, 37.5809202], [126.9891646, 37.5809322], [126.9891972, 37.5810201], [126.9892008, 37.5811164], [126.9891167, 37.5811219]]]]}, "properties": {"name": null, "osm_id": "osm:w1214935989", "osm_key": "leisure", "green_type": "garden"}}, {"type": "Feature", "geometry": {"type": "MultiPolygon", "coordinates": [[[[126.9892804, 37.5766613], [126.9892384, 37.5766113], [126.9891987, 37.5765826], [126.989166, 37.576566], [126.9891297, 37.5765583], [126.9891297, 37.5765325], [126.989145, 37.5765333], [126.989147, 37.5764721], [126.9892115, 37.5764697], [126.9892512, 37.5764327], [126.9892512, 37.5764142], [126.9892792, 37.5764142], [126.9892921, 37.5766622], [126.9892804, 37.5766613]]]]}, "properties": {"name": null, "osm_id": "osm:w1214935998", "osm_key": "leisure", "green_type": "garden"}}, {"type": "Feature", "geometry": {"type": "MultiPolygon", "coordinates": [[[[126.9892676, 37.5772757], [126.9892559, 37.5772664], [126.9892512, 37.5772303], [126.9892498, 37.5771219], [126.9892501, 37.5770462], [126.9892536, 37.5768537], [126.9892757, 37.5767806], [126.9892977, 37.57678], [126.9893096, 37.577259], [126.9893014, 37.577271], [126.9892886, 37.5772794], [126.9892676, 37.5772757]]]]}, "properties": {"name": null, "osm_id": "osm:w1214935999", "osm_key": "leisure", "green_type": "garden"}}, {"type": "Feature", "geometry": {"type": "MultiPolygon", "coordinates": [[[[126.9856611, 37.5793628], [126.9856809, 37.5792987], [126.9856234, 37.5792846], [126.9854901, 37.5792602], [126.9854749, 37.5792974], [126.9854996, 37.5793263], [126.9855404, 37.5793404], [126.9856611, 37.5793628]]]]}, "properties": {"name": null, "osm_id": "osm:w1293017068", "osm_key": "leisure", "green_type": "garden"}}, {"type": "Feature", "geometry": {"type": "MultiPolygon", "coordinates": [[[[126.9885324, 37.5766171], [126.9885207, 37.5768093], [126.988339, 37.5768225], [126.9883345, 37.5769134], [126.9884632, 37.5769112], [126.9884859, 37.5768295], [126.988635, 37.5768089], [126.9886476, 37.5766181], [126.9886826, 37.5765829], [126.9887398, 37.5765598], [126.9888106, 37.5765551], [126.9887974, 37.5765245], [126.9887679, 37.5765245], [126.988771, 37.5764713], [126.9887365, 37.5764529], [126.9885538, 37.5764848], [126.9885324, 37.5766171]]]]}, "properties": {"name": null, "osm_id": "osm:w1214936015", "osm_key": "leisure", "green_type": "garden"}}, {"type": "Feature", "geometry": {"type": "MultiPolygon", "coordinates": [[[[126.9938688, 37.5827684], [126.9939104, 37.5826478], [126.9941112, 37.5826857], [126.9941033, 37.5827088], [126.9940803, 37.5827144], [126.9940643, 37.5827313], [126.9940581, 37.5827537], [126.9940688, 37.5827804], [126.9940838, 37.5827895], [126.9940856, 37.5828007], [126.994067, 37.5828091], [126.9938688, 37.5827684]]]]}, "properties": {"name": null, "osm_id": "osm:w1214940200", "osm_key": "landuse", "green_type": "grass"}}, {"type": "Feature", "geometry": {"type": "MultiPolygon", "coordinates": [[[[126.994136, 37.5828224], [126.9941289, 37.5828112], [126.9941307, 37.5828042], [126.9941537, 37.5828021], [126.9941838, 37.5827832], [126.9941971, 37.58276], [126.9941953, 37.5827376], [126.9941767, 37.5827236], [126.9941599, 37.582718], [126.9941687, 37.5826948], [126.9943714, 37.582739], [126.9943802, 37.5827488], [126.9943519, 37.5828505], [126.9943342, 37.5828624], [126.994136, 37.5828224]]]]}, "properties": {"name": null, "osm_id": "osm:w1214940201", "osm_key": "landuse", "green_type": "grass"}}, {"type": "Feature", "geometry": {"type": "MultiPolygon", "coordinates": [[[[126.998523, 37.5813508], [126.9984973, 37.5813406], [126.9984891, 37.5813249], [126.9984915, 37.5813055], [126.9985043, 37.5812916], [126.9985405, 37.5812944], [126.9988408, 37.5813242], [126.9992212, 37.5813619], [126.9992317, 37.5812768], [126.9991756, 37.581237], [126.9991242, 37.5812009], [126.9990869, 37.5811787], [126.9987063, 37.5811575], [126.9986024, 37.5811399], [126.9985265, 37.5811343], [126.9985183, 37.581114], [126.9985207, 37.5810899], [126.9985347, 37.5810779], [126.9991324, 37.5810927], [126.999192, 37.5811186], [126.999255, 37.5811565], [126.9996531, 37.5811612], [126.9996543, 37.581089], [126.9999765, 37.5811047], [127.0000174, 37.5811288], [126.9999497, 37.5811843], [126.9998224, 37.5812241], [126.9997699, 37.5812713], [126.9996882, 37.5812555], [126.9993542, 37.5812602], [126.9993449, 37.581373], [126.9993192, 37.581398], [126.9991931, 37.5814073], [126.998523, 37.5813508]]]]}, "properties": {"name": null, "osm_id": "osm:w1214940257", "osm_key": "natural", "green_type": "wood"}}, {"type": "Feature", "geometry": {"type": "MultiPolygon", "coordinates": [[[[127.0091781, 37.5726416], [127.0091164, 37.5727447], [127.0091084, 37.5728223], [127.0091472, 37.5730115], [127.0091566, 37.5731911], [127.0091553, 37.5734621], [127.0091392, 37.5736333], [127.0091379, 37.5737874], [127.0091727, 37.5740287], [127.0091955, 37.57427], [127.0092103, 37.5743975], [127.009213, 37.5747175], [127.009166, 37.5749258], [127.0090963, 37.5751309], [127.0090762, 37.5752648], [127.0090641, 37.5753648], [127.008981, 37.5753796], [127.0089555, 37.5756528], [127.0089059, 37.5757123], [127.0089005, 37.575791], [127.008926, 37.5758303], [127.0089434, 37.5758781], [127.0089273, 37.5759855], [127.0088817, 37.5761343], [127.0088133, 37.5763214], [127.0087637, 37.576501], [127.0087516, 37.576602], [127.008765, 37.5767954], [127.0087624, 37.5768549], [127.008753, 37.5768879], [127.0087396, 37.5768666], [127.0086765, 37.5765222], [127.0086443, 37.5763299], [127.0086054, 37.5761789], [127.0085156, 37.576164], [127.0084968, 37.5759366], [127.0085022, 37.5757867], [127.0086001, 37.5755901], [127.0087503, 37.5753084], [127.0088831, 37.5750183], [127.0089649, 37.5747238], [127.0089246, 37.5745229], [127.0088388, 37.5742381], [127.0088196, 37.5740531], [127.0088366, 37.5739188], [127.0088705, 37.5738247], [127.0089521, 37.5737148], [127.0089737, 37.573666], [127.0089413, 37.57355], [127.0088951, 37.573412], [127.0089074, 37.5731679], [127.0088643, 37.5729725], [127.008852, 37.5728589], [127.0088658, 37.5727368], [127.0089228, 37.5726685], [127.0090261, 37.572616], [127.0091062, 37.5725964], [127.0091986, 37.5726025], [127.0091781, 37.5726416]]]]}, "properties": {"name": null, "osm_id": "osm:w1215675493", "osm_key": "natural", "green_type": "wood"}}, {"type": "Feature", "geometry": {"type": "MultiPolygon", "coordinates": [[[[126.9821021, 37.5666349], [126.9821021, 37.5666606], [126.9822662, 37.5666606], [126.9822269, 37.5666063], [126.98221, 37.5665599], [126.9822092, 37.5665343], [126.9822292, 37.5664909], [126.9822565, 37.5664579], [126.9820931, 37.5664578], [126.9821021, 37.5666349]]]]}, "properties": {"name": null, "osm_id": "osm:w1215686472", "osm_key": "leisure", "green_type": "garden"}}, {"type": "Feature", "geometry": {"type": "MultiPolygon", "coordinates": [[[[126.9828738, 37.5662585], [126.9828779, 37.5664397], [126.982884, 37.5664551], [126.9828931, 37.5664655], [126.9830232, 37.5663721], [126.9828738, 37.5662585]]]]}, "properties": {"name": null, "osm_id": "osm:w1215686482", "osm_key": "landuse", "green_type": "grass"}}, {"type": "Feature", "geometry": {"type": "MultiPolygon", "coordinates": [[[[126.9829958, 37.5662408], [126.9829951, 37.5661763], [126.9833037, 37.5661739], [126.9833078, 37.5661811], [126.9830984, 37.5663173], [126.9829958, 37.5662408]]]]}, "properties": {"name": null, "osm_id": "osm:w1215686483", "osm_key": "landuse", "green_type": "grass"}}, {"type": "Feature", "geometry": {"type": "MultiPolygon", "coordinates": [[[[127.0086128, 37.5809672], [127.0088071, 37.5810441], [127.0089765, 37.5811272], [127.009126, 37.5812151], [127.0092168, 37.5812724], [127.0092593, 37.5812856], [127.0092982, 37.5812706], [127.0093371, 37.5812375], [127.0094503, 37.5810781], [127.0095304, 37.5810507], [127.0096094, 37.5808856], [127.0097516, 37.5807413], [127.0098961, 37.5806956], [127.0100487, 37.5806691], [127.0101919, 37.5806904], [127.0103137, 37.5807265], [127.0104642, 37.5807784], [127.0105993, 37.5808693], [127.0107745, 37.581064], [127.0110144, 37.5812758], [127.0111544, 37.5813932], [127.0112683, 37.5814519], [127.0113191, 37.5814696], [127.0113668, 37.5814681], [127.0113822, 37.5814593], [127.0113494, 37.5813863], [127.0108945, 37.5809908], [127.0105935, 37.5805251], [127.0104905, 37.5803875], [127.0103729, 37.580317], [127.0102033, 37.5802643], [127.0099048, 37.5802698], [127.0096722, 37.5803087], [127.0094442, 37.5803558], [127.0091798, 37.5804328], [127.0089412, 37.5804944], [127.0088488, 37.5806408], [127.0086998, 37.5808041], [127.0086673, 37.5808649], [127.0086128, 37.5809672]]]]}, "properties": {"name": null, "osm_id": "osm:w1216125540", "osm_key": "natural", "green_type": "wood"}}, {"type": "Feature", "geometry": {"type": "MultiPolygon", "coordinates": [[[[127.008929, 37.5803153], [127.0088298, 37.5799316], [127.008807, 37.5798444], [127.008756, 37.5797615], [127.0087735, 37.579735], [127.0087923, 37.5797307], [127.0087869, 37.5796999], [127.0088942, 37.5796733], [127.0089411, 37.5797732], [127.0090551, 37.579752], [127.0090994, 37.5798753], [127.0091584, 37.5800039], [127.0092053, 37.5800357], [127.0092751, 37.5800156], [127.009373, 37.5799443], [127.0094145, 37.5800081], [127.0095218, 37.5799837], [127.0095178, 37.5799156], [127.0094387, 37.5798976], [127.0094856, 37.5798349], [127.009546, 37.579804], [127.0095848, 37.5797881], [127.0096546, 37.5797828], [127.0097458, 37.5797817], [127.0098745, 37.5797892], [127.009963, 37.5797998], [127.0100073, 37.5798253], [127.0100864, 37.5799709], [127.0101387, 37.5800272], [127.0101937, 37.5800698], [127.0102339, 37.5800963], [127.0102339, 37.5801346], [127.0102299, 37.5801505], [127.0101736, 37.5801633], [127.0099604, 37.5801633], [127.0095325, 37.5802377], [127.0090015, 37.580345], [127.0089612, 37.5803365], [127.008929, 37.5803153]]]]}, "properties": {"name": null, "osm_id": "osm:w1216125541", "osm_key": "natural", "green_type": "wood"}}, {"type": "Feature", "geometry": {"type": "MultiPolygon", "coordinates": [[[[126.9848109, 37.5846752], [126.9848109, 37.584628], [126.9848635, 37.5845632], [126.9849277, 37.5845429], [126.9850433, 37.5845429], [126.9850503, 37.5846724], [126.9848109, 37.5846752]]]]}, "properties": {"name": null, "osm_id": "osm:w1216139701", "osm_key": "landuse", "green_type": "grass"}}, {"type": "Feature", "geometry": {"type": "MultiPolygon", "coordinates": [[[[126.9855253, 37.5666424], [126.9855246, 37.5666753], [126.98556, 37.5666767], [126.9855812, 37.5666711], [126.985598, 37.566662], [126.9856184, 37.5666606], [126.985614, 37.5666753], [126.9856025, 37.5666858], [126.9855821, 37.566702], [126.9855821, 37.5667279], [126.9856529, 37.5667286], [126.9856777, 37.5667209], [126.9857007, 37.5667069], [126.9857122, 37.5666865], [126.9857131, 37.566345], [126.9857024, 37.5663281], [126.985675, 37.566312], [126.9856405, 37.5663092], [126.9855237, 37.5663085], [126.9855249, 37.56635], [126.9855253, 37.5666424]]]]}, "properties": {"name": null, "osm_id": "osm:w1216346307", "osm_key": "leisure", "green_type": "garden"}}, {"type": "Feature", "geometry": {"type": "MultiPolygon", "coordinates": [[[[126.9805148, 37.5866095], [126.9806196, 37.586424], [126.9807259, 37.586247], [126.9807829, 37.5861432], [126.9808075, 37.5860773], [126.9811757, 37.5860773], [126.9811572, 37.5857916], [126.9807998, 37.5858417], [126.9807782, 37.5857648], [126.9812096, 37.5856952], [126.9811372, 37.5853668], [126.9806735, 37.5854327], [126.9806411, 37.5853277], [126.980655, 37.5853204], [126.9808029, 37.5852984], [126.980789, 37.5851361], [126.980712, 37.5851239], [126.980732, 37.5848748], [126.9808325, 37.5848811], [126.980824, 37.5849875], [126.9811592, 37.5850043], [126.9811653, 37.5849185], [126.9812389, 37.5849395], [126.9812681, 37.5848577], [126.9813097, 37.5848614], [126.9813359, 37.5847137], [126.9810245, 37.5846591], [126.9809776, 37.5846686], [126.980936, 37.5846325], [126.9808005, 37.584573], [126.980712, 37.5845581], [126.9807147, 37.5845283], [126.9808475, 37.584539], [126.9808689, 37.5844508], [126.9810714, 37.5844688], [126.9811235, 37.5844307], [126.9811389, 37.5843721], [126.9811405, 37.5842793], [126.9811204, 37.5842683], [126.9811374, 37.5842366], [126.9811836, 37.5842036], [126.9812267, 37.5841682], [126.981293, 37.5841926], [126.98135, 37.5842329], [126.9813777, 37.5842718], [126.9813962, 37.5842976], [126.9814409, 37.5843477], [126.9814424, 37.5843855], [126.9814794, 37.5844234], [126.9814794, 37.5844771], [126.9814193, 37.5845686], [126.9814147, 37.5846089], [126.9814701, 37.5846004], [126.9815687, 37.5845772], [126.9816504, 37.5844698], [126.9816951, 37.5843623], [126.9816627, 37.5841719], [126.9816504, 37.5840339], [126.9816596, 37.5840132], [126.9816874, 37.5840376], [126.9817089, 37.5840999], [126.9818603, 37.5842531], [126.981809, 37.5842809], [126.981795, 37.584328], [126.9817564, 37.5843808], [126.9817728, 37.5844548], [126.9817978, 37.5844611], [126.9818171, 37.5844659], [126.9818347, 37.5845112], [126.9818335, 37.5845899], [126.9817739, 37.5846167], [126.9816887, 37.5846315], [126.9815626, 37.5846546], [126.981607, 37.5848776], [126.9816012, 37.5850691], [126.9816047, 37.585108], [126.9816303, 37.585194], [126.9816409, 37.585231], [126.9816467, 37.5853217], [126.98167, 37.5853319], [126.98167, 37.585392], [126.981656, 37.5854892], [126.9816397, 37.5855178], [126.9815813, 37.5855169], [126.9815568, 37.5855178], [126.9815393, 37.5855484], [126.9815591, 37.5856492], [126.9815498, 37.5857001], [126.9816864, 37.5857158], [126.9816735, 37.5857519], [126.9816268, 37.5858019], [126.9815008, 37.5859147], [126.9813898, 37.5861007], [126.981321, 37.586196], [126.9811242, 37.5864227], [126.9810194, 37.5864227], [126.9808407, 37.5863519], [126.9808068, 37.5863421], [126.9807807, 37.5863788], [126.9807529, 37.5864349], [126.9807729, 37.5864508], [126.9808361, 37.5864813], [126.98087, 37.5865082], [126.9808777, 37.5865424], [126.9808222, 37.5865851], [126.9807668, 37.5866217], [126.980679, 37.5866608], [126.9806066, 37.5866205], [126.9805148, 37.5866095]]]]}, "properties": {"name": null, "osm_id": "osm:w1217433136", "osm_key": "natural", "green_type": "wood"}}, {"type": "Feature", "geometry": {"type": "MultiPolygon", "coordinates": [[[[126.9807248, 37.5842503], [126.9807637, 37.5840596], [126.9807885, 37.5839895], [126.9808221, 37.5839376], [126.9808557, 37.5839137], [126.981491, 37.5839109], [126.9815459, 37.5839348], [126.9815671, 37.5839726], [126.9815706, 37.5840189], [126.9815636, 37.5840357], [126.9814043, 37.584047], [126.9814167, 37.5841227], [126.9815657, 37.5841135], [126.9815738, 37.5841264], [126.981582, 37.5841995], [126.9815633, 37.5842199], [126.9815178, 37.5842328], [126.9814536, 37.584218], [126.9814174, 37.5841893], [126.9813602, 37.5841505], [126.9812528, 37.5841199], [126.9811605, 37.5841162], [126.9811068, 37.5841051], [126.9810835, 37.5840617], [126.9810601, 37.5840348], [126.981024, 37.5840295], [126.9809897, 37.5840379], [126.9809696, 37.5840499], [126.9809259, 37.5840866], [126.9808838, 37.584132], [126.980871, 37.5841838], [126.9808465, 37.5842337], [126.9808114, 37.5842578], [126.9807248, 37.5842503]]]]}, "properties": {"name": null, "osm_id": "osm:w1217433140", "osm_key": "natural", "green_type": "wood"}}, {"type": "Feature", "geometry": {"type": "MultiPolygon", "coordinates": [[[[126.9808114, 37.5842578], [126.9809611, 37.5842713], [126.9809655, 37.5842229], [126.9809744, 37.5841661], [126.9809859, 37.5841276], [126.9810106, 37.5841108], [126.9810443, 37.5841058], [126.9810832, 37.5841051], [126.9811068, 37.5841051], [126.9810835, 37.5840617], [126.9810601, 37.5840348], [126.981024, 37.5840295], [126.9809897, 37.5840379], [126.9809696, 37.5840499], [126.9809259, 37.5840866], [126.9808838, 37.584132], [126.980871, 37.5841838], [126.9808465, 37.5842337], [126.9808114, 37.5842578]]]]}, "properties": {"name": null, "osm_id": "osm:w1217433141", "osm_key": "landuse", "green_type": "grass"}}, {"type": "Feature", "geometry": {"type": "MultiPolygon", "coordinates": [[[[126.979844, 37.5843056], [126.9798532, 37.5841664], [126.9799611, 37.5841652], [126.9799595, 37.5842006], [126.980015, 37.584203], [126.9800196, 37.5843422], [126.9799102, 37.5843373], [126.9799087, 37.5843093], [126.979844, 37.5843056]]]]}, "properties": {"name": null, "osm_id": "osm:w1217433144", "osm_key": "landuse", "green_type": "grass"}}, {"type": "Feature", "geometry": {"type": "MultiPolygon", "coordinates": [[[[126.9798748, 37.5841029], [126.9798794, 37.5839772], [126.9801814, 37.5839821], [126.9801869, 37.5840738], [126.9799688, 37.5840573], [126.9799633, 37.5841033], [126.9798748, 37.5841029]]]]}, "properties": {"name": null, "osm_id": "osm:w1217433145", "osm_key": "landuse", "green_type": "grass"}}, {"type": "Feature", "geometry": {"type": "MultiPolygon", "coordinates": [[[[126.9802299, 37.5843787], [126.9802068, 37.584231], [126.9802469, 37.5841773], [126.9802839, 37.5841883], [126.9803501, 37.5841883], [126.9803547, 37.5843836], [126.9802299, 37.5843787]]]]}, "properties": {"name": null, "osm_id": "osm:w1217433147", "osm_key": "natural", "green_type": "grassland"}}, {"type": "Feature", "geometry": {"type": "MultiPolygon", "coordinates": [[[[126.9823281, 37.5830562], [126.9823901, 37.5830534], [126.9823936, 37.5830815], [126.9823308, 37.5830843], [126.9823281, 37.5830562]]]]}, "properties": {"name": null, "osm_id": "osm:w1217438179", "osm_key": "leisure", "green_type": "garden"}}, {"type": "Feature", "geometry": {"type": "MultiPolygon", "coordinates": [[[[126.9824546, 37.5830784], [126.9824538, 37.5830499], [126.9824821, 37.5830497], [126.9824838, 37.5830773], [126.9824546, 37.5830784]]]]}, "properties": {"name": null, "osm_id": "osm:w1217438181", "osm_key": "leisure", "green_type": "garden"}}, {"type": "Feature", "geometry": {"type": "MultiPolygon", "coordinates": [[[[126.982469, 37.5831981], [126.9824659, 37.5831499], [126.9825398, 37.5831475], [126.9825445, 37.5831957], [126.982469, 37.5831981]]]]}, "properties": {"name": null, "osm_id": "osm:w1217438183", "osm_key": "leisure", "green_type": "garden"}}, {"type": "Feature", "geometry": {"type": "MultiPolygon", "coordinates": [[[[126.9823858, 37.5832573], [126.9824051, 37.5832567], [126.9823997, 37.5831481], [126.9822756, 37.5831542], [126.9822787, 37.5831804], [126.9823812, 37.5831774], [126.9823858, 37.5832573]]]]}, "properties": {"name": null, "osm_id": "osm:w1217438185", "osm_key": "leisure", "green_type": "garden"}}, {"type": "Feature", "geometry": {"type": "MultiPolygon", "coordinates": [[[[126.9821167, 37.5834883], [126.9822307, 37.5834893], [126.9822427, 37.5836881], [126.9822481, 37.583746], [126.9822655, 37.5837986], [126.9823433, 37.5838857], [126.9823862, 37.5839293], [126.9822883, 37.5839516], [126.9822334, 37.5838719], [126.9821878, 37.5837869], [126.9821529, 37.5836891], [126.9821167, 37.5834883]]]]}, "properties": {"name": null, "osm_id": "osm:w1217438186", "osm_key": "leisure", "green_type": "garden"}}, {"type": "Feature", "geometry": {"type": "MultiPolygon", "coordinates": [[[[126.986953, 37.5781785], [126.9868522, 37.5781777], [126.9868548, 37.5777334], [126.9868535, 37.5777058], [126.9868776, 37.5776952], [126.9869112, 37.5776899], [126.9873054, 37.5776994], [126.9873899, 37.5777675], [126.9873873, 37.5778197], [126.9870218, 37.5778197], [126.986953, 37.5778197], [126.986953, 37.5781785]]]]}, "properties": {"name": null, "osm_id": "osm:w1217443895", "osm_key": "leisure", "green_type": "garden"}}, {"type": "Feature", "geometry": {"type": "MultiPolygon", "coordinates": [[[[126.987672, 37.5778197], [126.9876751, 37.57779], [126.9877767, 37.5777191], [126.988107, 37.577724], [126.9881085, 37.5778197], [126.9880294, 37.5778197], [126.987672, 37.5778197]]]]}, "properties": {"name": null, "osm_id": "osm:w1217443896", "osm_key": "leisure", "green_type": "garden"}}, {"type": "Feature", "geometry": {"type": "MultiPolygon", "coordinates": [[[[126.9869714, 37.5776253], [126.9869021, 37.5776252], [126.9868484, 37.5776113], [126.9868846, 37.5773938], [126.9868916, 37.5773772], [126.9869091, 37.5773698], [126.9869394, 37.577367], [126.9870235, 37.5773892], [126.9871251, 37.5774188], [126.9874029, 37.5774827], [126.987459, 37.5774938], [126.987459, 37.577627], [126.9874543, 37.5776355], [126.9874429, 37.5776387], [126.9874315, 37.577636], [126.9874242, 37.5776302], [126.9874258, 37.577502], [126.986979, 37.5774885], [126.9869714, 37.5776253]]]]}, "properties": {"name": null, "osm_id": "osm:w1217443897", "osm_key": "leisure", "green_type": "garden"}}, {"type": "Feature", "geometry": {"type": "MultiPolygon", "coordinates": [[[[126.984079, 37.5832692], [126.9840979, 37.5832057], [126.9843271, 37.5832478], [126.9843085, 37.5833144], [126.9842397, 37.5833021], [126.984079, 37.5832692]]]]}, "properties": {"name": null, "osm_id": "osm:w1220183108", "osm_key": "landuse", "green_type": "grass"}}, {"type": "Feature", "geometry": {"type": "MultiPolygon", "coordinates": [[[[126.9860845, 37.5829316], [126.9860878, 37.5828548], [126.9861108, 37.5828485], [126.9861798, 37.5828632], [126.9862338, 37.5828822], [126.9862506, 37.5829004], [126.9862517, 37.5829401], [126.9860845, 37.5829316]]]]}, "properties": {"name": null, "osm_id": "osm:w1220183121", "osm_key": "landuse", "green_type": "grass"}}, {"type": "Feature", "geometry": {"type": "MultiPolygon", "coordinates": [[[[126.9859727, 37.5861513], [126.985948, 37.5861354], [126.9859388, 37.5861134], [126.9859511, 37.5860768], [126.9859958, 37.586078], [126.986062, 37.586078], [126.9860728, 37.5861012], [126.9860697, 37.5861257], [126.9862099, 37.5861574], [126.9862623, 37.5861928], [126.9862839, 37.5862306], [126.986347, 37.5862624], [126.9865581, 37.5862819], [126.9868292, 37.5862966], [126.9868462, 37.5862978], [126.9868616, 37.5863161], [126.9868662, 37.5863576], [126.9868646, 37.5864675], [126.9868754, 37.5865041], [126.9869155, 37.586548], [126.9869586, 37.5865725], [126.986993, 37.5865997], [126.9869965, 37.5866537], [126.9869505, 37.5866621], [126.9868372, 37.5866354], [126.9863057, 37.5863291], [126.986107, 37.5862229], [126.9859727, 37.5861513]]]]}, "properties": {"name": null, "osm_id": "osm:w1220186768", "osm_key": "natural", "green_type": "wood"}}, {"type": "Feature", "geometry": {"type": "MultiPolygon", "coordinates": [[[[126.9877245, 37.5870445], [126.9876254, 37.5869085], [126.987613, 37.586858], [126.9876237, 37.5868187], [126.9876697, 37.586764], [126.9877404, 37.5866673], [126.9877705, 37.5865873], [126.9877422, 37.5862802], [126.9877316, 37.5862115], [126.987721, 37.5861288], [126.9877245, 37.5860895], [126.9878112, 37.5860629], [126.9878502, 37.586011], [126.9879103, 37.5857964], [126.9879015, 37.5857432], [126.9878962, 37.5856758], [126.987997, 37.5856744], [126.987882, 37.5861162], [126.9879227, 37.5865986], [126.9878165, 37.5869211], [126.9877829, 37.5870487], [126.9877758, 37.5870683], [126.9877245, 37.5870445]]]]}, "properties": {"name": null, "osm_id": "osm:w1220186770", "osm_key": "natural", "green_type": "wood"}}, {"type": "Feature", "geometry": {"type": "MultiPolygon", "coordinates": [[[[126.9825582, 37.586633], [126.9825233, 37.5866117], [126.9825206, 37.5865607], [126.9825555, 37.5865511], [126.982526, 37.5863736], [126.9827594, 37.5863407], [126.9827285, 37.5861802], [126.9825153, 37.5862047], [126.9824884, 37.5860623], [126.9825582, 37.5860538], [126.9827111, 37.5861324], [126.9828009, 37.5860176], [126.9827762, 37.5859134], [126.983116, 37.5860929], [126.9831408, 37.5860873], [126.9833513, 37.5860256], [126.9833655, 37.5858797], [126.9831337, 37.5857577], [126.983047, 37.5857381], [126.9829886, 37.5856974], [126.9828806, 37.5853931], [126.9828983, 37.5853693], [126.9829514, 37.5853623], [126.9833319, 37.5854647], [126.9833743, 37.5854899], [126.983392, 37.5855376], [126.9834504, 37.5856329], [126.9834664, 37.5856652], [126.9836239, 37.5856512], [126.9835124, 37.5858938], [126.9833938, 37.5861322], [126.9833319, 37.5861896], [126.9832735, 37.5862037], [126.9831248, 37.5861981], [126.9830771, 37.5862177], [126.9830788, 37.5862499], [126.983185, 37.586557], [126.9832062, 37.5866272], [126.9832098, 37.586672], [126.9831638, 37.5867127], [126.9831301, 37.5867183], [126.9831054, 37.5866636], [126.9828682, 37.586672], [126.9828541, 37.5864841], [126.9827161, 37.5864855], [126.9827037, 37.5865388], [126.9826984, 37.5865921], [126.98267, 37.5866286], [126.9825582, 37.586633]]]]}, "properties": {"name": null, "osm_id": "osm:w1220186782", "osm_key": "natural", "green_type": "wood"}}, {"type": "Feature", "geometry": {"type": "MultiPolygon", "coordinates": [[[[126.9842389, 37.5840947], [126.9843563, 37.5841517], [126.9843845, 37.5841559], [126.9844851, 37.5841442], [126.9847707, 37.5840858], [126.9847251, 37.5839742], [126.9846994, 37.5839804], [126.9847137, 37.5840391], [126.9845287, 37.5840754], [126.9844768, 37.5840834], [126.9844565, 37.5839812], [126.9844931, 37.5839401], [126.98461, 37.5839248], [126.9844931, 37.5838434], [126.9844514, 37.5838193], [126.9844189, 37.5838209], [126.9844209, 37.5838724], [126.9843996, 37.5838966], [126.9843762, 37.5839296], [126.9843752, 37.5840102], [126.9843366, 37.5840673], [126.9843285, 37.5840931], [126.9842389, 37.5840947]]]]}, "properties": {"name": null, "osm_id": "osm:w1220186787", "osm_key": "natural", "green_type": "wood"}}, {"type": "Feature", "geometry": {"type": "MultiPolygon", "coordinates": [[[[126.9836462, 37.5843851], [126.9836356, 37.5843788], [126.9836347, 37.5843704], [126.9836695, 37.5843688], [126.9836816, 37.5843358], [126.9837171, 37.5842997], [126.9837406, 37.5842508], [126.98384, 37.584157], [126.9838703, 37.5841144], [126.9839147, 37.5840913], [126.9839299, 37.584058], [126.9839404, 37.5840135], [126.9839661, 37.5839913], [126.9839696, 37.5839155], [126.9839544, 37.583909], [126.9837769, 37.5839099], [126.983896, 37.5837859], [126.9839649, 37.5837351], [126.9840268, 37.5837064], [126.9840641, 37.5837193], [126.9841062, 37.5837554], [126.9841214, 37.5838137], [126.9841307, 37.5838831], [126.9841237, 37.5839386], [126.9840198, 37.5840728], [126.9838575, 37.5842698], [126.9837945, 37.5843318], [126.9837314, 37.5843679], [126.9836462, 37.5843851]]]]}, "properties": {"name": null, "osm_id": "osm:w1220186789", "osm_key": "natural", "green_type": "wood"}}, {"type": "Feature", "geometry": {"type": "MultiPolygon", "coordinates": [[[[126.9847801, 37.5817552], [126.9847711, 37.5817448], [126.9847675, 37.5817196], [126.9848755, 37.5817182], [126.9848719, 37.5816523], [126.9849586, 37.5816495], [126.9849596, 37.5816824], [126.9849604, 37.5817259], [126.9849613, 37.5817532], [126.9849507, 37.5817546], [126.9848355, 37.5817543], [126.9847801, 37.5817552]]]]}, "properties": {"name": null, "osm_id": "osm:w1225828564", "osm_key": "natural", "green_type": "wood"}}, {"type": "Feature", "geometry": {"type": "MultiPolygon", "coordinates": [[[[126.9863469, 37.5822207], [126.9863345, 37.5821393], [126.9864195, 37.5821309], [126.9864248, 37.5821576], [126.9864522, 37.5821541], [126.9864566, 37.5821821], [126.9864637, 37.5821828], [126.9864664, 37.5822116], [126.9863469, 37.5822207]]]]}, "properties": {"name": null, "osm_id": "osm:w1225828607", "osm_key": "leisure", "green_type": "garden"}}, {"type": "Feature", "geometry": {"type": "MultiPolygon", "coordinates": [[[[126.9870838, 37.5820822], [126.9870815, 37.5820376], [126.9872209, 37.5820327], [126.9872263, 37.5820755], [126.9870838, 37.5820822]]]]}, "properties": {"name": null, "osm_id": "osm:w1225828608", "osm_key": "leisure", "green_type": "garden"}}, {"type": "Feature", "geometry": {"type": "MultiPolygon", "coordinates": [[[[126.9846235, 37.5825676], [126.9845511, 37.5825685], [126.9845429, 37.582563], [126.9845324, 37.582426], [126.9845028, 37.5824093], [126.9844988, 37.5823156], [126.9845102, 37.5823048], [126.9845091, 37.5822382], [126.9844974, 37.5822234], [126.9844939, 37.5821568], [126.9845756, 37.5821568], [126.9845838, 37.5821596], [126.9846281, 37.5824038], [126.9848955, 37.582377], [126.9849037, 37.5824066], [126.9846141, 37.582438], [126.9846235, 37.5825676]]]]}, "properties": {"name": null, "osm_id": "osm:w1225831109", "osm_key": "leisure", "green_type": "garden"}}, {"type": "Feature", "geometry": {"type": "MultiPolygon", "coordinates": [[[[126.9846956, 37.5828034], [126.9846859, 37.5827775], [126.9846779, 37.5827179], [126.9846797, 37.5827067], [126.9847691, 37.5826955], [126.9847761, 37.5827011], [126.9847823, 37.5827291], [126.9848, 37.5827908], [126.9846956, 37.5828034]]]]}, "properties": {"name": null, "osm_id": "osm:w1225831133", "osm_key": "leisure", "green_type": "garden"}}, {"type": "Feature", "geometry": {"type": "MultiPolygon", "coordinates": [[[[126.9843686, 37.5833201], [126.9843424, 37.5833139], [126.9843316, 37.5832944], [126.9843408, 37.5832456], [126.9842715, 37.5832297], [126.9842915, 37.5831577], [126.9844764, 37.5831821], [126.984501, 37.5831381], [126.9845503, 37.5831015], [126.984558, 37.5830429], [126.9843454, 37.5830124], [126.9843362, 37.5829953], [126.9843377, 37.5829733], [126.9842546, 37.582955], [126.9842823, 37.5828195], [126.9841144, 37.5827951], [126.9841205, 37.582756], [126.9843501, 37.5827878], [126.984367, 37.5828342], [126.9844009, 37.5828732], [126.9844949, 37.5828854], [126.9845365, 37.5828793], [126.9846012, 37.5828842], [126.984615, 37.5828964], [126.9846089, 37.5829636], [126.9846751, 37.5829672], [126.9847044, 37.583237], [126.9846859, 37.5832663], [126.9846628, 37.5832969], [126.9846443, 37.5833603], [126.9843686, 37.5833201]]]]}, "properties": {"name": null, "osm_id": "osm:w1225831134", "osm_key": "natural", "green_type": "wood"}}, {"type": "Feature", "geometry": {"type": "MultiPolygon", "coordinates": [[[[126.9866973, 37.5845095], [126.9867197, 37.5843041], [126.9868203, 37.5843121], [126.9867969, 37.5845167], [126.9866973, 37.5845095]]]]}, "properties": {"name": null, "osm_id": "osm:w1225835619", "osm_key": "natural", "green_type": "wood"}}, {"type": "Feature", "geometry": {"type": "MultiPolygon", "coordinates": [[[[126.9868522, 37.5845221], [126.9868684, 37.584394], [126.9869539, 37.5843988], [126.9869408, 37.5845301], [126.9868522, 37.5845221]]]]}, "properties": {"name": null, "osm_id": "osm:w1225835620", "osm_key": "natural", "green_type": "wood"}}, {"type": "Feature", "geometry": {"type": "MultiPolygon", "coordinates": [[[[126.9868298, 37.5848484], [126.9868473, 37.5847207], [126.9868776, 37.5847235], [126.9871754, 37.5847466], [126.9871824, 37.5847614], [126.9871777, 37.5847919], [126.9871695, 37.5848743], [126.9868298, 37.5848484]]]]}, "properties": {"name": null, "osm_id": "osm:w1225835621", "osm_key": "natural", "green_type": "wood"}}, {"type": "Feature", "geometry": {"type": "MultiPolygon", "coordinates": [[[[126.9865683, 37.5842124], [126.9865723, 37.584175], [126.9868325, 37.5841925], [126.9868285, 37.5842299], [126.9865683, 37.5842124]]]]}, "properties": {"name": null, "osm_id": "osm:w1225835622", "osm_key": "natural", "green_type": "wood"}}, {"type": "Feature", "geometry": {"type": "MultiPolygon", "coordinates": [[[[126.9868866, 37.5842346], [126.9868908, 37.5841971], [126.9871465, 37.5842149], [126.9871704, 37.5842338], [126.9871465, 37.5842528], [126.9868866, 37.5842346]]]]}, "properties": {"name": null, "osm_id": "osm:w1225835623", "osm_key": "natural", "green_type": "wood"}}, {"type": "Feature", "geometry": {"type": "MultiPolygon", "coordinates": [[[[126.9890143, 37.5840215], [126.9890941, 37.5840649], [126.9892093, 37.5840911], [126.9891108, 37.5841312], [126.9889773, 37.5840917], [126.9887632, 37.5840836], [126.9885213, 37.5841151], [126.9887721, 37.5839801], [126.9890143, 37.5840215]]]]}, "properties": {"name": null, "osm_id": "osm:w1225835632", "osm_key": "landuse", "green_type": "grass"}}, {"type": "Feature", "geometry": {"type": "MultiPolygon", "coordinates": [[[[126.9847104, 37.5841863], [126.9846619, 37.584209], [126.9846713, 37.5842617], [126.984697, 37.5842738], [126.9849655, 37.5842442], [126.9850436, 37.5842432], [126.9850417, 37.584192], [126.9849797, 37.5841879], [126.9849401, 37.5841646], [126.9849218, 37.5841445], [126.9847683, 37.5841694], [126.9847419, 37.5841686], [126.9847104, 37.5841863]]]]}, "properties": {"name": null, "osm_id": "osm:w1225836707", "osm_key": "natural", "green_type": "wood"}}, {"type": "Feature", "geometry": {"type": "MultiPolygon", "coordinates": [[[[126.9843709, 37.5826148], [126.9844239, 37.5826141], [126.9844286, 37.5825384], [126.9844047, 37.5825177], [126.9844039, 37.582456], [126.9840704, 37.5824628], [126.9840696, 37.5825049], [126.9841663, 37.5825033], [126.9843694, 37.5825015], [126.9843709, 37.5826148]]]]}, "properties": {"name": null, "osm_id": "osm:w1225836723", "osm_key": "landuse", "green_type": "grass"}}, {"type": "Feature", "geometry": {"type": "MultiPolygon", "coordinates": [[[[127.0003497, 37.5758149], [127.0003906, 37.5755614], [127.0011063, 37.5756299], [127.001114, 37.5755853], [127.0011792, 37.5755932], [127.0012404, 37.5752064], [127.0012673, 37.5752101], [127.0011563, 37.575893], [127.0003497, 37.5758149]]]]}, "properties": {"name": "연지물놀이터", "osm_id": "osm:w1225848274", "osm_key": "leisure", "green_type": "park"}}, {"type": "Feature", "geometry": {"type": "MultiPolygon", "coordinates": [[[[126.987356, 37.5741006], [126.9873445, 37.5740817], [126.9873468, 37.5740756], [126.9875698, 37.5737148], [126.9875906, 37.5737111], [126.9876075, 37.5737172], [126.9876129, 37.5737264], [126.9873872, 37.5740835], [126.9873834, 37.5740908], [126.987356, 37.5741006]]]]}, "properties": {"name": null, "osm_id": "osm:w1227387525", "osm_key": "landuse", "green_type": "grass"}}, {"type": "Feature", "geometry": {"type": "MultiPolygon", "coordinates": [[[[126.9868921, 37.574976], [126.9868975, 37.57494], [126.9869198, 37.5748325], [126.9869422, 37.5748118], [126.9870446, 37.5745969], [126.9870931, 37.5745047], [126.9872555, 37.5742234], [126.9872701, 37.5742179], [126.9872809, 37.574216], [126.9872917, 37.5742246], [126.9872978, 37.5742337], [126.9870876, 37.574622], [126.9869181, 37.5749474], [126.9868921, 37.574976]]]]}, "properties": {"name": null, "osm_id": "osm:w1227387526", "osm_key": "landuse", "green_type": "grass"}}, {"type": "Feature", "geometry": {"type": "MultiPolygon", "coordinates": [[[[126.9871534, 37.5749525], [126.9871335, 37.5749395], [126.9871218, 37.5749192], [126.9872806, 37.5745768], [126.9874126, 37.5743751], [126.9874382, 37.574339], [126.9874639, 37.5743436], [126.9874779, 37.5743557], [126.9874511, 37.5744214], [126.9872211, 37.5748753], [126.9874391, 37.5749227], [126.9874406, 37.5749516], [126.9874184, 37.5749636], [126.9873308, 37.5749729], [126.9871534, 37.5749525]]]]}, "properties": {"name": null, "osm_id": "osm:w1227387527", "osm_key": "leisure", "green_type": "garden"}}, {"type": "Feature", "geometry": {"type": "MultiPolygon", "coordinates": [[[[126.9874753, 37.5749756], [126.9874699, 37.5749597], [126.9874746, 37.5749507], [126.987495, 37.574932], [126.9877884, 37.5749853], [126.9877877, 37.5750192], [126.9877844, 37.5750293], [126.9874753, 37.5749756]]]]}, "properties": {"name": null, "osm_id": "osm:w1227387528", "osm_key": "leisure", "green_type": "garden"}}, {"type": "Feature", "geometry": {"type": "MultiPolygon", "coordinates": [[[[126.9876832, 37.5745145], [126.9876689, 37.5744951], [126.9876697, 37.5744786], [126.9876966, 37.574434], [126.9877244, 37.5744218], [126.987833, 37.5744517], [126.9878391, 37.5744737], [126.987836, 37.5745], [126.9878214, 37.5745256], [126.9877975, 37.5745378], [126.9876832, 37.5745145]]]]}, "properties": {"name": null, "osm_id": "osm:w1227387529", "osm_key": "leisure", "green_type": "garden"}}, {"type": "Feature", "geometry": {"type": "MultiPolygon", "coordinates": [[[[126.9866075, 37.5757039], [126.9866022, 37.5756927], [126.9868076, 37.5751422], [126.9868275, 37.5750913], [126.9868415, 37.5750848], [126.9868555, 37.5750894], [126.9868625, 37.5750987], [126.9866372, 37.5756983], [126.9866257, 37.5757083], [126.9866075, 37.5757039]]]]}, "properties": {"name": null, "osm_id": "osm:w1227548047", "osm_key": "landuse", "green_type": "grass"}}, {"type": "Feature", "geometry": {"type": "MultiPolygon", "coordinates": [[[[126.9863339, 37.5764857], [126.9863193, 37.5764823], [126.9863254, 37.5764601], [126.9865547, 37.57585], [126.9865637, 37.5758382], [126.9865751, 37.5758403], [126.9865785, 37.5758526], [126.9863448, 37.5764656], [126.9863339, 37.5764857]]]]}, "properties": {"name": null, "osm_id": "osm:w1227548048", "osm_key": "landuse", "green_type": "grass"}}, {"type": "Feature", "geometry": {"type": "MultiPolygon", "coordinates": [[[[127.0027764, 37.578841], [127.002855, 37.5785126], [127.0031754, 37.5785614], [127.0031092, 37.5788654], [127.0030861, 37.5788825], [127.0027764, 37.578841]]]]}, "properties": {"name": null, "osm_id": "osm:w1228402404", "osm_key": "leisure", "green_type": "garden"}}, {"type": "Feature", "geometry": {"type": "MultiPolygon", "coordinates": [[[[126.9835266, 37.5836102], [126.9834983, 37.5835906], [126.9834912, 37.5835696], [126.9835275, 37.5834875], [126.9835408, 37.5834798], [126.9836585, 37.5835009], [126.9836638, 37.5835191], [126.9836204, 37.5835317], [126.98357, 37.5835408], [126.9835461, 37.583606], [126.9835266, 37.5836102]]]]}, "properties": {"name": null, "osm_id": "osm:w1229003430", "osm_key": "natural", "green_type": "wood"}}, {"type": "Feature", "geometry": {"type": "MultiPolygon", "coordinates": [[[[126.9846712, 37.5817552], [126.9846681, 37.5816521], [126.9847525, 37.5816489], [126.9847545, 37.5817174], [126.9847675, 37.5817196], [126.9847711, 37.5817448], [126.9847801, 37.5817552], [126.9846712, 37.5817552]]]]}, "properties": {"name": null, "osm_id": "osm:w1229003452", "osm_key": "landuse", "green_type": "grass"}}, {"type": "Feature", "geometry": {"type": "MultiPolygon", "coordinates": [[[[126.9931251, 37.5795484], [126.993103, 37.5795298], [126.9930773, 37.5794817], [126.9930598, 37.5794685], [126.9930813, 37.5794529], [126.9930472, 37.5792959], [126.9932442, 37.5792625], [126.9933119, 37.5792393], [126.9933528, 37.5792097], [126.9933995, 37.5791894], [126.9934415, 37.5791949], [126.9934906, 37.5792264], [126.9935116, 37.5792301], [126.9937089, 37.5790802], [126.9937322, 37.5790413], [126.9937416, 37.5790191], [126.9938408, 37.578983], [126.9939214, 37.5788489], [126.9939704, 37.5788877], [126.9939389, 37.5789414], [126.993909, 37.5790199], [126.993898, 37.5790487], [126.9937813, 37.5792662], [126.9937766, 37.579318], [126.9937571, 37.5794428], [126.9936318, 37.5794521], [126.9935676, 37.5794845], [126.9935431, 37.5795252], [126.9934812, 37.5795659], [126.9934074, 37.5795845], [126.9931467, 37.5795757], [126.9931251, 37.5795484]]]]}, "properties": {"name": null, "osm_id": "osm:w1239764655", "osm_key": "natural", "green_type": "wood"}}, {"type": "Feature", "geometry": {"type": "MultiPolygon", "coordinates": [[[[126.9948638, 37.5796744], [126.9948672, 37.5796262], [126.9946458, 37.5796118], [126.9946294, 37.579599], [126.9946184, 37.5795818], [126.9946166, 37.5795363], [126.9946279, 37.5794901], [126.994661, 37.579461], [126.9947019, 37.5794563], [126.9949987, 37.5794795], [126.9950092, 37.5794962], [126.9950103, 37.5795258], [126.9949969, 37.5796923], [126.9948638, 37.5796744]]]]}, "properties": {"name": null, "osm_id": "osm:w1239764656", "osm_key": "landuse", "green_type": "grass"}}, {"type": "Feature", "geometry": {"type": "MultiPolygon", "coordinates": [[[[126.9937571, 37.5794428], [126.9939758, 37.5794709], [126.9940013, 37.5794656], [126.9940938, 37.5790606], [126.9940817, 37.5790479], [126.9940254, 37.5790372], [126.993909, 37.5790199], [126.993898, 37.5790487], [126.9937813, 37.5792662], [126.9937766, 37.579318], [126.9937571, 37.5794428]]]]}, "properties": {"name": null, "osm_id": "osm:w1239764657", "osm_key": "landuse", "green_type": "grass"}}, {"type": "Feature", "geometry": {"type": "MultiPolygon", "coordinates": [[[[126.9946794, 37.5785805], [126.9946925, 37.5783188], [126.9948494, 37.578322], [126.9948521, 37.5782731], [126.9947153, 37.5782667], [126.9947194, 37.5781902], [126.9950253, 37.5782043], [126.9950268, 37.5781881], [126.9950548, 37.5781897], [126.9950671, 37.5780692], [126.9950349, 37.5780468], [126.9949558, 37.5780171], [126.99476, 37.5779735], [126.9947161, 37.5779651], [126.9946782, 37.5780228], [126.9946065, 37.5784355], [126.9945582, 37.5785452], [126.9945155, 37.5785741], [126.994467, 37.578591], [126.994407, 37.5785874], [126.9943517, 37.5785745], [126.9943201, 37.5785561], [126.9943103, 37.5786185], [126.9943211, 37.5786706], [126.9944089, 37.5786845], [126.9944254, 37.5786824], [126.9945539, 37.578699], [126.99456, 37.5785774], [126.9946794, 37.5785805]]]]}, "properties": {"name": null, "osm_id": "osm:w1239764660", "osm_key": "landuse", "green_type": "grass"}}, {"type": "Feature", "geometry": {"type": "MultiPolygon", "coordinates": [[[[126.9952491, 37.5783944], [126.9952603, 37.5782983], [126.9955042, 37.578312], [126.9955185, 37.5783184], [126.9955092, 37.5784091], [126.9952491, 37.5783944]]]]}, "properties": {"name": null, "osm_id": "osm:w1239764661", "osm_key": "landuse", "green_type": "grass"}}, {"type": "Feature", "geometry": {"type": "MultiPolygon", "coordinates": [[[[126.995562, 37.5784121], [126.9955693, 37.5783216], [126.9955855, 37.5783144], [126.9960104, 37.5783216], [126.9960327, 37.5783055], [126.9961806, 37.5778781], [126.9962579, 37.577804], [126.9963432, 37.5777911], [126.9963798, 37.5777911], [126.9964815, 37.5778121], [126.9964672, 37.5778459], [126.9962579, 37.578384], [126.9962495, 37.57845], [126.9958362, 37.5784267], [126.9958399, 37.5783854], [126.9957419, 37.5783799], [126.9957381, 37.578422], [126.995562, 37.5784121]]]]}, "properties": {"name": null, "osm_id": "osm:w1239764662", "osm_key": "landuse", "green_type": "grass"}}, {"type": "Feature", "geometry": {"type": "MultiPolygon", "coordinates": [[[[126.9956712, 37.5780548], [126.9956144, 37.5782009], [126.9956063, 37.5782323], [126.9956144, 37.5782517], [126.9956611, 37.5782619], [126.9959518, 37.5782684], [126.995981, 37.5782527], [126.9960091, 37.5782147], [126.9960488, 37.5780602], [126.996113, 37.5777799], [126.9961153, 37.5777058], [126.9961165, 37.5774754], [126.9961083, 37.5773709], [126.9960452, 37.5773857], [126.9960009, 37.5774051], [126.9959682, 37.577444], [126.9959082, 37.577505], [126.9959492, 37.5775899], [126.9959533, 37.5776978], [126.9959049, 37.5778605], [126.9958273, 37.5780007], [126.9957972, 37.5780301], [126.9957578, 37.5780465], [126.9956712, 37.5780548]]]]}, "properties": {"name": null, "osm_id": "osm:w1239764663", "osm_key": "landuse", "green_type": "grass"}}, {"type": "Feature", "geometry": {"type": "MultiPolygon", "coordinates": [[[[126.9843434, 37.5667163], [126.9844079, 37.5666673], [126.9844394, 37.566634], [126.9844488, 37.566571], [126.9844446, 37.5662662], [126.9843171, 37.566266], [126.9843161, 37.5666437], [126.9843434, 37.5666437], [126.9843434, 37.5667163]]]]}, "properties": {"name": null, "osm_id": "osm:w1239815808", "osm_key": "leisure", "green_type": "garden"}}, {"type": "Feature", "geometry": {"type": "MultiPolygon", "coordinates": [[[[126.9931163, 37.5690798], [126.9931254, 37.5690446], [126.9931758, 37.5690523], [126.9931679, 37.5690855], [126.9931163, 37.5690798]]]]}, "properties": {"name": null, "osm_id": "osm:w1277932695", "osm_key": "leisure", "green_type": "garden"}}, {"type": "Feature", "geometry": {"type": "MultiPolygon", "coordinates": [[[[126.9935804, 37.569616], [126.993582, 37.5695728], [126.9936468, 37.5695744], [126.9936471, 37.5695829], [126.9936444, 37.5696166], [126.9935804, 37.569616]]]]}, "properties": {"name": null, "osm_id": "osm:w1277934123", "osm_key": "leisure", "green_type": "garden"}}, {"type": "Feature", "geometry": {"type": "MultiPolygon", "coordinates": [[[[126.9935397, 37.569627], [126.9935096, 37.569634], [126.9934767, 37.569634], [126.9934749, 37.5696009], [126.9935212, 37.5696037], [126.9935422, 37.5696073], [126.9935397, 37.569627]]]]}, "properties": {"name": null, "osm_id": "osm:w1277934126", "osm_key": "leisure", "green_type": "garden"}}, {"type": "Feature", "geometry": {"type": "MultiPolygon", "coordinates": [[[[126.9836788, 37.5700367], [126.9836519, 37.570008], [126.9838845, 37.5698371], [126.9837231, 37.5696413], [126.9837241, 37.5695752], [126.9838339, 37.5695784], [126.9838349, 37.5696526], [126.9839559, 37.5696558], [126.983963, 37.5700376], [126.9836788, 37.5700367]]]]}, "properties": {"name": null, "osm_id": "osm:w1279049502", "osm_key": "leisure", "green_type": "garden"}}, {"type": "Feature", "geometry": {"type": "MultiPolygon", "coordinates": [[[[126.9800154, 37.5797419], [126.9799173, 37.5794153], [126.9801088, 37.5794615], [126.9801321, 37.579481], [126.980159, 37.5795217], [126.9801695, 37.5795744], [126.9801823, 37.5796605], [126.9801576, 37.5797193], [126.9800154, 37.5797419]]]]}, "properties": {"name": null, "osm_id": "osm:w1279065122", "osm_key": "landuse", "green_type": "grass"}}, {"type": "Feature", "geometry": {"type": "MultiPolygon", "coordinates": [[[[126.9801123, 37.5800031], [126.9800666, 37.5798203], [126.9801774, 37.5798018], [126.980215, 37.5799548], [126.9803734, 37.5799276], [126.980361, 37.5798776], [126.9808394, 37.5798025], [126.9808625, 37.5798806], [126.9801123, 37.5800031]]]]}, "properties": {"name": null, "osm_id": "osm:w1279065123", "osm_key": "landuse", "green_type": "grass"}}, {"type": "Feature", "geometry": {"type": "MultiPolygon", "coordinates": [[[[126.9798869, 37.5792319], [126.9798508, 37.5788442], [126.9798951, 37.5788322], [126.979964, 37.5791598], [126.9799512, 37.5792125], [126.979929, 37.5792292], [126.9798869, 37.5792319]]]]}, "properties": {"name": null, "osm_id": "osm:w1279065124", "osm_key": "landuse", "green_type": "grass"}}, {"type": "Feature", "geometry": {"type": "MultiPolygon", "coordinates": [[[[126.9970714, 37.5679351], [126.9970557, 37.5679067], [126.9971064, 37.5678962], [126.9971078, 37.5678986], [126.997121, 37.5679212], [126.9970714, 37.5679351]]]]}, "properties": {"name": null, "osm_id": "osm:w1287291622", "osm_key": "leisure", "green_type": "garden"}}, {"type": "Feature", "geometry": {"type": "MultiPolygon", "coordinates": [[[[126.9969276, 37.567493], [126.9969268, 37.5674699], [126.9969737, 37.5674689], [126.9969745, 37.5674921], [126.9969276, 37.567493]]]]}, "properties": {"name": null, "osm_id": "osm:w1287291626", "osm_key": "leisure", "green_type": "garden"}}, {"type": "Feature", "geometry": {"type": "MultiPolygon", "coordinates": [[[[126.9967752, 37.5675798], [126.9967741, 37.5675592], [126.9968118, 37.5675587], [126.9968128, 37.5675786], [126.9967752, 37.5675798]]]]}, "properties": {"name": null, "osm_id": "osm:w1287291627", "osm_key": "leisure", "green_type": "garden"}}, {"type": "Feature", "geometry": {"type": "MultiPolygon", "coordinates": [[[[126.9967774, 37.5676412], [126.9967764, 37.5676207], [126.996814, 37.5676201], [126.996815, 37.56764], [126.9967774, 37.5676412]]]]}, "properties": {"name": null, "osm_id": "osm:w1287291628", "osm_key": "leisure", "green_type": "garden"}}, {"type": "Feature", "geometry": {"type": "MultiPolygon", "coordinates": [[[[126.9967804, 37.5677047], [126.9967794, 37.5676842], [126.996817, 37.5676837], [126.996818, 37.5677035], [126.9967804, 37.5677047]]]]}, "properties": {"name": null, "osm_id": "osm:w1287291629", "osm_key": "leisure", "green_type": "garden"}}, {"type": "Feature", "geometry": {"type": "MultiPolygon", "coordinates": [[[[126.9967825, 37.5680294], [126.9967689, 37.5680064], [126.9967925, 37.5679987], [126.9967986, 37.5680062], [126.996829, 37.5679947], [126.9968381, 37.56801], [126.9967825, 37.5680294]]]]}, "properties": {"name": null, "osm_id": "osm:w1287291636", "osm_key": "leisure", "green_type": "garden"}}, {"type": "Feature", "geometry": {"type": "MultiPolygon", "coordinates": [[[[126.9970543, 37.5678645], [126.9970431, 37.5678205], [126.9970793, 37.5678205], [126.9970861, 37.5678214], [126.9970929, 37.567861], [126.9970543, 37.5678645]]]]}, "properties": {"name": null, "osm_id": "osm:w1287291640", "osm_key": "leisure", "green_type": "garden"}}, {"type": "Feature", "geometry": {"type": "MultiPolygon", "coordinates": [[[[126.9968611, 37.5680727], [126.9968594, 37.5680528], [126.9968676, 37.5680508], [126.9968854, 37.5680735], [126.9968611, 37.5680727]]]]}, "properties": {"name": null, "osm_id": "osm:w1288243009", "osm_key": "landuse", "green_type": "grass"}}, {"type": "Feature", "geometry": {"type": "MultiPolygon", "coordinates": [[[[126.9806583, 37.5802995], [126.9806506, 37.5802681], [126.9806674, 37.5802657], [126.9806532, 37.5802029], [126.9808021, 37.5801799], [126.9808199, 37.580252], [126.9809367, 37.5802347], [126.9809454, 37.5802725], [126.9806583, 37.5802995]]]]}, "properties": {"name": null, "osm_id": "osm:w1293017059", "osm_key": "leisure", "green_type": "garden"}}, {"type": "Feature", "geometry": {"type": "MultiPolygon", "coordinates": [[[[126.9816876, 37.5793419], [126.9816782, 37.5792717], [126.9818083, 37.5792632], [126.9817962, 37.5791782], [126.9818994, 37.5791771], [126.9820054, 37.5792026], [126.9820094, 37.5793302], [126.9816876, 37.5793419]]]]}, "properties": {"name": null, "osm_id": "osm:w1293017065", "osm_key": "leisure", "green_type": "garden"}}, {"type": "Feature", "geometry": {"type": "MultiPolygon", "coordinates": [[[[126.98864, 37.5779514], [126.9886755, 37.5778395], [126.9887701, 37.5778201], [126.9887843, 37.577794], [126.988794, 37.5777118], [126.9888618, 37.5777112], [126.9888587, 37.5777698], [126.9888433, 37.5777844], [126.9888371, 37.5779303], [126.9888196, 37.5779466], [126.9888009, 37.5779554], [126.98864, 37.5779514]]]]}, "properties": {"name": null, "osm_id": "osm:w1293018446", "osm_key": "leisure", "green_type": "garden"}}, {"type": "Feature", "geometry": {"type": "MultiPolygon", "coordinates": [[[[126.9897791, 37.5773056], [126.9893959, 37.5773012], [126.9893549, 37.5772698], [126.9893528, 37.5772972], [126.9893754, 37.5773359], [126.9894574, 37.5773482], [126.9895486, 37.5773538], [126.9896681, 37.5773471], [126.9897204, 37.5773359], [126.9897791, 37.5773056]]]]}, "properties": {"name": null, "osm_id": "osm:w1313472597", "osm_key": "leisure", "green_type": "garden"}}, {"type": "Feature", "geometry": {"type": "MultiPolygon", "coordinates": [[[[126.9898066, 37.577286], [126.9897999, 37.577219], [126.9898648, 37.5772197], [126.989873, 37.57715], [126.9900168, 37.5771477], [126.9900194, 37.5771599], [126.9899982, 37.5771853], [126.9898625, 37.5772679], [126.9898066, 37.577286]]]]}, "properties": {"name": null, "osm_id": "osm:w1313472598", "osm_key": "leisure", "green_type": "garden"}}, {"type": "Feature", "geometry": {"type": "MultiPolygon", "coordinates": [[[[126.9896282, 37.5772115], [126.9896314, 37.577172], [126.9895879, 37.5771689], [126.9895895, 37.5771119], [126.9895271, 37.5771482], [126.9894158, 37.5771914], [126.9894046, 37.5771948], [126.9893838, 37.577201], [126.9893627, 37.5772455], [126.9893647, 37.577267], [126.9893927, 37.5772763], [126.9893968, 37.577213], [126.9896282, 37.5772115]]]]}, "properties": {"name": null, "osm_id": "osm:w1313472599", "osm_key": "landuse", "green_type": "grass"}}, {"type": "Feature", "geometry": {"type": "MultiPolygon", "coordinates": [[[[126.9898737, 37.5770926], [126.9898746, 37.5770563], [126.989753, 37.5770681], [126.9896664, 37.5770868], [126.9898737, 37.5770926]]]]}, "properties": {"name": null, "osm_id": "osm:w1313472600", "osm_key": "landuse", "green_type": "grass"}}, {"type": "Feature", "geometry": {"type": "MultiPolygon", "coordinates": [[[[126.9857189, 37.5748875], [126.9858421, 37.5746717], [126.9858839, 37.5746825], [126.9858482, 37.5747538], [126.9860651, 37.5748195], [126.9860173, 37.5749223], [126.9857189, 37.5748875]]]]}, "properties": {"name": null, "osm_id": "osm:w1316053186", "osm_key": "leisure", "green_type": "garden"}}, {"type": "Feature", "geometry": {"type": "MultiPolygon", "coordinates": [[[[126.9943273, 37.5682636], [126.9938183, 37.5682382], [126.993825, 37.5682579], [126.9938405, 37.568271], [126.9938658, 37.5682762], [126.9942811, 37.5683033], [126.9943152, 37.5682972], [126.9943273, 37.5682636]]]]}, "properties": {"name": null, "osm_id": "osm:w1317968513", "osm_key": "leisure", "green_type": "garden"}}, {"type": "Feature", "geometry": {"type": "MultiPolygon", "coordinates": [[[[126.994368, 37.5682657], [126.9943659, 37.5682954], [126.9943813, 37.5683155], [126.9946898, 37.5683391], [126.9949894, 37.5683766], [126.9950269, 37.5683723], [126.9950477, 37.5683279], [126.9946602, 37.5682805], [126.994368, 37.5682657]]]]}, "properties": {"name": null, "osm_id": "osm:w1317968514", "osm_key": "leisure", "green_type": "garden"}}, {"type": "Feature", "geometry": {"type": "MultiPolygon", "coordinates": [[[[126.994999, 37.5680319], [126.9950032, 37.5679891], [126.9950182, 37.5678353], [126.995042, 37.5678414], [126.9950533, 37.5678536], [126.9950577, 37.5678698], [126.9950416, 37.5680345], [126.994999, 37.5680319]]]]}, "properties": {"name": null, "osm_id": "osm:w1317968516", "osm_key": "leisure", "green_type": "garden"}}, {"type": "Feature", "geometry": {"type": "MultiPolygon", "coordinates": [[[[127.0000937, 37.5680323], [127.0000859, 37.5679863], [127.0000233, 37.567993], [127.000031, 37.568039], [127.0000937, 37.5680323]]]]}, "properties": {"name": null, "osm_id": "osm:w1361944913", "osm_key": "leisure", "green_type": "garden"}}, {"type": "Feature", "geometry": {"type": "MultiPolygon", "coordinates": [[[[126.9834097, 37.5769757], [126.9834547, 37.5768772], [126.9833321, 37.5768406], [126.9832498, 37.5770234], [126.9833047, 37.5770076], [126.9835598, 37.577078], [126.9835849, 37.577028], [126.9834097, 37.5769757]]]]}, "properties": {"name": null, "osm_id": "osm:w1377225058", "osm_key": "natural", "green_type": "wood"}}, {"type": "Feature", "geometry": {"type": "MultiPolygon", "coordinates": [[[[126.9833998, 37.5768457], [126.9834056, 37.5768415], [126.9834494, 37.5767444], [126.9834465, 37.5767361], [126.9832816, 37.5766818], [126.9831155, 37.5770645], [126.9831353, 37.5770761], [126.9832036, 37.577096], [126.9832095, 37.5770886], [126.9833233, 37.5768314], [126.9833338, 37.5768286], [126.9833998, 37.5768457]]]]}, "properties": {"name": null, "osm_id": "osm:w1377225060", "osm_key": "leisure", "green_type": "garden"}}, {"type": "Feature", "geometry": {"type": "MultiPolygon", "coordinates": [[[[126.9833952, 37.5770977], [126.9834152, 37.5770567], [126.983305, 37.5770213], [126.9832528, 37.5770321], [126.9832418, 37.577053], [126.9833952, 37.5770977]]]]}, "properties": {"name": null, "osm_id": "osm:w1377225062", "osm_key": "leisure", "green_type": "garden"}}, {"type": "Feature", "geometry": {"type": "MultiPolygon", "coordinates": [[[[126.9834473, 37.5771225], [126.9834691, 37.5770768], [126.9835112, 37.5770894], [126.9834894, 37.5771352], [126.9834473, 37.5771225]]]]}, "properties": {"name": null, "osm_id": "osm:w1377225063", "osm_key": "leisure", "green_type": "garden"}}, {"type": "Feature", "geometry": {"type": "MultiPolygon", "coordinates": [[[[126.9835807, 37.5773408], [126.9836011, 37.577297], [126.9835578, 37.5772844], [126.9835375, 37.5773282], [126.9835807, 37.5773408]]]]}, "properties": {"name": null, "osm_id": "osm:w1377225064", "osm_key": "leisure", "green_type": "garden"}}, {"type": "Feature", "geometry": {"type": "MultiPolygon", "coordinates": [[[[126.9836329, 37.5772442], [126.9836569, 37.5771955], [126.9836084, 37.5771805], [126.9835844, 37.5772292], [126.9836329, 37.5772442]]]]}, "properties": {"name": null, "osm_id": "osm:w1377225065", "osm_key": "leisure", "green_type": "garden"}}, {"type": "Feature", "geometry": {"type": "MultiPolygon", "coordinates": [[[[126.9836414, 37.5771203], [126.9836588, 37.5770824], [126.9836919, 37.577092], [126.9836745, 37.5771299], [126.9836414, 37.5771203]]]]}, "properties": {"name": null, "osm_id": "osm:w1377225066", "osm_key": "leisure", "green_type": "garden"}}, {"type": "Feature", "geometry": {"type": "MultiPolygon", "coordinates": [[[[126.9836384, 37.5769123], [126.9836705, 37.5768467], [126.9836652, 37.5768397], [126.9835491, 37.5768087], [126.9835455, 37.5768022], [126.9835601, 37.5767657], [126.9837347, 37.576811], [126.9837429, 37.5768226], [126.9836991, 37.5769248], [126.9836927, 37.5769309], [126.9836763, 37.5769304], [126.9836384, 37.5769123]]]]}, "properties": {"name": null, "osm_id": "osm:w1377225067", "osm_key": "leisure", "green_type": "garden"}}, {"type": "Feature", "geometry": {"type": "MultiPolygon", "coordinates": [[[[126.985523, 37.5745286], [126.9854636, 37.5745039], [126.9855425, 37.5743903], [126.9854755, 37.5743574], [126.9855191, 37.5742928], [126.9856412, 37.5743498], [126.9856565, 37.5743769], [126.9857913, 37.5744498], [126.9858822, 37.5744975], [126.9858664, 37.5745313], [126.9858194, 37.5745133], [126.9857763, 37.5745796], [126.9857038, 37.5745613], [126.985667, 37.5746237], [126.9857042, 37.5746413], [126.9856575, 37.5747296], [126.9856064, 37.5747237], [126.985581, 37.5747982], [126.9855481, 37.5747853], [126.9855577, 37.5747636], [126.9855291, 37.5747494], [126.9855632, 37.5746803], [126.9855725, 37.5746557], [126.9855641, 37.5746425], [126.9855888, 37.574597], [126.9855032, 37.5745655], [126.985523, 37.5745286]]]]}, "properties": {"name": null, "osm_id": "osm:w1377709827", "osm_key": "leisure", "green_type": "garden"}}, {"type": "Feature", "geometry": {"type": "MultiPolygon", "coordinates": [[[[126.9853969, 37.574764], [126.9854107, 37.574732], [126.9854676, 37.5747474], [126.9854538, 37.5747794], [126.9853969, 37.574764]]]]}, "properties": {"name": null, "osm_id": "osm:w1377709829", "osm_key": "leisure", "green_type": "garden"}}, {"type": "Feature", "geometry": {"type": "MultiPolygon", "coordinates": [[[[126.9853402, 37.5748944], [126.9853557, 37.5748497], [126.9854166, 37.574863], [126.9854049, 37.5748964], [126.9854357, 37.5749031], [126.9854317, 37.5749144], [126.9853402, 37.5748944]]]]}, "properties": {"name": null, "osm_id": "osm:w1377709830", "osm_key": "leisure", "green_type": "garden"}}, {"type": "Feature", "geometry": {"type": "MultiPolygon", "coordinates": [[[[126.9855698, 37.5749573], [126.9856048, 37.5749681], [126.9856287, 37.5749196], [126.9855933, 37.5749096], [126.9855698, 37.5749573]]]]}, "properties": {"name": null, "osm_id": "osm:w1377710516", "osm_key": "leisure", "green_type": "garden"}}, {"type": "Feature", "geometry": {"type": "MultiPolygon", "coordinates": [[[[126.98555, 37.5748961], [126.9855003, 37.5748797], [126.9854843, 37.5749149], [126.9855333, 37.5749301], [126.98555, 37.5748961]]]]}, "properties": {"name": null, "osm_id": "osm:w1377710517", "osm_key": "leisure", "green_type": "garden"}}, {"type": "Feature", "geometry": {"type": "MultiPolygon", "coordinates": [[[[126.9855954, 37.5748529], [126.9855745, 37.5748463], [126.9855682, 37.5748588], [126.9855891, 37.5748654], [126.9855954, 37.5748529]]]]}, "properties": {"name": null, "osm_id": "osm:w1377710518", "osm_key": "leisure", "green_type": "garden"}}, {"type": "Feature", "geometry": {"type": "MultiPolygon", "coordinates": [[[[126.9856544, 37.5748749], [126.9856567, 37.57487], [126.9856186, 37.574859], [126.9856163, 37.5748639], [126.9856544, 37.5748749]]]]}, "properties": {"name": null, "osm_id": "osm:w1377710519", "osm_key": "leisure", "green_type": "garden"}}, {"type": "Feature", "geometry": {"type": "MultiPolygon", "coordinates": [[[[126.9987557, 37.5782107], [126.9987536, 37.5782757], [126.9987074, 37.5782989], [126.9987028, 37.5783282], [126.9987136, 37.5783233], [126.9987305, 37.5783538], [126.9987089, 37.5784002], [126.9987043, 37.5785467], [126.9987182, 37.5785565], [126.9995454, 37.5785541], [126.9995454, 37.5784698], [126.999478, 37.57847], [126.9994803, 37.5784284], [126.9993881, 37.5784135], [126.9993682, 37.5783849], [126.9993729, 37.5783636], [126.9994173, 37.5783247], [126.9995165, 37.578296], [126.9996157, 37.578296], [126.9996881, 37.578334], [126.9997371, 37.5784015], [126.9997395, 37.5784783], [126.9997302, 37.5787194], [126.9987833, 37.5787198], [126.9987786, 37.5786828], [126.9987553, 37.578668], [126.9986689, 37.5786671], [126.9985767, 37.5786597], [126.9985778, 37.5784913], [126.9985556, 37.5784746], [126.9985305, 37.5784617], [126.9985268, 37.5782098], [126.9987557, 37.5782107]]]]}, "properties": {"name": null, "osm_id": "osm:w1409124976", "osm_key": "natural", "green_type": "wood"}}, {"type": "Feature", "geometry": {"type": "MultiPolygon", "coordinates": [[[[126.9991939, 37.5783942], [126.9991962, 37.5783517], [126.9992908, 37.5782693], [126.9993176, 37.5782684], [126.999383, 37.5782777], [126.9994729, 37.5782878], [126.9995165, 37.578296], [126.9994173, 37.5783247], [126.9993729, 37.5783636], [126.9993682, 37.5783849], [126.9993881, 37.5784135], [126.9992628, 37.57841], [126.9992079, 37.5784016], [126.9991939, 37.5783942]]]]}, "properties": {"name": null, "osm_id": "osm:w1409124977", "osm_key": "landuse", "green_type": "grass"}}, {"type": "Feature", "geometry": {"type": "MultiPolygon", "coordinates": [[[[126.98172, 37.5784715], [126.981703, 37.5784605], [126.9817, 37.5784227], [126.9816953, 37.5784056], [126.9816537, 37.5783519], [126.9816707, 37.5782713], [126.9816861, 37.578264], [126.9817785, 37.5782994], [126.9818186, 37.578314], [126.9818371, 37.578325], [126.9818309, 37.5783629], [126.9818063, 37.5784593], [126.9817621, 37.5784656], [126.98172, 37.5784715]]]]}, "properties": {"name": null, "osm_id": "osm:w1409127686", "osm_key": "landuse", "green_type": "grass"}}, {"type": "Feature", "geometry": {"type": "MultiPolygon", "coordinates": [[[[126.981683, 37.5782396], [126.9817616, 37.5782664], [126.9819126, 37.5783385], [126.9819495, 37.5783519], [126.9819757, 37.5783482], [126.9819973, 37.5783226], [126.9820132, 37.5782811], [126.9820437, 37.5781941], [126.9820254, 37.5781747], [126.9819807, 37.5781651], [126.9819095, 37.5781663], [126.9817215, 37.5781382], [126.9816984, 37.5781773], [126.9815706, 37.5781578], [126.981532, 37.578159], [126.9815197, 37.5781663], [126.9815733, 37.578578], [126.9819107, 37.5785743], [126.9819142, 37.5785549], [126.9819259, 37.5785225], [126.9819597, 37.5785207], [126.981969, 37.5785133], [126.9819726, 37.5784735], [126.9819585, 37.578455], [126.9819294, 37.5784522], [126.9818897, 37.5784633], [126.9818581, 37.5784504], [126.9818581, 37.5784272], [126.9818862, 37.5783634], [126.9818792, 37.578344], [126.9818371, 37.578325], [126.9818309, 37.5783629], [126.9818063, 37.5784593], [126.9817621, 37.5784656], [126.9817542, 37.5784827], [126.9817355, 37.5785003], [126.9817087, 37.5785022], [126.9816853, 37.5785022], [126.9816737, 37.5784846], [126.9816725, 37.5784578], [126.9816713, 37.5784106], [126.981655, 37.5783921], [126.9816235, 37.5783773], [126.9816363, 37.5783467], [126.9816363, 37.5783356], [126.9816246, 37.5783088], [126.981634, 37.5782847], [126.9816457, 37.5782644], [126.981662, 37.5782477], [126.981683, 37.5782396]]]]}, "properties": {"name": null, "osm_id": "osm:w1409127687", "osm_key": "leisure", "green_type": "garden"}}, {"type": "Feature", "geometry": {"type": "MultiPolygon", "coordinates": [[[[126.9871633, 37.5837422], [126.9871773, 37.5836496], [126.9872358, 37.5836551], [126.9872527, 37.5836625], [126.9872651, 37.5836832], [126.9872548, 37.5837509], [126.9871633, 37.5837422]]]]}, "properties": {"name": null, "osm_id": "osm:w1424743121", "osm_key": "landuse", "green_type": "grass"}}, {"type": "Feature", "geometry": {"type": "MultiPolygon", "coordinates": [[[[126.9797029, 37.5737913], [126.9798002, 37.5736132], [126.9799559, 37.5736623], [126.9798603, 37.5738446], [126.9797029, 37.5737913]]]]}, "properties": {"name": null, "osm_id": "osm:w1426253200", "osm_key": "natural", "green_type": "wood"}}, {"type": "Feature", "geometry": {"type": "MultiPolygon", "coordinates": [[[[126.9808957, 37.5769618], [126.9808196, 37.5768538], [126.9807701, 37.5767402], [126.9807524, 37.5766463], [126.9807524, 37.5765369], [126.9807541, 37.5763924], [126.9807683, 37.5762718], [126.9808267, 37.5762339], [126.9812762, 37.5761273], [126.9814867, 37.5760867], [126.9818619, 37.5760755], [126.981938, 37.5762073], [126.9820265, 37.5765285], [126.982053, 37.5766098], [126.9820415, 37.576715], [126.9820123, 37.5767921], [126.981976, 37.576884], [126.9819185, 37.5769758], [126.9818088, 37.5770628], [126.9813292, 37.5770011], [126.9808957, 37.5769618]]]]}, "properties": {"name": null, "osm_id": "osm:w1426253204", "osm_key": "landuse", "green_type": "grass"}}, {"type": "Feature", "geometry": {"type": "MultiPolygon", "coordinates": [[[[126.9818283, 37.5771862], [126.9818336, 37.5771273], [126.9819114, 37.5770516], [126.9820247, 37.5769155], [126.9820636, 37.576823], [126.9820972, 37.5767024], [126.9820937, 37.5765958], [126.982122, 37.5765537], [126.9823308, 37.5765705], [126.9824883, 37.5766], [126.9826045, 37.5766277], [126.9825097, 37.5768951], [126.9824176, 37.5772352], [126.982132, 37.5771965], [126.9819968, 37.5771852], [126.9818283, 37.5771862]]]]}, "properties": {"name": null, "osm_id": "osm:w1426253205", "osm_key": "natural", "green_type": "grassland"}}, {"type": "Feature", "geometry": {"type": "MultiPolygon", "coordinates": [[[[126.9821293, 37.5765154], [126.9820944, 37.5765058], [126.982081, 37.5764845], [126.9820662, 37.5764558], [126.9820394, 37.5763315], [126.9820045, 37.5762486], [126.9819469, 37.5761476], [126.9819375, 37.5761189], [126.9819429, 37.5760934], [126.9819616, 37.5760785], [126.9819965, 37.57607], [126.9823277, 37.5760201], [126.9824806, 37.5759839], [126.9827153, 37.5759063], [126.9827636, 37.5759478], [126.9828374, 37.5759797], [126.9828749, 37.5759903], [126.9827743, 37.5762199], [126.9826067, 37.5761944], [126.9824954, 37.5764782], [126.9825987, 37.5765217], [126.9825978, 37.5765739], [126.9824069, 37.5765356], [126.9822392, 37.5765228], [126.9821293, 37.5765154]]]]}, "properties": {"name": null, "osm_id": "osm:w1426253207", "osm_key": "natural", "green_type": "grassland"}}, {"type": "Feature", "geometry": {"type": "MultiPolygon", "coordinates": [[[[126.9805184, 37.5770157], [126.9805061, 37.5769815], [126.9804209, 37.576864], [126.9804816, 37.5768709], [126.9805499, 37.576858], [126.9805949, 37.5768367], [126.9806122, 37.5768186], [126.9806275, 37.5767941], [126.980634, 37.5767529], [126.980624, 37.5767236], [126.9806059, 37.5767007], [126.9805709, 37.5766734], [126.980547, 37.5766625], [126.9805149, 37.5766581], [126.9804588, 37.5766674], [126.9804151, 37.5766877], [126.9803818, 37.5767233], [126.9803695, 37.5767363], [126.9803462, 37.5767381], [126.9801493, 37.5764665], [126.9800339, 37.5762826], [126.9803813, 37.5762868], [126.9806777, 37.5762911], [126.9806991, 37.5763198], [126.9806924, 37.5766801], [126.980734, 37.5768034], [126.9808346, 37.5769639], [126.9805184, 37.5770157]]]]}, "properties": {"name": null, "osm_id": "osm:w1426253208", "osm_key": "natural", "green_type": "grassland"}}, {"type": "Feature", "geometry": {"type": "MultiPolygon", "coordinates": [[[[126.9806334, 37.5774081], [126.9805359, 37.5770649], [126.9806619, 37.5770287], [126.9807961, 37.5770142], [126.9808733, 37.577015], [126.9811823, 37.5772784], [126.9811721, 37.5772961], [126.9809831, 37.5774153], [126.9808875, 37.577537], [126.9808174, 37.5775563], [126.9807818, 37.5773944], [126.9806334, 37.5774081]]]]}, "properties": {"name": null, "osm_id": "osm:w1426253209", "osm_key": "natural", "green_type": "grassland"}}, {"type": "Feature", "geometry": {"type": "MultiPolygon", "coordinates": [[[[126.9812646, 37.5772744], [126.9811762, 37.5772196], [126.9811233, 37.5771761], [126.9811975, 37.5770746], [126.9811741, 37.5770577], [126.9811833, 37.5770222], [126.9817596, 37.5771036], [126.9817789, 37.5771125], [126.981785, 37.5771278], [126.9817819, 37.5771664], [126.9817657, 37.5771866], [126.9815106, 37.5772277], [126.9812646, 37.5772744]]]]}, "properties": {"name": null, "osm_id": "osm:w1426253210", "osm_key": "natural", "green_type": "grassland"}}, {"type": "Feature", "geometry": {"type": "MultiPolygon", "coordinates": [[[[126.9920374, 37.578895], [126.9923071, 37.5790201], [126.9922499, 37.5791154], [126.9922037, 37.5791894], [126.992146, 37.5791968], [126.9921058, 37.5791852], [126.9920522, 37.5791543], [126.992024, 37.5790821], [126.9920374, 37.578895]]]]}, "properties": {"name": null, "osm_id": "osm:w1445743609", "osm_key": "natural", "green_type": "wood"}}, {"type": "Feature", "geometry": {"type": "MultiPolygon", "coordinates": [[[[126.9844857, 37.5845652], [126.9845766, 37.5845933], [126.9845766, 37.5846323], [126.9847045, 37.584675], [126.9847322, 37.5849509], [126.9847476, 37.5849839], [126.9845935, 37.5853196], [126.984401, 37.5852354], [126.9844765, 37.5850999], [126.9845088, 37.5849607], [126.9845042, 37.5848826], [126.9844595, 37.5848228], [126.9844349, 37.5847825], [126.9844302, 37.5847471], [126.9844747, 37.5846993], [126.9844945, 37.5846503], [126.9845003, 37.5846003], [126.9844857, 37.5845652]]]]}, "properties": {"name": null, "osm_id": "osm:w1451503586", "osm_key": "natural", "green_type": "wood"}}, {"type": "Feature", "geometry": {"type": "MultiPolygon", "coordinates": [[[[126.9836513, 37.5846365], [126.9839011, 37.5846023], [126.9839969, 37.5845773], [126.9841416, 37.5845597], [126.9842093, 37.5845523], [126.9842841, 37.5845773], [126.9843786, 37.5846383], [126.9844382, 37.5846902], [126.9844043, 37.5847244], [126.9843681, 37.5847235], [126.9842829, 37.5847003], [126.984158, 37.5846735], [126.9840903, 37.5846707], [126.9840074, 37.5846929], [126.9839712, 37.5847142], [126.983928, 37.5847244], [126.9838696, 37.5847281], [126.983733, 37.5847262], [126.9836813, 37.5847236], [126.9836513, 37.5846365]]]]}, "properties": {"name": null, "osm_id": "osm:w1451503587", "osm_key": "natural", "green_type": "wood"}}, {"type": "Feature", "geometry": {"type": "MultiPolygon", "coordinates": [[[[126.9836813, 37.5847236], [126.983733, 37.5847262], [126.9838696, 37.5847281], [126.983928, 37.5847244], [126.9839712, 37.5847142], [126.9839469, 37.5847982], [126.9839329, 37.5848713], [126.9839574, 37.5849342], [126.9839714, 37.5849749], [126.9844197, 37.5850776], [126.9844758, 37.5850721], [126.9844765, 37.5850999], [126.984401, 37.5852354], [126.984073, 37.5850832], [126.9838325, 37.5849444], [126.9836813, 37.5847236]]]]}, "properties": {"name": null, "osm_id": "osm:w1451503588", "osm_key": "leisure", "green_type": "garden"}}, {"type": "Feature", "geometry": {"type": "MultiPolygon", "coordinates": [[[[126.9926544, 37.5672899], [126.9927151, 37.5668816], [126.9932653, 37.5668634], [126.9933893, 37.5672835], [126.9930589, 37.5673593], [126.9930225, 37.5672952], [126.9926544, 37.5672899]]]]}, "properties": {"name": null, "osm_id": "osm:w1467582201", "osm_key": "landuse", "green_type": "greenfield"}}, {"type": "Feature", "geometry": {"type": "MultiPolygon", "coordinates": [[[[126.985364, 37.5712467], [126.9853298, 37.5711887], [126.9856365, 37.5711588], [126.9856377, 37.5712233], [126.985364, 37.5712467]]]]}, "properties": {"name": "공평공원", "osm_id": "osm:w1531394842", "osm_key": "leisure", "green_type": "park"}}]}