{"type": "FeatureCollection", "features": [{"type": "Feature", "geometry": {"type": "LineString", "coordinates": [[126.989947, 37.5779479], [126.9897919, 37.5784086]]}, "properties": {"name": null, "source": "osm", "highway": "path"}}, {"type": "Feature", "geometry": {"type": "LineString", "coordinates": [[126.9924372, 37.5790192], [126.9927084, 37.5786434], [126.9928818, 37.5785623], [126.9929898, 37.5785293], [126.9931033, 37.5784946], [126.9932326, 37.5784567], [126.9938643, 37.5782762]]}, "properties": {"name": null, "source": "osm", "highway": "path"}}, {"type": "Feature", "geometry": {"type": "LineString", "coordinates": [[126.9962403, 37.5788399], [126.9961801, 37.578837]]}, "properties": {"name": null, "source": "osm", "highway": "path"}}, {"type": "Feature", "geometry": {"type": "LineString", "coordinates": [[126.9961266, 37.5795237], [126.9957907, 37.5795011], [126.9953569, 37.5794706], [126.9950501, 37.5794494], [126.994525, 37.5794216], [126.9943409, 37.5795749], [126.9942376, 37.5795669], [126.9940414, 37.5795443], [126.9939275, 37.5795311], [126.9936222, 37.5794959], [126.9935227, 37.5796005], [126.9930849, 37.5795865]]}, "properties": {"name": null, "source": "osm", "highway": "path"}}, {"type": "Feature", "geometry": {"type": "LineString", "coordinates": [[126.9938794, 37.5747559], [126.9937174, 37.5744083], [126.9937129, 37.5743985], [126.9930559, 37.5746038], [126.9932581, 37.5749816], [126.9932035, 37.5749997], [126.9931868, 37.5750052], [126.9931755, 37.575009], [126.9927513, 37.5751493], [126.9926958, 37.5751638]]}, "properties": {"name": null, "source": "osm", "highway": "path"}}, {"type": "Feature", "geometry": {"type": "LineString", "coordinates": [[126.9947412, 37.5720665], [126.9948753, 37.5720971], [126.9950322, 37.5721043], [126.995246, 37.5720521], [126.9952759, 37.5720431], [126.9954324, 37.5719962], [126.9955802, 37.5719926], [126.9958422, 37.5720147], [126.9958577, 37.572016], [126.9961669, 37.5720899], [126.9963898, 37.5722611]]}, "properties": {"name": null, "source": "osm", "highway": "footway"}}, {"type": "Feature", "geometry": {"type": "LineString", "coordinates": [[126.9938401, 37.5720917], [126.994067, 37.5720391], [126.9946232, 37.5720246], [126.9946807, 37.5718666], [126.9946827, 37.5718612], [126.9949788, 37.5710486], [126.9949838, 37.5710351], [126.9950636, 37.5709491], [126.995064, 37.5709421]]}, "properties": {"name": null, "source": "osm", "highway": "footway"}}, {"type": "Feature", "geometry": {"type": "LineString", "coordinates": [[126.9949579, 37.5685469], [126.9945445, 37.5685169], [126.9933889, 37.568433], [126.9933116, 37.5684274], [126.9930733, 37.5684101], [126.9925626, 37.568373], [126.9924245, 37.5683625], [126.9924202, 37.568362], [126.9924149, 37.5683617], [126.9924106, 37.5683615], [126.9924076, 37.5683614], [126.9924038, 37.5683611], [126.9923997, 37.5683608], [126.9923937, 37.5683605], [126.9923915, 37.5683604], [126.9923866, 37.56836], [126.9923775, 37.5683593], [126.9923706, 37.5683588], [126.9923657, 37.5683585], [126.9921158, 37.56834], [126.9909572, 37.5682545], [126.9909138, 37.5682513], [126.9902748, 37.5682401], [126.9902027, 37.5682417], [126.9900385, 37.5682487], [126.9896719, 37.5681964], [126.9895938, 37.5681889], [126.9895318, 37.568188], [126.9894938, 37.5681875], [126.9894551, 37.5681869], [126.9894167, 37.5681863], [126.9893884, 37.5681859], [126.988778, 37.568177], [126.9886956, 37.5681747], [126.9886782, 37.5681742], [126.98866, 37.5681737], [126.9886437, 37.5681733], [126.9886306, 37.5681729], [126.9885717, 37.5681712], [126.988557, 37.5681708], [126.9885427, 37.5681704], [126.9885253, 37.56817], [126.9885132, 37.5681696], [126.9884733, 37.5681685], [126.9878801, 37.5681807], [126.9876196, 37.5681867], [126.9875124, 37.5681873], [126.9874953, 37.5681874], [126.9874899, 37.5681876], [126.9874832, 37.5681873], [126.9874788, 37.5681877], [126.9874726, 37.5681881], [126.9874484, 37.5681876], [126.9874446, 37.5681874], [126.9874403, 37.5681876], [126.9874349, 37.5681879], [126.9874304, 37.5681882], [126.9871918, 37.5681953], [126.9867416, 37.5682459], [126.9852327, 37.5685094], [126.9845361, 37.5686523], [126.9834488, 37.5688676], [126.983338, 37.5688839], [126.983289, 37.5688921], [126.9830519, 37.5689174], [126.9828807, 37.568927], [126.982466, 37.5689856], [126.9818627, 37.5690659], [126.9813546, 37.5690978], [126.9813231, 37.5691006], [126.9801928, 37.5691431], [126.9795039, 37.5691905], [126.9787088, 37.5692396]]}, "properties": {"name": null, "source": "osm", "highway": "footway"}}, {"type": "Feature", "geometry": {"type": "LineString", "coordinates": [[126.9949893, 37.568471], [126.995166, 37.568487], [126.9952083, 37.5684909], [126.9952425, 37.568494], [126.9953803, 37.5685065], [126.9954232, 37.5685104], [126.995457, 37.5685135], [126.9956139, 37.5685277]]}, "properties": {"name": null, "source": "osm", "highway": "footway"}}, {"type": "Feature", "geometry": {"type": "LineString", "coordinates": [[126.9956139, 37.5685277], [126.9963864, 37.568606], [126.9963962, 37.5686069], [126.9964056, 37.5686079], [126.9964142, 37.5686088], [126.9964229, 37.5686096], [126.996432, 37.5686106], [126.996441, 37.5686115], [126.9964485, 37.5686122], [126.9967759, 37.5686454], [126.9976942, 37.5687459], [126.9977677, 37.568754], [126.9978882, 37.5687745], [126.9978986, 37.5687763], [126.9979141, 37.5687789], [126.9979203, 37.56878], [126.9980682, 37.5688052], [127.0000396, 37.5691707], [127.0001261, 37.5691861], [127.0001344, 37.5691861], [127.0018639, 37.5694753], [127.0019108, 37.5694813], [127.0022022, 37.5695184], [127.0022537, 37.5695182], [127.0028663, 37.5695152], [127.003155, 37.5695222], [127.0062693, 37.5695929], [127.006505, 37.5695983], [127.0084248, 37.569692], [127.0091638, 37.569728], [127.0092938, 37.5697343], [127.0093206, 37.5697334], [127.0094518, 37.5697287], [127.0099252, 37.5697121], [127.0100182, 37.5697089], [127.0100288, 37.5697078], [127.0105232, 37.5697029]]}, "properties": {"name": null, "source": "osm", "highway": "footway"}}, {"type": "Feature", "geometry": {"type": "LineString", "coordinates": [[126.995203, 37.5685701], [126.9951477, 37.5685649], [126.9951422, 37.5685644], [126.9951384, 37.568564], [126.9951249, 37.5685627], [126.9951205, 37.5685623], [126.9951169, 37.568562], [126.9951134, 37.5685616], [126.9950783, 37.5685583], [126.9949579, 37.5685469]]}, "properties": {"name": null, "source": "osm", "highway": "footway"}}, {"type": "Feature", "geometry": {"type": "LineString", "coordinates": [[126.9844631, 37.5773171], [126.9845166, 37.5771985], [126.9845609, 37.5771638], [126.9845919, 37.577072], [126.9846895, 37.5770829], [126.9847784, 37.5770624], [126.9848084, 37.5769935], [126.9852432, 37.5770572], [126.9853216, 37.5767534], [126.9854397, 37.5765636], [126.985489, 37.5765164]]}, "properties": {"name": "율곡로5길", "source": "osm", "highway": "footway"}}, {"type": "Feature", "geometry": {"type": "LineString", "coordinates": [[126.9841845, 37.5772629], [126.9841578, 37.5774959], [126.9840922, 37.5777503]]}, "properties": {"name": "북촌로1길", "source": "osm", "highway": "footway"}}, {"type": "Feature", "geometry": {"type": "LineString", "coordinates": [[126.9844023, 37.5765118], [126.9844409, 37.5764518], [126.9844775, 37.5763988], [126.9845651, 37.57643], [126.9846791, 37.5764772], [126.9847799, 37.5762841]]}, "properties": {"name": "율곡로", "source": "osm", "highway": "footway"}}, {"type": "Feature", "geometry": {"type": "LineString", "coordinates": [[126.9841939, 37.5764232], [126.9844023, 37.5765118]]}, "properties": {"name": null, "source": "osm", "highway": "footway"}}, {"type": "Feature", "geometry": {"type": "LineString", "coordinates": [[126.9841727, 37.5779479], [126.9839826, 37.577907], [126.9840493, 37.5777414], [126.9840922, 37.5777503], [126.9843796, 37.5778283]]}, "properties": {"name": "북촌로1길", "source": "osm", "highway": "footway"}}, {"type": "Feature", "geometry": {"type": "LineString", "coordinates": [[126.9887982, 37.570345], [126.9887902, 37.5706867], [126.9888088, 37.5710979], [126.9888211, 37.5713936]]}, "properties": {"name": "종로17길", "source": "osm", "highway": "living_street"}}, {"type": "Feature", "geometry": {"type": "LineString", "coordinates": [[126.9885826, 37.5703284], [126.9885874, 37.570427]]}, "properties": {"name": null, "source": "osm", "highway": "footway"}}, {"type": "Feature", "geometry": {"type": "LineString", "coordinates": [[126.9916825, 37.5793485], [126.9917549, 37.5793604], [126.991935, 37.5793848], [126.9922041, 37.579323], [126.9923021, 37.5793044], [126.9923843, 37.5792662], [126.992422, 37.5791785], [126.9924372, 37.5790192]]}, "properties": {"name": null, "source": "osm", "highway": "path"}}, {"type": "Feature", "geometry": {"type": "LineString", "coordinates": [[126.9919996, 37.5788607], [126.991935, 37.5793848]]}, "properties": {"name": null, "source": "osm", "highway": "path"}}, {"type": "Feature", "geometry": {"type": "LineString", "coordinates": [[126.9978998, 37.5701432], [126.9980049, 37.5701755], [126.998049, 37.5701803], [126.9981959, 37.5701804], [126.9986758, 37.5702038], [126.9989081, 37.5702152], [126.9992816, 37.5702334], [126.9997236, 37.5702578], [126.9998463, 37.5702646], [126.9999861, 37.5702723], [127.0007316, 37.5703259], [127.0008993, 37.5703379]]}, "properties": {"name": "종로", "source": "osm", "highway": "pedestrian"}}, {"type": "Feature", "geometry": {"type": "LineString", "coordinates": [[126.9979002, 37.5697295], [126.9980079, 37.5697505], [126.9982492, 37.569778], [126.998442, 37.5697997], [126.9988255, 37.5698475], [126.9990214, 37.5698719], [126.9991723, 37.5698776], [126.9992259, 37.5698796], [126.9993231, 37.5698833], [126.9998761, 37.5698947], [126.9999032, 37.5698951], [126.9999146, 37.5698953], [126.9999556, 37.5698972], [127.0000081, 37.5698997], [127.0002766, 37.5699124], [127.0004235, 37.5699215], [127.0005079, 37.5699267], [127.0008587, 37.5699722], [127.0009171, 37.5699798], [127.0010412, 37.5699959], [127.0012316, 37.5700207]]}, "properties": {"name": "창경궁로12길", "source": "osm", "highway": "pedestrian"}}, {"type": "Feature", "geometry": {"type": "LineString", "coordinates": [[126.9901521, 37.5680381], [126.9901521, 37.5683548]]}, "properties": {"name": null, "source": "osm", "highway": "pedestrian"}}, {"type": "Feature", "geometry": {"type": "LineString", "coordinates": [[126.9856895, 37.570538], [126.9869691, 37.5705421], [126.9876278, 37.5705506]]}, "properties": {"name": "삼일대로", "source": "osm", "highway": "footway"}}, {"type": "Feature", "geometry": {"type": "LineString", "coordinates": [[126.9858475, 37.571738], [126.985869, 37.5716902], [126.9857362, 37.5716557], [126.985855, 37.5713446], [126.9857941, 37.5713235], [126.9856541, 37.5712871]]}, "properties": {"name": "인사동3길", "source": "osm", "highway": "footway"}}, {"type": "Feature", "geometry": {"type": "LineString", "coordinates": [[126.9870865, 37.5715711], [126.9868041, 37.5714536], [126.9868449, 37.5711941], [126.9866193, 37.5710889], [126.9867762, 37.5709252], [126.9868782, 37.5707814], [126.9869488, 37.5706117], [126.9869691, 37.5705421]]}, "properties": {"name": "인사동1길", "source": "osm", "highway": "footway"}}, {"type": "Feature", "geometry": {"type": "LineString", "coordinates": [[126.9814591, 37.5715564], [126.9816637, 37.5716656], [126.9817395, 37.5716184], [126.9818528, 37.5716033], [126.9819019, 37.5716115], [126.9819587, 37.5716209], [126.9824167, 37.5716334], [126.9829426, 37.5716423], [126.9830595, 37.5716453]]}, "properties": {"name": "종로7길", "source": "osm", "highway": "footway"}}, {"type": "Feature", "geometry": {"type": "LineString", "coordinates": [[126.9844161, 37.5702778], [126.9844451, 37.5705058], [126.9845114, 37.5705109], [126.9847828, 37.5709917]]}, "properties": {"name": "종로", "source": "osm", "highway": "footway"}}, {"type": "Feature", "geometry": {"type": "LineString", "coordinates": [[126.9854022, 37.5726301], [126.9854885, 37.5724819], [126.9855229, 37.572347]]}, "properties": {"name": "인사동5길", "source": "osm", "highway": "footway"}}, {"type": "Feature", "geometry": {"type": "LineString", "coordinates": [[126.9847828, 37.5709917], [126.9849451, 37.5709183], [126.98523, 37.5708923], [126.9852904, 37.5708041], [126.9856811, 37.5707475]]}, "properties": {"name": "종로11길", "source": "osm", "highway": "footway"}}, {"type": "Feature", "geometry": {"type": "LineString", "coordinates": [[126.9856637, 37.5778827], [126.9857515, 37.5778775], [126.9857983, 37.5778748], [126.9860228, 37.5778788], [126.9863922, 37.5778956], [126.9867593, 37.5779108]]}, "properties": {"name": "북촌로2길", "source": "osm", "highway": "pedestrian"}}, {"type": "Feature", "geometry": {"type": "LineString", "coordinates": [[126.983176, 37.5687506], [126.9831005, 37.568759], [126.9830965, 37.5687248]]}, "properties": {"name": null, "source": "osm", "highway": "steps"}}, {"type": "Feature", "geometry": {"type": "LineString", "coordinates": [[126.9857167, 37.5684842], [126.9856431, 37.5682728]]}, "properties": {"name": null, "source": "osm", "highway": "path"}}, {"type": "Feature", "geometry": {"type": "LineString", "coordinates": [[126.9841696, 37.579603], [126.9841937, 37.5796439], [126.9842432, 37.5799234], [126.9843727, 37.5802946]]}, "properties": {"name": "북촌로7길", "source": "osm", "highway": "footway"}}, {"type": "Feature", "geometry": {"type": "LineString", "coordinates": [[126.9850565, 37.580607], [126.985425, 37.5806075], [126.9857413, 37.5805558], [126.9857321, 37.5802681]]}, "properties": {"name": "북촌로", "source": "osm", "highway": "footway"}}, {"type": "Feature", "geometry": {"type": "LineString", "coordinates": [[126.9931443, 37.5809264], [126.9933761, 37.5811705], [126.993351, 37.5812763], [126.9933233, 37.5813445], [126.9932887, 37.581419], [126.9932772, 37.5815048], [126.9932813, 37.5816146], [126.9934184, 37.5818867]]}, "properties": {"name": null, "source": "osm", "highway": "path"}}, {"type": "Feature", "geometry": {"type": "LineString", "coordinates": [[126.9920441, 37.5855675], [126.9919521, 37.5855841], [126.9917704, 37.5856061], [126.9916563, 37.5856293], [126.9915894, 37.5856746], [126.9915761, 37.5857039], [126.9915837, 37.5857607], [126.9918177, 37.5859982], [126.9918284, 37.5860171], [126.9918258, 37.5860367], [126.9918139, 37.5860508], [126.9917928, 37.5860602], [126.9917727, 37.586061], [126.9913894, 37.5859339], [126.9912597, 37.5858988], [126.9911507, 37.585889], [126.9910559, 37.5859116], [126.9909128, 37.5860009], [126.9907352, 37.5861232], [126.9906923, 37.586209], [126.9906313, 37.5862834], [126.9905511, 37.5863346], [126.9902414, 37.5864524], [126.9900857, 37.586459], [126.989964, 37.586419], [126.9896246, 37.5862129], [126.9895032, 37.5861834], [126.9893991, 37.5861677], [126.9892996, 37.5861823], [126.9890523, 37.58626], [126.9886679, 37.5862882], [126.9883536, 37.5863091], [126.9882771, 37.5862785], [126.9882545, 37.5862443], [126.9882322, 37.5861677], [126.9882174, 37.5860774], [126.988143, 37.5859832], [126.9881298, 37.5859126], [126.9881484, 37.585855], [126.9881975, 37.5858144], [126.9882895, 37.5857887], [126.9884973, 37.5857653], [126.9886968, 37.5857216], [126.9888642, 37.5856876], [126.9889318, 37.5856304], [126.9889936, 37.5851628], [126.9892886, 37.5845315], [126.9892376, 37.5841744], [126.9895243, 37.583701], [126.9897975, 37.5827245], [126.989866, 37.5824378], [126.9899041, 37.5822507], [126.9897585, 37.5818176], [126.9896938, 37.5815], [126.9896467, 37.5812827], [126.9896054, 37.5808632], [126.9895983, 37.5807916], [126.9895845, 37.5805914], [126.9894938, 37.5805213]]}, "properties": {"name": null, "source": "osm", "highway": "path"}}, {"type": "Feature", "geometry": {"type": "LineString", "coordinates": [[126.9900163, 37.5784606], [126.9901567, 37.5784722]]}, "properties": {"name": "Geumcheon Bridge", "source": "osm", "highway": "path"}}, {"type": "Feature", "geometry": {"type": "LineString", "coordinates": [[126.9845361, 37.5686523], [126.9845561, 37.568767]]}, "properties": {"name": "장통교 진출입 계단 5번", "source": "osm", "highway": "steps"}}, {"type": "Feature", "geometry": {"type": "LineString", "coordinates": [[126.990217, 37.5681124], [126.9901753, 37.5680396]]}, "properties": {"name": "수표교 진출입 계단 10번", "source": "osm", "highway": "steps"}}, {"type": "Feature", "geometry": {"type": "LineString", "coordinates": [[126.9909138, 37.5682513], [126.9909117, 37.5684141]]}, "properties": {"name": "수표교 진출입 계단 9번", "source": "osm", "highway": "steps"}}, {"type": "Feature", "geometry": {"type": "LineString", "coordinates": [[126.9927785, 37.5683042], [126.9926376, 37.5681995]]}, "properties": {"name": null, "source": "osm", "highway": "steps"}}, {"type": "Feature", "geometry": {"type": "LineString", "coordinates": [[126.9871918, 37.5681953], [126.9873401, 37.5683088]]}, "properties": {"name": "삼일교 진출입 계단 7번", "source": "osm", "highway": "steps"}}, {"type": "Feature", "geometry": {"type": "LineString", "coordinates": [[126.988372, 37.5710769], [126.9884303, 37.5711012], [126.9884629, 37.5711245], [126.988489, 37.5711525], [126.9885132, 37.5711991], [126.9885197, 37.5712493], [126.988514, 37.5712818], [126.9885007, 37.5713128], [126.9884798, 37.571342], [126.9884523, 37.5713674], [126.9884177, 37.5713889], [126.9883785, 37.5714046], [126.9883373, 37.5714135], [126.9882947, 37.571416], [126.9882442, 37.5714104], [126.9881967, 37.5713958], [126.9881584, 37.5713753], [126.9881263, 37.571349], [126.9880941, 37.5713038], [126.9880802, 37.5712531], [126.9880859, 37.5712005], [126.9881112, 37.5711517], [126.988133, 37.5711278], [126.9881625, 37.5711053], [126.9881968, 37.5710875], [126.988238, 37.5710742], [126.9882817, 37.5710678], [126.9883275, 37.5710686], [126.988372, 37.5710769]]}, "properties": {"name": null, "source": "osm", "highway": "footway"}}, {"type": "Feature", "geometry": {"type": "LineString", "coordinates": [[126.9880715, 37.5717939], [126.988032, 37.571885]]}, "properties": {"name": null, "source": "osm", "highway": "footway"}}, {"type": "Feature", "geometry": {"type": "LineString", "coordinates": [[126.9878122, 37.5709827], [126.9877052, 37.5709647], [126.9876103, 37.5709634]]}, "properties": {"name": null, "source": "osm", "highway": "footway"}}, {"type": "Feature", "geometry": {"type": "LineString", "coordinates": [[126.9884303, 37.5711012], [126.9885378, 37.5710909], [126.9886304, 37.5711295], [126.9886921, 37.5711939], [126.9887132, 37.5712866], [126.9886882, 37.57136], [126.9886759, 37.5713961], [126.9886417, 37.5714682], [126.9885914, 37.5715634], [126.9885492, 37.5716355], [126.9884923, 37.5716999], [126.9884159, 37.5717514], [126.9882892, 37.5718029], [126.9881885, 37.5718068], [126.9880715, 37.5717939], [126.9879627, 37.5717669], [126.9878734, 37.5716922], [126.9878344, 37.5716162], [126.9878392, 37.5714849], [126.9878506, 37.5713652], [126.9878734, 37.5712634], [126.9878847, 37.5712106], [126.9878813, 37.5710447], [126.9880182, 37.5706886], [126.9884595, 37.5708311]]}, "properties": {"name": null, "source": "osm", "highway": "footway"}}, {"type": "Feature", "geometry": {"type": "LineString", "coordinates": [[126.988133, 37.5711278], [126.9878813, 37.5710447], [126.9878122, 37.5709827]]}, "properties": {"name": null, "source": "osm", "highway": "footway"}}, {"type": "Feature", "geometry": {"type": "LineString", "coordinates": [[126.9885007, 37.5713128], [126.9886882, 37.57136], [126.9887671, 37.5713836]]}, "properties": {"name": null, "source": "osm", "highway": "footway"}}, {"type": "Feature", "geometry": {"type": "LineString", "coordinates": [[126.9878935, 37.5718811], [126.9879026, 37.5719842], [126.9879095, 37.5720421], [126.9878907, 37.5720505]]}, "properties": {"name": null, "source": "osm", "highway": "steps"}}, {"type": "Feature", "geometry": {"type": "LineString", "coordinates": [[126.9927513, 37.5751493], [126.9930133, 37.575554]]}, "properties": {"name": null, "source": "osm", "highway": "footway"}}, {"type": "Feature", "geometry": {"type": "LineString", "coordinates": [[126.9945078, 37.5722907], [126.994603, 37.5723635], [126.9947392, 37.5727397]]}, "properties": {"name": null, "source": "osm", "highway": "footway"}}, {"type": "Feature", "geometry": {"type": "LineString", "coordinates": [[126.9943254, 37.5726527], [126.9947392, 37.5727397], [126.9947801, 37.5727473], [126.9947388, 37.5729044], [126.9947122, 37.5733126], [126.9947106, 37.5734412], [126.9947789, 37.573618], [126.9948037, 37.5736821], [126.9945503, 37.5737606], [126.9943288, 37.5738293], [126.9944292, 37.5740342], [126.9946675, 37.5745248], [126.9947311, 37.5746557], [126.9947861, 37.574761]]}, "properties": {"name": null, "source": "osm", "highway": "footway"}}, {"type": "Feature", "geometry": {"type": "LineString", "coordinates": [[126.9948037, 37.5736821], [126.9949109, 37.5739137], [126.9949457, 37.5740841], [126.9947755, 37.5744032], [126.9948526, 37.5746322], [126.9951948, 37.5749005], [126.9954629, 37.5751109], [126.9954691, 37.5752997], [126.9953277, 37.5756954], [126.9952314, 37.576137], [126.9949409, 37.5763348], [126.9948759, 37.576379], [126.9936957, 37.5767245], [126.9930183, 37.5771617], [126.9925981, 37.5771735], [126.9925326, 37.5771428], [126.9924688, 37.5767217], [126.9923299, 37.5762666], [126.9919832, 37.5756958], [126.9923939, 37.5753998]]}, "properties": {"name": null, "source": "osm", "highway": "footway"}}, {"type": "Feature", "geometry": {"type": "LineString", "coordinates": [[126.9948526, 37.5746322], [126.9947311, 37.5746557]]}, "properties": {"name": null, "source": "osm", "highway": "footway"}}, {"type": "Feature", "geometry": {"type": "LineString", "coordinates": [[126.9905858, 37.5732129], [126.9901748, 37.5731266], [126.9901713, 37.5729795], [126.9901554, 37.5729635], [126.9899251, 37.5729143], [126.9897823, 37.57288], [126.9895756, 37.572852], [126.9895365, 37.572847]]}, "properties": {"name": "수표로28길", "source": "osm", "highway": "footway"}}, {"type": "Feature", "geometry": {"type": "LineString", "coordinates": [[126.989519, 37.5737252], [126.9895365, 37.572847]]}, "properties": {"name": "수표로28길", "source": "osm", "highway": "footway"}}, {"type": "Feature", "geometry": {"type": "LineString", "coordinates": [[126.9897823, 37.57288], [126.9897856, 37.5737219]]}, "properties": {"name": "수표로28길", "source": "osm", "highway": "footway"}}, {"type": "Feature", "geometry": {"type": "LineString", "coordinates": [[126.9895365, 37.572847], [126.9895026, 37.5727876], [126.9895103, 37.5725572]]}, "properties": {"name": "돈화문로11길", "source": "osm", "highway": "footway"}}, {"type": "Feature", "geometry": {"type": "LineString", "coordinates": [[126.9901748, 37.5731266], [126.9901687, 37.5737322]]}, "properties": {"name": "수표로28길", "source": "osm", "highway": "footway"}}, {"type": "Feature", "geometry": {"type": "LineString", "coordinates": [[126.9901554, 37.5729635], [126.990278, 37.5729818]]}, "properties": {"name": "돈화문로11다길", "source": "osm", "highway": "footway"}}, {"type": "Feature", "geometry": {"type": "LineString", "coordinates": [[126.9867327, 37.5722442], [126.9864404, 37.5721486], [126.9864289, 37.5721878], [126.985856, 37.5720294]]}, "properties": {"name": "인사동길", "source": "osm", "highway": "footway"}}, {"type": "Feature", "geometry": {"type": "LineString", "coordinates": [[126.985856, 37.5720294], [126.9857225, 37.5719993]]}, "properties": {"name": "인사동길", "source": "osm", "highway": "steps"}}, {"type": "Feature", "geometry": {"type": "LineString", "coordinates": [[126.9855084, 37.5731898], [126.985655, 37.5729948]]}, "properties": {"name": null, "source": "osm", "highway": "footway"}}, {"type": "Feature", "geometry": {"type": "LineString", "coordinates": [[126.9897501, 37.5702354], [126.9897456, 37.5702968], [126.9897427, 37.5703356], [126.9897379, 37.5704]]}, "properties": {"name": null, "source": "osm", "highway": "footway"}}, {"type": "Feature", "geometry": {"type": "LineString", "coordinates": [[126.9913967, 37.5707612], [126.9914325, 37.5704716]]}, "properties": {"name": null, "source": "osm", "highway": "footway"}}, {"type": "Feature", "geometry": {"type": "LineString", "coordinates": [[126.9851722, 37.573804], [126.9844768, 37.5734061], [126.984355, 37.5735431]]}, "properties": {"name": "인사동길", "source": "osm", "highway": "footway"}}, {"type": "Feature", "geometry": {"type": "LineString", "coordinates": [[126.985358, 37.5736896], [126.9851444, 37.5735421], [126.9852778, 37.5733849]]}, "properties": {"name": "인사동길", "source": "osm", "highway": "footway"}}, {"type": "Feature", "geometry": {"type": "LineString", "coordinates": [[126.9858409, 37.5702983], [126.9858402, 37.5703302]]}, "properties": {"name": null, "source": "osm", "highway": "steps"}}, {"type": "Feature", "geometry": {"type": "LineString", "coordinates": [[126.9858459, 37.5700739], [126.985847, 37.5700508]]}, "properties": {"name": null, "source": "osm", "highway": "steps"}}, {"type": "Feature", "geometry": {"type": "LineString", "coordinates": [[126.9832047, 37.5708185], [126.9832021, 37.5709068]]}, "properties": {"name": null, "source": "osm", "highway": "steps"}}, {"type": "Feature", "geometry": {"type": "LineString", "coordinates": [[126.9786932, 37.5690829], [126.9790274, 37.569078], [126.9794332, 37.5690618], [126.9795508, 37.5690512], [126.980054, 37.5690055], [126.9800924, 37.5690026], [126.9801681, 37.5689967], [126.9818286, 37.5688422], [126.9823964, 37.5688077], [126.9825626, 37.5688032], [126.9829284, 37.5687933], [126.9831797, 37.5687616], [126.9834158, 37.5687319], [126.984882, 37.5684427], [126.9849439, 37.5684313], [126.9852038, 37.5683901], [126.985712, 37.5682918], [126.9866406, 37.5680789], [126.9866949, 37.5680762], [126.9879301, 37.5680476], [126.9884704, 37.5680419], [126.9889061, 37.5680405], [126.9891981, 37.5680576], [126.989551, 37.5680647], [126.9895693, 37.5680661], [126.990217, 37.5681124], [126.9902361, 37.5681138], [126.9909639, 37.5681683], [126.9923837, 37.5682747], [126.9923872, 37.5682749], [126.9923913, 37.5682753], [126.9923947, 37.5682755], [126.9924278, 37.568277], [126.9924313, 37.5682776], [126.9924353, 37.5682782], [126.9924398, 37.5682788], [126.9924428, 37.5682793], [126.9924956, 37.5682831], [126.9926041, 37.568291], [126.9927785, 37.5683042], [126.9930839, 37.5683272], [126.9941508, 37.5684077], [126.9941741, 37.5684095], [126.9941957, 37.5684111], [126.9942176, 37.5684128], [126.9942387, 37.5684143], [126.9947126, 37.5684501], [126.9949893, 37.568471]]}, "properties": {"name": null, "source": "osm", "highway": "footway"}}, {"type": "Feature", "geometry": {"type": "LineString", "coordinates": [[126.9911052, 37.5724944], [126.9912018, 37.5724985]]}, "properties": {"name": null, "source": "osm", "highway": "steps"}}, {"type": "Feature", "geometry": {"type": "LineString", "coordinates": [[126.9910065, 37.5726156], [126.9911058, 37.5726198]]}, "properties": {"name": null, "source": "osm", "highway": "steps"}}, {"type": "Feature", "geometry": {"type": "LineString", "coordinates": [[126.9911058, 37.5726198], [126.9911597, 37.5726221]]}, "properties": {"name": null, "source": "osm", "highway": "footway"}}, {"type": "Feature", "geometry": {"type": "LineString", "coordinates": [[126.9911052, 37.5724944], [126.9910714, 37.572493], [126.991067, 37.5725576]]}, "properties": {"name": null, "source": "osm", "highway": "footway"}}, {"type": "Feature", "geometry": {"type": "LineString", "coordinates": [[126.9909655, 37.5726034], [126.9909309, 37.5726019], [126.9909345, 37.5725497], [126.9911025, 37.5725569], [126.9912704, 37.5725642], [126.9913967, 37.5725697]]}, "properties": {"name": null, "source": "osm", "highway": "footway"}}, {"type": "Feature", "geometry": {"type": "LineString", "coordinates": [[126.9909804, 37.5725565], [126.9909765, 37.5726143], [126.9910065, 37.5726156]]}, "properties": {"name": null, "source": "osm", "highway": "footway"}}, {"type": "Feature", "geometry": {"type": "LineString", "coordinates": [[126.991225, 37.5726249], [126.9912661, 37.5726267], [126.9912704, 37.5725642], [126.9912746, 37.5725016], [126.9912018, 37.5724985]]}, "properties": {"name": null, "source": "osm", "highway": "footway"}}, {"type": "Feature", "geometry": {"type": "LineString", "coordinates": [[126.9911597, 37.5726221], [126.991225, 37.5726249]]}, "properties": {"name": null, "source": "osm", "highway": "steps"}}, {"type": "Feature", "geometry": {"type": "LineString", "coordinates": [[126.9911016, 37.5726093], [126.9912377, 37.5726152]]}, "properties": {"name": null, "source": "osm", "highway": "steps"}}, {"type": "Feature", "geometry": {"type": "LineString", "coordinates": [[126.9909722, 37.5725047], [126.9911084, 37.5725105]]}, "properties": {"name": null, "source": "osm", "highway": "steps"}}, {"type": "Feature", "geometry": {"type": "LineString", "coordinates": [[126.9924121, 37.5703542], [126.9922738, 37.5702829], [126.9921938, 37.5702889]]}, "properties": {"name": null, "source": "osm", "highway": "footway"}}, {"type": "Feature", "geometry": {"type": "LineString", "coordinates": [[126.9927415, 37.570639], [126.9928559, 37.5706456]]}, "properties": {"name": null, "source": "osm", "highway": "steps"}}, {"type": "Feature", "geometry": {"type": "LineString", "coordinates": [[126.9923843, 37.5706253], [126.9923364, 37.5706235], [126.9922015, 37.5707348], [126.9921216, 37.5707303]]}, "properties": {"name": null, "source": "osm", "highway": "footway"}}, {"type": "Feature", "geometry": {"type": "LineString", "coordinates": [[126.9911084, 37.5725105], [126.9912445, 37.5725164]]}, "properties": {"name": null, "source": "osm", "highway": "steps"}}, {"type": "Feature", "geometry": {"type": "LineString", "coordinates": [[126.9916514, 37.572661], [126.9917312, 37.5726234]]}, "properties": {"name": null, "source": "osm", "highway": "steps"}}, {"type": "Feature", "geometry": {"type": "LineString", "coordinates": [[126.9925141, 37.5703601], [126.9924121, 37.5703542]]}, "properties": {"name": null, "source": "osm", "highway": "steps"}}, {"type": "Feature", "geometry": {"type": "LineString", "coordinates": [[126.9915241, 37.5727019], [126.9916514, 37.572661]]}, "properties": {"name": null, "source": "osm", "highway": "footway"}}, {"type": "Feature", "geometry": {"type": "LineString", "coordinates": [[126.9924936, 37.5706273], [126.9923843, 37.5706253]]}, "properties": {"name": null, "source": "osm", "highway": "steps"}}, {"type": "Feature", "geometry": {"type": "LineString", "coordinates": [[126.9909655, 37.5726034], [126.9911016, 37.5726093]]}, "properties": {"name": null, "source": "osm", "highway": "steps"}}, {"type": "Feature", "geometry": {"type": "LineString", "coordinates": [[126.9927696, 37.5703684], [126.9928839, 37.570375]]}, "properties": {"name": null, "source": "osm", "highway": "steps"}}, {"type": "Feature", "geometry": {"type": "LineString", "coordinates": [[126.9928839, 37.570375], [126.9928862, 37.5703353], [126.9926792, 37.5703257]]}, "properties": {"name": null, "source": "osm", "highway": "footway"}}, {"type": "Feature", "geometry": {"type": "LineString", "coordinates": [[126.9928559, 37.5706456], [126.9929161, 37.5706487], [126.9929895, 37.5706465], [126.9937629, 37.5706747]]}, "properties": {"name": null, "source": "osm", "highway": "footway"}}, {"type": "Feature", "geometry": {"type": "LineString", "coordinates": [[126.9909345, 37.5725497], [126.9909377, 37.5725032], [126.9909722, 37.5725047]]}, "properties": {"name": null, "source": "osm", "highway": "footway"}}, {"type": "Feature", "geometry": {"type": "LineString", "coordinates": [[126.9924505, 37.5755071], [126.9923939, 37.5753998], [126.9926958, 37.5751638], [126.9928452, 37.5746578], [126.993285, 37.5742241], [126.9934916, 37.5739785], [126.9938309, 37.5735779], [126.9943254, 37.5726527], [126.9945078, 37.5722907], [126.9945705, 37.5721824]]}, "properties": {"name": null, "source": "osm", "highway": "footway"}}, {"type": "Feature", "geometry": {"type": "LineString", "coordinates": [[126.9961266, 37.5795237], [126.9960062, 37.5801544], [126.9959935, 37.5802755], [126.9959864, 37.5804254], [126.995969, 37.5805887], [126.9959488, 37.5807675], [126.9959053, 37.5809822], [126.995873, 37.5810442], [126.9958382, 37.5812104], [126.9955603, 37.5812029]]}, "properties": {"name": null, "source": "osm", "highway": "path"}}, {"type": "Feature", "geometry": {"type": "LineString", "coordinates": [[126.9948793, 37.5806688], [126.994763, 37.5806272], [126.9946267, 37.5805388], [126.994533, 37.5804279], [126.9945174, 37.5804094], [126.9945025, 37.5802774], [126.9945021, 37.5801363], [126.9944999, 37.5800488], [126.994349, 37.5800332], [126.9941759, 37.5799921], [126.993477, 37.5799271], [126.9933308, 37.5798859], [126.9931376, 37.5797446], [126.9930849, 37.5795865]]}, "properties": {"name": null, "source": "osm", "highway": "path"}}, {"type": "Feature", "geometry": {"type": "LineString", "coordinates": [[126.995012, 37.5790921], [126.9953952, 37.5791138], [126.9956711, 37.5791294], [126.9956931, 37.5788847], [126.9956817, 37.5788841], [126.9956887, 37.5788061], [126.9956961, 37.5787239], [126.9957101, 37.5787247], [126.9957302, 37.5785007], [126.9955244, 37.578489], [126.99507, 37.5784634], [126.9950539, 37.5786804], [126.9950939, 37.5786823], [126.995085, 37.5787729], [126.9950758, 37.5788668], [126.9950335, 37.5788641], [126.995012, 37.5790921]]}, "properties": {"name": null, "source": "osm", "highway": "pedestrian"}}, {"type": "Feature", "geometry": {"type": "LineString", "coordinates": [[126.9958176, 37.5788133], [126.9956887, 37.5788061]]}, "properties": {"name": null, "source": "osm", "highway": "path"}}, {"type": "Feature", "geometry": {"type": "LineString", "coordinates": [[126.9961801, 37.578837], [126.9960595, 37.5788285]]}, "properties": {"name": "Okcheon Bridge", "source": "osm", "highway": "path"}}, {"type": "Feature", "geometry": {"type": "LineString", "coordinates": [[126.995085, 37.5787729], [126.9950217, 37.5787695]]}, "properties": {"name": null, "source": "osm", "highway": "steps"}}, {"type": "Feature", "geometry": {"type": "LineString", "coordinates": [[126.9953877, 37.5791926], [126.9953952, 37.5791138]]}, "properties": {"name": null, "source": "osm", "highway": "path"}}, {"type": "Feature", "geometry": {"type": "LineString", "coordinates": [[126.9899117, 37.5777776], [126.98988, 37.577901]]}, "properties": {"name": null, "source": "osm", "highway": "path"}}, {"type": "Feature", "geometry": {"type": "LineString", "coordinates": [[126.9911679, 37.5788824], [126.9911561, 37.5789834], [126.9911309, 37.5791512]]}, "properties": {"name": null, "source": "osm", "highway": "path"}}, {"type": "Feature", "geometry": {"type": "LineString", "coordinates": [[126.9962403, 37.5788399], [126.996237, 37.5788597], [126.9961864, 37.5791634]]}, "properties": {"name": null, "source": "osm", "highway": "path"}}, {"type": "Feature", "geometry": {"type": "LineString", "coordinates": [[126.9900633, 37.5778034], [126.9900315, 37.5779268]]}, "properties": {"name": null, "source": "osm", "highway": "path"}}, {"type": "Feature", "geometry": {"type": "LineString", "coordinates": [[126.9957907, 37.5795011], [126.9958984, 37.5788424], [126.9959024, 37.5788179]]}, "properties": {"name": null, "source": "osm", "highway": "path"}}, {"type": "Feature", "geometry": {"type": "LineString", "coordinates": [[126.9963444, 37.5788477], [126.9962403, 37.5788399]]}, "properties": {"name": null, "source": "osm", "highway": "path"}}, {"type": "Feature", "geometry": {"type": "LineString", "coordinates": [[126.9941759, 37.5799921], [126.9942376, 37.5795669]]}, "properties": {"name": null, "source": "osm", "highway": "path"}}, {"type": "Feature", "geometry": {"type": "LineString", "coordinates": [[126.9901567, 37.5784722], [126.9902232, 37.5784791], [126.9903696, 37.578489], [126.990412, 37.5784918]]}, "properties": {"name": null, "source": "osm", "highway": "path"}}, {"type": "Feature", "geometry": {"type": "LineString", "coordinates": [[126.9953569, 37.5794706], [126.9953877, 37.5791926]]}, "properties": {"name": null, "source": "osm", "highway": "path"}}, {"type": "Feature", "geometry": {"type": "LineString", "coordinates": [[126.9966563, 37.5774792], [126.9965261, 37.5777786], [126.996292, 37.5783707], [126.9962803, 37.5784517]]}, "properties": {"name": null, "source": "osm", "highway": "path"}}, {"type": "Feature", "geometry": {"type": "LineString", "coordinates": [[126.9930849, 37.5795865], [126.9930667, 37.5795239], [126.9930417, 37.5794849], [126.9929537, 37.579497]]}, "properties": {"name": null, "source": "osm", "highway": "path"}}, {"type": "Feature", "geometry": {"type": "LineString", "coordinates": [[126.9954535, 37.5787932], [126.995085, 37.5787729]]}, "properties": {"name": null, "source": "osm", "highway": "path"}}, {"type": "Feature", "geometry": {"type": "LineString", "coordinates": [[126.9960595, 37.5788285], [126.9959024, 37.5788179]]}, "properties": {"name": null, "source": "osm", "highway": "path"}}, {"type": "Feature", "geometry": {"type": "LineString", "coordinates": [[126.9962803, 37.5784517], [126.9962727, 37.5785256]]}, "properties": {"name": null, "source": "osm", "highway": "path"}}, {"type": "Feature", "geometry": {"type": "LineString", "coordinates": [[126.9929646, 37.5795453], [126.9930495, 37.5798048], [126.9931664, 37.5798974], [126.9933641, 37.5803319], [126.9931805, 37.5805828], [126.9931324, 37.5806693], [126.9931489, 37.5807423], [126.9931443, 37.5809264], [126.9929608, 37.5811706], [126.9927106, 37.581234], [126.9925615, 37.5813592], [126.9924274, 37.5815574], [126.9922186, 37.5819144], [126.9921282, 37.5820873], [126.9920315, 37.5821748], [126.9920074, 37.5821966], [126.9917889, 37.5822448], [126.9916804, 37.5823492], [126.991638, 37.5824401], [126.9917676, 37.5825088], [126.9919306, 37.5825135], [126.992298, 37.5825271], [126.9923758, 37.5826589], [126.9933306, 37.5826398], [126.9934184, 37.5818867], [126.9936891, 37.5818666], [126.9938539, 37.5819485], [126.9934014, 37.5825509], [126.993321, 37.5832995], [126.9933692, 37.5834281], [126.9935233, 37.5836693], [126.9933487, 37.5837496], [126.9932725, 37.5838437], [126.9932339, 37.5839575], [126.9931123, 37.5840442], [126.9930579, 37.5840689], [126.9929852, 37.5841019], [126.9928625, 37.5842324], [126.9927714, 37.5843879], [126.9927399, 37.5844767], [126.9927487, 37.5846734], [126.9927504, 37.5849571], [126.9927368, 37.5853587], [126.992721, 37.5858263], [126.992658, 37.585813], [126.9925091, 37.585759], [126.9922224, 37.5856165], [126.9920441, 37.5855675]]}, "properties": {"name": null, "source": "osm", "highway": "path"}}, {"type": "Feature", "geometry": {"type": "LineString", "coordinates": [[126.98988, 37.577901], [126.989871, 37.5779357], [126.989947, 37.5779479], [126.990023, 37.5779602], [126.9900315, 37.5779268]]}, "properties": {"name": null, "source": "osm", "highway": "path"}}, {"type": "Feature", "geometry": {"type": "LineString", "coordinates": [[126.9900633, 37.5778034], [126.9900777, 37.5777475], [126.9900017, 37.5777353], [126.9899257, 37.577723], [126.9899117, 37.5777776]]}, "properties": {"name": null, "source": "osm", "highway": "path"}}, {"type": "Feature", "geometry": {"type": "LineString", "coordinates": [[126.9951644, 37.5812275], [126.9951355, 37.5810957], [126.9952745, 37.5806693], [126.9952476, 37.5804397], [126.9953564, 37.580284], [126.9953569, 37.5794706]]}, "properties": {"name": null, "source": "osm", "highway": "path"}}, {"type": "Feature", "geometry": {"type": "LineString", "coordinates": [[126.9950501, 37.5794494], [126.995013, 37.5800201], [126.9949731, 37.5801477], [126.9949027, 37.5802437], [126.9948224, 37.5803686], [126.9948174, 37.5804577], [126.9948793, 37.5806688], [126.9950482, 37.5809283], [126.9950817, 37.5809926], [126.9951355, 37.5810957]]}, "properties": {"name": null, "source": "osm", "highway": "path"}}, {"type": "Feature", "geometry": {"type": "LineString", "coordinates": [[126.9934916, 37.5739785], [126.993665, 37.5743111], [126.99367, 37.5743208], [126.9936897, 37.5743581], [126.9937129, 37.5743985], [126.9942852, 37.5742101], [126.9944833, 37.5745859], [126.9945257, 37.5745718], [126.9945564, 37.5745617], [126.9945815, 37.5745534], [126.9946675, 37.5745248]]}, "properties": {"name": null, "source": "osm", "highway": "path"}}, {"type": "Feature", "geometry": {"type": "LineString", "coordinates": [[126.993462, 37.5750006], [126.9934229, 37.5749265], [126.9935984, 37.5748683], [126.9936113, 37.5748641], [126.9936242, 37.5748598], [126.9938757, 37.5747765], [126.9938881, 37.5747724], [126.9939005, 37.5747683], [126.9941462, 37.5746869], [126.9941641, 37.574681], [126.994182, 37.574675], [126.9943829, 37.5746085], [126.994422, 37.5746826], [126.993462, 37.5750006]]}, "properties": {"name": null, "source": "osm", "highway": "pedestrian"}}, {"type": "Feature", "geometry": {"type": "LineString", "coordinates": [[126.9926362, 37.5757953], [126.992646, 37.5758092]]}, "properties": {"name": null, "source": "osm", "highway": "steps"}}, {"type": "Feature", "geometry": {"type": "LineString", "coordinates": [[126.9925826, 37.575819], [126.9925925, 37.5758329]]}, "properties": {"name": null, "source": "osm", "highway": "steps"}}, {"type": "Feature", "geometry": {"type": "LineString", "coordinates": [[126.99456, 37.573783], [126.9945503, 37.5737606]]}, "properties": {"name": null, "source": "osm", "highway": "path"}}, {"type": "Feature", "geometry": {"type": "LineString", "coordinates": [[126.9944292, 37.5740342], [126.9944749, 37.5740204]]}, "properties": {"name": null, "source": "osm", "highway": "path"}}, {"type": "Feature", "geometry": {"type": "LineString", "coordinates": [[126.9936026, 37.5748476], [126.9936113, 37.5748641]]}, "properties": {"name": null, "source": "osm", "highway": "steps"}}, {"type": "Feature", "geometry": {"type": "LineString", "coordinates": [[126.9926903, 37.5757714], [126.9927001, 37.5757853]]}, "properties": {"name": null, "source": "osm", "highway": "steps"}}, {"type": "Feature", "geometry": {"type": "LineString", "coordinates": [[126.9938794, 37.5747559], [126.9938881, 37.5747724]]}, "properties": {"name": null, "source": "osm", "highway": "steps"}}, {"type": "Feature", "geometry": {"type": "LineString", "coordinates": [[126.9941554, 37.5746645], [126.9941641, 37.574681]]}, "properties": {"name": null, "source": "osm", "highway": "steps"}}, {"type": "Feature", "geometry": {"type": "LineString", "coordinates": [[126.9943829, 37.5746085], [126.994182, 37.574675], [126.9941733, 37.5746585], [126.9941554, 37.5746645], [126.9941375, 37.5746704], [126.9941462, 37.5746869], [126.9939005, 37.5747683], [126.9938918, 37.5747518], [126.9938794, 37.5747559], [126.993867, 37.57476], [126.9938757, 37.5747765], [126.9936242, 37.5748598], [126.9936155, 37.5748433], [126.9936026, 37.5748476], [126.9935897, 37.5748518], [126.9935984, 37.5748683], [126.9934229, 37.5749265], [126.9934123, 37.5749064], [126.9933516, 37.5749265], [126.993304, 37.5749423], [126.9931258, 37.5746043], [126.9937174, 37.5744083], [126.9942732, 37.5742242], [126.9944515, 37.5745622], [126.9944227, 37.5745717], [126.9943723, 37.5745884], [126.9943829, 37.5746085]]}, "properties": {"name": null, "source": "osm", "highway": "pedestrian"}}, {"type": "Feature", "geometry": {"type": "LineString", "coordinates": [[126.9945683, 37.5738023], [126.9945625, 37.5737889], [126.99456, 37.573783]]}, "properties": {"name": null, "source": "osm", "highway": "path"}}, {"type": "Feature", "geometry": {"type": "LineString", "coordinates": [[126.9924778, 37.575546], [126.9924628, 37.5755247], [126.9924505, 37.5755071]]}, "properties": {"name": null, "source": "osm", "highway": "footway"}}, {"type": "Feature", "geometry": {"type": "LineString", "coordinates": [[126.9946742, 37.5738269], [126.9945872, 37.5738461], [126.9944724, 37.5738785]]}, "properties": {"name": null, "source": "osm", "highway": "path"}}, {"type": "Feature", "geometry": {"type": "LineString", "coordinates": [[126.9926362, 37.5757953], [126.9924996, 37.5755804], [126.9924778, 37.575546]]}, "properties": {"name": null, "source": "osm", "highway": "footway"}}, {"type": "Feature", "geometry": {"type": "LineString", "coordinates": [[126.9944749, 37.5740204], [126.9944815, 37.5740186], [126.994487, 37.574017]]}, "properties": {"name": null, "source": "osm", "highway": "path"}}, {"type": "Feature", "geometry": {"type": "LineString", "coordinates": [[126.9946194, 37.573919], [126.9946125, 37.5739045], [126.9945872, 37.5738461], [126.9945683, 37.5738023]]}, "properties": {"name": null, "source": "osm", "highway": "path"}}, {"type": "Feature", "geometry": {"type": "LineString", "coordinates": [[126.994487, 37.574017], [126.9945499, 37.5739986], [126.9945213, 37.5739299], [126.9946125, 37.5739045]]}, "properties": {"name": null, "source": "osm", "highway": "path"}}, {"type": "Feature", "geometry": {"type": "LineString", "coordinates": [[126.9944864, 37.5704352], [126.994492, 37.5700839]]}, "properties": {"name": null, "source": "osm", "highway": "footway"}}, {"type": "Feature", "geometry": {"type": "LineString", "coordinates": [[126.9850709, 37.5812601], [126.9855285, 37.5812634], [126.9855414, 37.5809947]]}, "properties": {"name": "북촌로", "source": "osm", "highway": "footway"}}, {"type": "Feature", "geometry": {"type": "LineString", "coordinates": [[126.9876993, 37.5798762], [126.9879828, 37.5798735], [126.9879505, 37.5801471], [126.9881679, 37.5801552]]}, "properties": {"name": "계동2길", "source": "osm", "highway": "footway"}}, {"type": "Feature", "geometry": {"type": "LineString", "coordinates": [[126.9855507, 37.5781329], [126.9860165, 37.578131]]}, "properties": {"name": "북촌로", "source": "osm", "highway": "pedestrian"}}, {"type": "Feature", "geometry": {"type": "LineString", "coordinates": [[126.9860219, 37.5782134], [126.9860165, 37.578131], [126.9860228, 37.5778788]]}, "properties": {"name": "북촌로2길", "source": "osm", "highway": "pedestrian"}}, {"type": "Feature", "geometry": {"type": "LineString", "coordinates": [[126.9888211, 37.5713936], [126.9892168, 37.5714584]]}, "properties": {"name": "수표로", "source": "osm", "highway": "living_street"}}, {"type": "Feature", "geometry": {"type": "LineString", "coordinates": [[126.9979624, 37.5684632], [126.9981122, 37.568467], [126.9982349, 37.5684702], [126.9983025, 37.568481], [126.9985021, 37.5685259], [126.9985941, 37.5685501], [126.9990286, 37.5687002], [126.9992867, 37.5687628], [126.9992952, 37.5687642], [126.9996735, 37.5688032], [126.9997166, 37.5688076], [126.9997289, 37.5687218], [126.9999149, 37.5687258], [127.0001061, 37.5687299]]}, "properties": {"name": "창경궁로8길", "source": "osm", "highway": "footway"}}, {"type": "Feature", "geometry": {"type": "LineString", "coordinates": [[126.9885874, 37.570427], [126.9885874, 37.5704613], [126.9885737, 37.5705069]]}, "properties": {"name": null, "source": "osm", "highway": "footway"}}, {"type": "Feature", "geometry": {"type": "LineString", "coordinates": [[126.9885737, 37.5705069], [126.9884595, 37.5708311], [126.988372, 37.5710769]]}, "properties": {"name": null, "source": "osm", "highway": "footway"}}, {"type": "Feature", "geometry": {"type": "LineString", "coordinates": [[126.9945705, 37.5721824], [126.9946201, 37.5720517]]}, "properties": {"name": null, "source": "osm", "highway": "footway"}}, {"type": "Feature", "geometry": {"type": "LineString", "coordinates": [[126.9946201, 37.5720517], [126.9946232, 37.5720246]]}, "properties": {"name": null, "source": "osm", "highway": "footway"}}, {"type": "Feature", "geometry": {"type": "LineString", "coordinates": [[126.9918733, 37.577473], [126.992126, 37.5774826], [126.9925311, 37.577474], [126.9928566, 37.5774105], [126.9933207, 37.5772245], [126.9953896, 37.5764612], [126.9957892, 37.5763509]]}, "properties": {"name": null, "source": "osm", "highway": "footway"}}, {"type": "Feature", "geometry": {"type": "LineString", "coordinates": [[126.9896719, 37.5681964], [126.9896642, 37.5682765]]}, "properties": {"name": "탈출 사다리", "source": "osm", "highway": "footway"}}, {"type": "Feature", "geometry": {"type": "LineString", "coordinates": [[126.9980696, 37.5706919], [126.9980696, 37.5707475], [126.9980614, 37.570845], [126.9980634, 37.5709043]]}, "properties": {"name": null, "source": "osm", "highway": "footway"}}, {"type": "Feature", "geometry": {"type": "LineString", "coordinates": [[126.9970744, 37.5707492], [126.9970798, 37.5707086], [126.9970846, 37.5706545], [126.9970952, 37.5705818], [126.9970996, 37.5705613]]}, "properties": {"name": null, "source": "osm", "highway": "footway"}}, {"type": "Feature", "geometry": {"type": "LineString", "coordinates": [[126.9980696, 37.5706919], [126.9980693, 37.5706355], [126.9980974, 37.5705692], [126.9981665, 37.5705087], [126.9982114, 37.5704987]]}, "properties": {"name": null, "source": "osm", "highway": "footway"}}, {"type": "Feature", "geometry": {"type": "LineString", "coordinates": [[126.9982114, 37.5704987], [126.998281, 37.5704504], [126.9983072, 37.5704371]]}, "properties": {"name": null, "source": "osm", "highway": "footway"}}, {"type": "Feature", "geometry": {"type": "LineString", "coordinates": [[126.9897919, 37.5784086], [126.9896491, 37.5783605], [126.9895555, 37.5783298], [126.9894857, 37.578292], [126.9893713, 37.5782569], [126.9892153, 37.5782333]]}, "properties": {"name": null, "source": "osm", "highway": "footway"}}, {"type": "Feature", "geometry": {"type": "LineString", "coordinates": [[126.9902232, 37.5784791], [126.9901649, 37.5786728], [126.9901315, 37.5787871]]}, "properties": {"name": null, "source": "osm", "highway": "path"}}, {"type": "Feature", "geometry": {"type": "LineString", "coordinates": [[126.9903696, 37.578489], [126.990333, 37.578745], [126.9903194, 37.5788263], [126.9903914, 37.578832], [126.990381, 37.5789486], [126.9903786, 37.5789753], [126.9903704, 37.5789911]]}, "properties": {"name": null, "source": "osm", "highway": "path"}}, {"type": "Feature", "geometry": {"type": "LineString", "coordinates": [[126.9917475, 37.5794051], [126.9917322, 37.5795869]]}, "properties": {"name": null, "source": "osm", "highway": "footway"}}, {"type": "Feature", "geometry": {"type": "LineString", "coordinates": [[126.9922041, 37.579323], [126.9922972, 37.5796638]]}, "properties": {"name": null, "source": "osm", "highway": "footway"}}, {"type": "Feature", "geometry": {"type": "LineString", "coordinates": [[126.9932326, 37.5784567], [126.9933079, 37.5786297], [126.9933444, 37.5787134], [126.9935231, 37.5786646]]}, "properties": {"name": null, "source": "osm", "highway": "footway"}}, {"type": "Feature", "geometry": {"type": "LineString", "coordinates": [[126.9828972, 37.5796427], [126.9832634, 37.5796346], [126.9832843, 37.5794679]]}, "properties": {"name": null, "source": "osm", "highway": "footway"}}, {"type": "Feature", "geometry": {"type": "LineString", "coordinates": [[126.9845685, 37.5795943], [126.9845097, 37.5796493], [126.984557, 37.5800564], [126.9846868, 37.5800541], [126.9847249, 37.5802092]]}, "properties": {"name": "북촌로7길", "source": "osm", "highway": "footway"}}, {"type": "Feature", "geometry": {"type": "LineString", "coordinates": [[126.9969169, 37.5778365], [126.9966131, 37.5777873], [126.9965261, 37.5777786], [126.996487, 37.5777754]]}, "properties": {"name": null, "source": "osm", "highway": "footway"}}, {"type": "Feature", "geometry": {"type": "LineString", "coordinates": [[126.9950817, 37.5809926], [126.9947882, 37.5810215], [126.9944637, 37.5810491], [126.9943108, 37.5810236], [126.9942571, 37.5809471], [126.9943549, 37.5807757], [126.9943146, 37.5807247], [126.9943119, 37.5805589], [126.994533, 37.5804279]]}, "properties": {"name": null, "source": "osm", "highway": "path"}}, {"type": "Feature", "geometry": {"type": "LineString", "coordinates": [[126.9940414, 37.5795443], [126.9942022, 37.5787111], [126.9942983, 37.5785863], [126.9943865, 37.5779665], [126.9943069, 37.5778907], [126.9942223, 37.5775179], [126.9941978, 37.5774293], [126.9948847, 37.5772517], [126.9949101, 37.5772454], [126.9949833, 37.5772273], [126.9951158, 37.577093], [126.995313, 37.5770173], [126.9956211, 37.5769172], [126.9957967, 37.5767829], [126.9960155, 37.5766705], [126.9961633, 37.5766486], [126.9961926, 37.5766664], [126.9963112, 37.5767389], [126.9965207, 37.5769001], [126.9965516, 37.5770441], [126.9963913, 37.5771272], [126.9961849, 37.5772029], [126.9961494, 37.5773028], [126.9961407, 37.5773741], [126.9961453, 37.577747], [126.996052, 37.5781777], [126.9959775, 37.5782993]]}, "properties": {"name": null, "source": "osm", "highway": "path"}}, {"type": "Feature", "geometry": {"type": "LineString", "coordinates": [[126.9959775, 37.5782993], [126.9959058, 37.5787947], [126.9959024, 37.5788179]]}, "properties": {"name": null, "source": "osm", "highway": "path"}}, {"type": "Feature", "geometry": {"type": "LineString", "coordinates": [[126.9959775, 37.5782993], [126.9955437, 37.578279], [126.9952579, 37.5782369], [126.9950465, 37.5780319], [126.9948955, 37.5779537], [126.9945874, 37.5778878], [126.9943069, 37.5778907], [126.9941638, 37.5778915], [126.993998, 37.5774974], [126.9941913, 37.5774315], [126.9941978, 37.5774293]]}, "properties": {"name": null, "source": "osm", "highway": "path"}}, {"type": "Feature", "geometry": {"type": "LineString", "coordinates": [[126.9954535, 37.5787932], [126.9955244, 37.578489]]}, "properties": {"name": null, "source": "osm", "highway": "path"}}, {"type": "Feature", "geometry": {"type": "LineString", "coordinates": [[126.9955437, 37.578279], [126.9956428, 37.5780242], [126.9956454, 37.5779066], [126.9956299, 37.5777445], [126.9955871, 37.5776638], [126.9955495, 37.577621], [126.9954889, 37.5775958], [126.9954069, 37.5775606], [126.9953114, 37.577524], [126.9951728, 37.5774238], [126.9950157, 37.5773237], [126.9949833, 37.5772273]]}, "properties": {"name": null, "source": "osm", "highway": "path"}}, {"type": "Feature", "geometry": {"type": "LineString", "coordinates": [[126.9945874, 37.5778878], [126.9946883, 37.577759], [126.9947874, 37.577658], [126.9948865, 37.5776243], [126.9951378, 37.5776047], [126.995244, 37.5775738], [126.9953114, 37.577524]]}, "properties": {"name": null, "source": "osm", "highway": "path"}}, {"type": "Feature", "geometry": {"type": "LineString", "coordinates": [[126.9948865, 37.5776243], [126.9949101, 37.5772454]]}, "properties": {"name": null, "source": "osm", "highway": "path"}}, {"type": "Feature", "geometry": {"type": "LineString", "coordinates": [[126.9961926, 37.5766664], [126.9962933, 37.5765406]]}, "properties": {"name": null, "source": "osm", "highway": "path"}}, {"type": "Feature", "geometry": {"type": "LineString", "coordinates": [[126.9941638, 37.5778915], [126.9941206, 37.5779739], [126.9940308, 37.578043]]}, "properties": {"name": null, "source": "osm", "highway": "path"}}, {"type": "Feature", "geometry": {"type": "LineString", "coordinates": [[126.9956211, 37.5769172], [126.9957375, 37.5770219], [126.9958314, 37.5770623], [126.9959467, 37.577328]]}, "properties": {"name": null, "source": "osm", "highway": "path"}}, {"type": "Feature", "geometry": {"type": "LineString", "coordinates": [[126.9955495, 37.577621], [126.9956168, 37.5775555], [126.995759, 37.5774789], [126.9958341, 37.5774279], [126.9959467, 37.577328], [126.9961494, 37.5773028]]}, "properties": {"name": null, "source": "osm", "highway": "path"}}, {"type": "Feature", "geometry": {"type": "LineString", "coordinates": [[126.9931324, 37.5806693], [126.9930913, 37.5806609], [126.9929934, 37.5806242], [126.9928164, 37.5806046], [126.9926571, 37.5806579], [126.9924961, 37.5808205]]}, "properties": {"name": null, "source": "osm", "highway": "path"}}, {"type": "Feature", "geometry": {"type": "LineString", "coordinates": [[126.9972919, 37.5761711], [126.9975181, 37.5761617], [126.9976829, 37.5761885], [126.9979525, 37.5762618], [126.9982298, 37.5762789], [126.9984917, 37.5763326], [126.9985009, 37.5762374], [126.9987443, 37.5762813], [126.9988183, 37.5761494], [126.9991325, 37.5762251], [126.9991849, 37.5761275], [126.9992435, 37.5761201], [126.9993613, 37.5759065]]}, "properties": {"name": "창경궁로22길", "source": "osm", "highway": "footway"}}, {"type": "Feature", "geometry": {"type": "LineString", "coordinates": [[126.9952971, 37.5686867], [126.9952986, 37.5686737]]}, "properties": {"name": null, "source": "osm", "highway": "footway"}}, {"type": "Feature", "geometry": {"type": "LineString", "coordinates": [[126.9977088, 37.5701359], [126.9978665, 37.570135], [126.9978998, 37.5701432]]}, "properties": {"name": null, "source": "osm", "highway": "footway"}}, {"type": "Feature", "geometry": {"type": "LineString", "coordinates": [[126.9856364, 37.568254], [126.9856204, 37.5682036]]}, "properties": {"name": null, "source": "osm", "highway": "path"}}, {"type": "Feature", "geometry": {"type": "LineString", "coordinates": [[126.9857346, 37.5685332], [126.9857167, 37.5684842]]}, "properties": {"name": null, "source": "osm", "highway": "path"}}, {"type": "Feature", "geometry": {"type": "LineString", "coordinates": [[126.9903786, 37.5789753], [126.9905379, 37.5789816], [126.9904899, 37.5793214]]}, "properties": {"name": null, "source": "osm", "highway": "path"}}, {"type": "Feature", "geometry": {"type": "LineString", "coordinates": [[126.9866901, 37.5759378], [126.9866177, 37.5759274]]}, "properties": {"name": null, "source": "osm", "highway": "footway"}}, {"type": "Feature", "geometry": {"type": "LineString", "coordinates": [[126.9866901, 37.5759378], [126.9867668, 37.5759539]]}, "properties": {"name": null, "source": "osm", "highway": "footway"}}, {"type": "Feature", "geometry": {"type": "LineString", "coordinates": [[126.9965209, 37.5790296], [126.9966048, 37.5790339], [126.9966719, 37.5790373], [126.9967801, 37.5790436], [126.9968521, 37.5790457]]}, "properties": {"name": null, "source": "osm", "highway": "footway"}}, {"type": "Feature", "geometry": {"type": "LineString", "coordinates": [[126.9950793, 37.5706704], [126.9950804, 37.570631], [126.9950818, 37.5705777], [126.9950828, 37.5705405], [126.9950838, 37.5705038], [126.9950849, 37.5704628]]}, "properties": {"name": null, "source": "osm", "highway": "footway"}}, {"type": "Feature", "geometry": {"type": "LineString", "coordinates": [[126.9955223, 37.5683519], [126.9955102, 37.5685662], [126.9955035, 37.5686854], [126.9954959, 37.5687402], [126.9954948, 37.5687481], [126.9954914, 37.5687723], [126.9954855, 37.5688426], [126.995452, 37.5691956], [126.995429, 37.5694476], [126.9954044, 37.5696844], [126.995279, 37.5696729], [126.9952292, 37.5696713], [126.9950635, 37.5696626], [126.9950692, 37.569593], [126.9950787, 37.5694146], [126.9951154, 37.5688273], [126.9951266, 37.5686267], [126.9951378, 37.5683275]]}, "properties": {"name": "세운상가 공중보행데크", "source": "osm", "highway": "footway"}}, {"type": "Feature", "geometry": {"type": "LineString", "coordinates": [[126.9950849, 37.5704628], [126.9952079, 37.5698442], [126.9952246, 37.5697065], [126.9952292, 37.5696713]]}, "properties": {"name": null, "source": "osm", "highway": "footway"}}, {"type": "Feature", "geometry": {"type": "LineString", "coordinates": [[126.9951378, 37.5683275], [126.9955223, 37.5683519]]}, "properties": {"name": null, "source": "osm", "highway": "footway"}}, {"type": "Feature", "geometry": {"type": "LineString", "coordinates": [[126.9954855, 37.5688426], [126.9952699, 37.5688315], [126.9951491, 37.5688276], [126.9951154, 37.5688273]]}, "properties": {"name": null, "source": "osm", "highway": "footway"}}, {"type": "Feature", "geometry": {"type": "LineString", "coordinates": [[126.9950783, 37.5685583], [126.9950736, 37.568599], [126.9951055, 37.5686173], [126.9951266, 37.5686267]]}, "properties": {"name": null, "source": "osm", "highway": "footway"}}, {"type": "Feature", "geometry": {"type": "LineString", "coordinates": [[126.9950635, 37.5696626], [126.9950616, 37.5698352], [126.9952079, 37.5698442]]}, "properties": {"name": null, "source": "osm", "highway": "steps"}}, {"type": "Feature", "geometry": {"type": "LineString", "coordinates": [[126.9954044, 37.5696844], [126.9953978, 37.5697274], [126.9953799, 37.5698562], [126.9952079, 37.5698442]]}, "properties": {"name": null, "source": "osm", "highway": "steps"}}, {"type": "Feature", "geometry": {"type": "LineString", "coordinates": [[126.9963439, 37.5708173], [126.9955253, 37.5707774], [126.9954492, 37.5707737], [126.9954217, 37.570732], [126.9954195, 37.5707123], [126.9954195, 37.5706944], [126.9954375, 37.5706784], [126.9961728, 37.5707302], [126.9962743, 37.5707373], [126.9963149, 37.5707534], [126.9963307, 37.5707713], [126.9963439, 37.5708173]]}, "properties": {"name": null, "source": "osm", "highway": "pedestrian"}}, {"type": "Feature", "geometry": {"type": "LineString", "coordinates": [[126.9953854, 37.5707706], [126.9953563, 37.5707195], [126.995318, 37.5706873], [126.9952864, 37.5706766], [126.9950793, 37.5706704], [126.993967, 37.5706372], [126.9939016, 37.5706372], [126.9938519, 37.5706497], [126.9938158, 37.5706694], [126.9937977, 37.5706934], [126.9939592, 37.5707013], [126.9939722, 37.5707019], [126.9940292, 37.5707047], [126.9940404, 37.5707052], [126.994319, 37.5707188], [126.9943285, 37.5707193], [126.9943599, 37.5707207], [126.9943673, 37.5707211], [126.9949646, 37.5707502], [126.9950854, 37.5707561], [126.9953854, 37.5707706]]}, "properties": {"name": null, "source": "osm", "highway": "pedestrian"}}, {"type": "Feature", "geometry": {"type": "LineString", "coordinates": [[126.9899251, 37.5729143], [126.9898894, 37.5730655]]}, "properties": {"name": null, "source": "osm", "highway": "footway"}}, {"type": "Feature", "geometry": {"type": "LineString", "coordinates": [[126.9909007, 37.5794501], [126.9907175, 37.5794379], [126.9907278, 37.5793353], [126.9907314, 37.5793061], [126.9907437, 37.5791971], [126.9908022, 37.57883], [126.9910548, 37.5788527], [126.991052, 37.578872], [126.9911679, 37.5788824], [126.9912662, 37.5788912], [126.99127, 37.5788644], [126.9915443, 37.578889], [126.9914908, 37.5792635], [126.9914777, 37.5793557], [126.991473, 37.5793885], [126.9915016, 37.5793911], [126.9914793, 37.5795473], [126.9912692, 37.5795285], [126.9912961, 37.5793404], [126.9912795, 37.5793389], [126.9909282, 37.5793074], [126.9909211, 37.5793068], [126.9909007, 37.5794501]]}, "properties": {"name": null, "source": "osm", "highway": "pedestrian"}}, {"type": "Feature", "geometry": {"type": "LineString", "coordinates": [[126.9893792, 37.5739469], [126.9895219, 37.5739601], [126.9895769, 37.5739667], [126.9896024, 37.5739743], [126.9897897, 37.5739846], [126.9899535, 37.5740037], [126.9899803, 37.5740079], [126.9902252, 37.5740736], [126.9903569, 37.5741522]]}, "properties": {"name": "돈화문로11나길", "source": "osm", "highway": "footway"}}, {"type": "Feature", "geometry": {"type": "LineString", "coordinates": [[126.9895769, 37.5739667], [126.9895671, 37.5741374], [126.9895645, 37.5742406]]}, "properties": {"name": "삼일대로30길", "source": "osm", "highway": "footway"}}, {"type": "Feature", "geometry": {"type": "LineString", "coordinates": [[126.9859207, 37.5681148], [126.9858221, 37.5680592], [126.985805, 37.5680577], [126.985788, 37.5680614], [126.9857794, 37.5680712], [126.9857766, 37.56809], [126.9857709, 37.5681088], [126.9857613, 37.5681226], [126.9857538, 37.5681283], [126.9857453, 37.5681373], [126.9857453, 37.5681479], [126.9857529, 37.5681546], [126.9857662, 37.5681554], [126.9858904, 37.5681306], [126.9859056, 37.5681276], [126.9859173, 37.5681256], [126.985921, 37.5681234], [126.9859227, 37.5681191], [126.9859207, 37.5681148]]}, "properties": {"name": null, "source": "osm", "highway": "pedestrian"}}, {"type": "Feature", "geometry": {"type": "LineString", "coordinates": [[127.0091986, 37.5698449], [127.0084092, 37.5698033], [127.0082893, 37.569797], [127.0065104, 37.5697194], [127.0062646, 37.5697209], [127.0044924, 37.5697314], [127.0038633, 37.5697275], [127.0032348, 37.569722], [127.0031442, 37.5697228], [127.0022455, 37.5697142], [127.0019963, 37.5697122], [127.001986, 37.5697121], [127.0018828, 37.5696995], [127.0018127, 37.569691], [127.00153, 37.569613], [127.0009165, 37.5694977], [127.0000206, 37.5693298], [126.9999348, 37.5693122], [126.9998402, 37.5692904], [126.9980515, 37.5688822], [126.9979043, 37.568862], [126.9978967, 37.568861], [126.9978868, 37.5688597], [126.9978811, 37.5688589], [126.9977964, 37.5688473], [126.997768, 37.5688434], [126.9971973, 37.5687659], [126.9971162, 37.5687549], [126.997025, 37.5687425], [126.996932, 37.5687299], [126.9968519, 37.568719], [126.9967692, 37.5687078], [126.9967551, 37.5687066], [126.9966538, 37.5686978], [126.9965563, 37.5686894], [126.9964594, 37.5686811], [126.9963673, 37.5686731], [126.9962214, 37.5686605], [126.9961965, 37.5686587], [126.9961063, 37.568651], [126.9959576, 37.5686382], [126.9957614, 37.5686223], [126.9955803, 37.5686059]]}, "properties": {"name": null, "source": "osm", "highway": "footway"}}, {"type": "Feature", "geometry": {"type": "LineString", "coordinates": [[126.9861415, 37.571457], [126.9863397, 37.5715165], [126.9861856, 37.5718317], [126.9861458, 37.571819], [126.9862788, 37.5715459], [126.9862461, 37.5715366], [126.9862569, 37.571514], [126.9861323, 37.5714757], [126.9861415, 37.571457]]}, "properties": {"name": null, "source": "osm", "highway": "pedestrian"}}, {"type": "Feature", "geometry": {"type": "LineString", "coordinates": [[126.9870191, 37.5716871], [126.9861755, 37.5714172], [126.9861024, 37.5713938], [126.9860832, 37.5714327], [126.9861556, 37.571454], [126.9861755, 37.5714172]]}, "properties": {"name": null, "source": "osm", "highway": "footway"}}, {"type": "Feature", "geometry": {"type": "LineString", "coordinates": [[126.9830811, 37.5808679], [126.9830397, 37.5808637], [126.9830274, 37.5809394], [126.9829117, 37.5809276], [126.9828613, 37.5808455], [126.9828306, 37.5808544], [126.9828825, 37.5809346], [126.982879, 37.580955], [126.9831966, 37.5809793], [126.9831975, 37.5809694], [126.9832727, 37.5809045], [126.9832592, 37.5808861], [126.9831843, 37.5809555], [126.9830688, 37.5809437], [126.9830811, 37.5808679]]}, "properties": {"name": null, "source": "osm", "highway": "pedestrian"}}, {"type": "Feature", "geometry": {"type": "LineString", "coordinates": [[126.9963844, 37.5777668], [126.9961453, 37.577747], [126.9956299, 37.5777445]]}, "properties": {"name": null, "source": "osm", "highway": "path"}}, {"type": "Feature", "geometry": {"type": "LineString", "coordinates": [[126.996487, 37.5777754], [126.9963844, 37.5777668]]}, "properties": {"name": null, "source": "osm", "highway": "footway"}}, {"type": "Feature", "geometry": {"type": "LineString", "coordinates": [[126.983427, 37.5774176], [126.9825406, 37.5772843]]}, "properties": {"name": "윤보선길", "source": "osm", "highway": "footway"}}, {"type": "Feature", "geometry": {"type": "LineString", "coordinates": [[126.983427, 37.5774176], [126.9834737, 37.5773086], [126.9835188, 37.577212], [126.9835747, 37.5770875], [126.9836408, 37.5769497], [126.9838736, 37.577015], [126.9839134, 37.5769262], [126.9840349, 37.5769638]]}, "properties": {"name": "윤보선길", "source": "osm", "highway": "footway"}}, {"type": "Feature", "geometry": {"type": "LineString", "coordinates": [[126.9835188, 37.577212], [126.9832034, 37.5771276], [126.9832472, 37.5770287], [126.9833072, 37.5770123], [126.9835747, 37.5770875]]}, "properties": {"name": "윤보선길", "source": "osm", "highway": "footway"}}, {"type": "Feature", "geometry": {"type": "LineString", "coordinates": [[126.9834737, 37.5773086], [126.9832438, 37.5772395], [126.9831552, 37.5772139]]}, "properties": {"name": "윤보선길", "source": "osm", "highway": "footway"}}, {"type": "Feature", "geometry": {"type": "LineString", "coordinates": [[126.9838736, 37.577015], [126.9838338, 37.5771097], [126.9839402, 37.5771446]]}, "properties": {"name": "윤보선길", "source": "osm", "highway": "footway"}}, {"type": "Feature", "geometry": {"type": "LineString", "coordinates": [[126.9882116, 37.5720833], [126.9882989, 37.572075], [126.9888518, 37.5722627]]}, "properties": {"name": null, "source": "osm", "highway": "footway"}}, {"type": "Feature", "geometry": {"type": "LineString", "coordinates": [[126.9905706, 37.5785476], [126.9905783, 37.5785243], [126.9905862, 37.5785004], [126.9915927, 37.5786953], [126.9915821, 37.578719], [126.9915737, 37.5787378], [126.9912133, 37.5786695], [126.9912035, 37.5787692], [126.991179, 37.578767], [126.9911461, 37.5787641], [126.9911557, 37.5786585], [126.9905706, 37.5785476]]}, "properties": {"name": null, "source": "osm", "highway": "pedestrian"}}, {"type": "Feature", "geometry": {"type": "LineString", "coordinates": [[126.9895983, 37.5807916], [126.9897048, 37.5807826], [126.989873, 37.5801193], [126.989993, 37.5800988], [126.9902277, 37.5800842], [126.9904993, 37.5801208], [126.9906803, 37.5801618], [126.9908023, 37.5802042], [126.9909002, 37.5802833], [126.9910184, 37.5804941], [126.9911588, 37.5808221], [126.9912494, 37.5809744], [126.9915727, 37.5814297], [126.9917083, 37.5816188], [126.9918611, 37.5816996], [126.9920033, 37.5817442], [126.9919121, 37.5819504], [126.9919202, 37.5820524], [126.9920315, 37.5821748]]}, "properties": {"name": null, "source": "osm", "highway": "path"}}, {"type": "Feature", "geometry": {"type": "LineString", "coordinates": [[126.9894337, 37.5804834], [126.9894059, 37.5804522], [126.9893851, 37.5798553], [126.9894159, 37.5789832], [126.9894869, 37.5787638]]}, "properties": {"name": null, "source": "osm", "highway": "path"}}, {"type": "Feature", "geometry": {"type": "LineString", "coordinates": [[126.9894938, 37.5805213], [126.9894337, 37.5804834]]}, "properties": {"name": null, "source": "osm", "highway": "path"}}, {"type": "Feature", "geometry": {"type": "LineString", "coordinates": [[126.9937631, 37.57148], [126.9937962, 37.5714816], [126.9938736, 37.5715009], [126.993942, 37.5715519], [126.9939782, 37.5715997], [126.993997, 37.5716821], [126.9940399, 37.5717411], [126.9940825, 37.5717764], [126.9941063, 37.5717882], [126.9941207, 37.5717953], [126.9942213, 37.5718304], [126.9943212, 37.5718463], [126.994404, 37.5718559], [126.9944319, 37.571853], [126.9944865, 37.5718362], [126.9945499, 37.5718386], [126.9946807, 37.5718666]]}, "properties": {"name": null, "source": "osm", "highway": "footway"}}, {"type": "Feature", "geometry": {"type": "LineString", "coordinates": [[126.9950688, 37.5708651], [126.9948016, 37.570859], [126.9947395, 37.5708583], [126.9943649, 37.5708441]]}, "properties": {"name": null, "source": "osm", "highway": "footway"}}, {"type": "Feature", "geometry": {"type": "LineString", "coordinates": [[126.9949788, 37.5710486], [126.9948998, 37.5710434], [126.9948039, 37.5710458], [126.9947259, 37.5710576], [126.9946545, 37.5710802], [126.9946072, 37.5710903], [126.9945526, 37.5710839], [126.9944912, 37.571072], [126.9944044, 37.5710451], [126.9943703, 37.5710388], [126.9942941, 37.5710348], [126.9942518, 37.5710417], [126.9942099, 37.5710581], [126.9941506, 37.5711039], [126.9941264, 37.57114], [126.9941107, 37.5711666], [126.9941043, 37.5712287], [126.9941285, 37.5712824], [126.9942146, 37.5714073], [126.9942398, 37.5714777], [126.9942398, 37.5715301], [126.994225, 37.5715819], [126.9941097, 37.5717844], [126.9941063, 37.5717882], [126.9940733, 37.5718253], [126.9940523, 37.5718577], [126.9940443, 37.5718819], [126.9940456, 37.5719173], [126.994054, 37.5719569], [126.994067, 37.5720391]]}, "properties": {"name": null, "source": "osm", "highway": "footway"}}, {"type": "Feature", "geometry": {"type": "LineString", "coordinates": [[126.9941318, 37.571119], [126.9940163, 37.5710876], [126.9940217, 37.5710277], [126.9939748, 37.5710247], [126.9939709, 37.5708537], [126.993764, 37.5708489]]}, "properties": {"name": null, "source": "osm", "highway": "footway"}}, {"type": "Feature", "geometry": {"type": "LineString", "coordinates": [[126.9937639, 37.5708327], [126.9939742, 37.5708424], [126.9939722, 37.5707019]]}, "properties": {"name": null, "source": "osm", "highway": "footway"}}, {"type": "Feature", "geometry": {"type": "LineString", "coordinates": [[126.9943649, 37.5708441], [126.9940417, 37.5708297], [126.9940552, 37.5710135], [126.9941215, 37.5710935], [126.9941463, 37.5710958]]}, "properties": {"name": null, "source": "osm", "highway": "footway"}}, {"type": "Feature", "geometry": {"type": "LineString", "coordinates": [[126.9947412, 37.5720665], [126.9948388, 37.5718509], [126.9948442, 37.5718398], [126.9950139, 37.5714974], [126.9951073, 37.5712697], [126.9951649, 37.5710308], [126.995168, 37.571018], [126.9951797, 37.5709588], [126.9950636, 37.5709491]]}, "properties": {"name": null, "source": "osm", "highway": "footway"}}, {"type": "Feature", "geometry": {"type": "LineString", "coordinates": [[126.9951649, 37.5710308], [126.995268, 37.5710537], [126.9954794, 37.5710562], [126.9955383, 37.5710288], [126.9955434, 37.5709869], [126.9954672, 37.5708596], [126.9954824, 37.5707855]]}, "properties": {"name": null, "source": "osm", "highway": "footway"}}, {"type": "Feature", "geometry": {"type": "LineString", "coordinates": [[126.9955434, 37.5709869], [126.9955749, 37.5709957], [126.995582, 37.5710223], [126.9955383, 37.5710288]]}, "properties": {"name": null, "source": "osm", "highway": "footway"}}, {"type": "Feature", "geometry": {"type": "LineString", "coordinates": [[126.995582, 37.5710223], [126.9956085, 37.5710739], [126.9956481, 37.5711528], [126.9957081, 37.5712575], [126.9959693, 37.5712712], [126.9959652, 37.5713437], [126.996168, 37.5713534], [126.9962701, 37.5713582], [126.996263, 37.5714718], [126.9959093, 37.5714525], [126.9959083, 37.5713679], [126.9955505, 37.571347], [126.9955495, 37.5714485], [126.9955693, 37.5715604], [126.9955912, 37.5716072], [126.9956226, 37.5716266], [126.9956493, 37.5716356], [126.9959296, 37.5717304], [126.9960089, 37.5716764]]}, "properties": {"name": null, "source": "osm", "highway": "footway"}}, {"type": "Feature", "geometry": {"type": "LineString", "coordinates": [[126.9960089, 37.5716764], [126.9960831, 37.5716716], [126.9962595, 37.5716871]]}, "properties": {"name": null, "source": "osm", "highway": "footway"}}, {"type": "Feature", "geometry": {"type": "LineString", "coordinates": [[126.9959296, 37.5717304], [126.9959327, 37.5717546], [126.9959195, 37.571819], [126.9958971, 37.5718649], [126.9958473, 37.5719664], [126.9958422, 37.5720147]]}, "properties": {"name": null, "source": "osm", "highway": "footway"}}, {"type": "Feature", "geometry": {"type": "LineString", "coordinates": [[126.9957081, 37.5712575], [126.9957142, 37.5712712], [126.9955211, 37.5712656], [126.995523, 37.5713808], [126.9955241, 37.571446], [126.995519, 37.5714775], [126.9955444, 37.5715564], [126.9955546, 37.5716015], [126.9955536, 37.5716345], [126.9955556, 37.5716579], [126.9955038, 37.5717522], [126.9954296, 37.5718118], [126.9953422, 37.5718392], [126.9952324, 37.5718633], [126.9952314, 37.5717868], [126.9952416, 37.5717433], [126.9952202, 37.5716917], [126.9951704, 37.5716281], [126.9951094, 37.5715629], [126.9950139, 37.5714974]]}, "properties": {"name": null, "source": "osm", "highway": "footway"}}, {"type": "Feature", "geometry": {"type": "LineString", "coordinates": [[126.9951094, 37.5715629], [126.9951826, 37.5715105], [126.9953117, 37.5714759], [126.9954438, 37.5714428], [126.9954695, 37.5714278], [126.9954946, 37.571413], [126.995523, 37.5713808]]}, "properties": {"name": null, "source": "osm", "highway": "footway"}}, {"type": "Feature", "geometry": {"type": "LineString", "coordinates": [[126.9954695, 37.5714278], [126.9955029, 37.5714337], [126.9955241, 37.571446]]}, "properties": {"name": null, "source": "osm", "highway": "footway"}}, {"type": "Feature", "geometry": {"type": "LineString", "coordinates": [[126.9955556, 37.5716579], [126.9955841, 37.5716434], [126.9956493, 37.5716356]]}, "properties": {"name": null, "source": "osm", "highway": "footway"}}, {"type": "Feature", "geometry": {"type": "LineString", "coordinates": [[126.9952324, 37.5718633], [126.9952124, 37.5718947]]}, "properties": {"name": null, "source": "osm", "highway": "footway"}}, {"type": "Feature", "geometry": {"type": "LineString", "coordinates": [[126.9952124, 37.5718947], [126.9952759, 37.5720431]]}, "properties": {"name": null, "source": "osm", "highway": "footway"}}, {"type": "Feature", "geometry": {"type": "LineString", "coordinates": [[126.9952324, 37.5718633], [126.9951354, 37.5719069], [126.9949967, 37.5719447], [126.9949382, 37.5719423], [126.9949182, 37.5719264], [126.9948966, 37.5718837], [126.9948442, 37.5718398]]}, "properties": {"name": null, "source": "osm", "highway": "footway"}}, {"type": "Feature", "geometry": {"type": "LineString", "coordinates": [[126.996168, 37.5713534], [126.9961822, 37.5711548], [126.9963189, 37.5710749]]}, "properties": {"name": null, "source": "osm", "highway": "footway"}}, {"type": "Feature", "geometry": {"type": "LineString", "coordinates": [[126.9961822, 37.5711548], [126.9960156, 37.5712089]]}, "properties": {"name": null, "source": "osm", "highway": "footway"}}, {"type": "Feature", "geometry": {"type": "LineString", "coordinates": [[126.9951378, 37.5683275], [126.9951709, 37.5681089], [126.9951812, 37.5680411], [126.9952481, 37.5674398], [126.9952508, 37.5674154], [126.9953238, 37.5667309]]}, "properties": {"name": "세운상가 공중보행데크", "source": "osm", "highway": "footway"}}, {"type": "Feature", "geometry": {"type": "LineString", "coordinates": [[126.9957008, 37.5667429], [126.99567, 37.5668789], [126.9956527, 37.5670519], [126.9956145, 37.5674324], [126.9955822, 37.5677543], [126.9955467, 37.5681083], [126.9955223, 37.5683519]]}, "properties": {"name": "세운상가 공중보행데크", "source": "osm", "highway": "footway"}}, {"type": "Feature", "geometry": {"type": "LineString", "coordinates": [[126.9876429, 37.5802966], [126.987597, 37.5802329], [126.987472, 37.5801954], [126.9874707, 37.5801267], [126.9873724, 37.5801277], [126.9873482, 37.5799237]]}, "properties": {"name": null, "source": "osm", "highway": "footway"}}, {"type": "Feature", "geometry": {"type": "LineString", "coordinates": [[126.9867596, 37.5773287], [126.9867657, 37.5772955], [126.9867596, 37.5772685], [126.9864793, 37.5771121], [126.9863265, 37.5770492], [126.9862724, 37.5770443], [126.986213, 37.5770713], [126.9857515, 37.5778775], [126.9857983, 37.5778748], [126.9858084, 37.5778561], [126.9858487, 37.5777851], [126.9859132, 37.5776716], [126.9859277, 37.5776461], [126.9859762, 37.5775608], [126.9860155, 37.5774916], [126.9860211, 37.5774817], [126.9860416, 37.5774457], [126.9861911, 37.57718], [126.9862176, 37.5771329], [126.9862687, 37.577123], [126.9863401, 37.5771562], [126.9863454, 37.5771492], [126.9863608, 37.5771289], [126.986495, 37.5771919], [126.9865044, 37.5771963], [126.9865152, 37.5772019], [126.9867364, 37.5773167], [126.9867596, 37.5773287]]}, "properties": {"name": null, "source": "osm", "highway": "pedestrian"}}, {"type": "Feature", "geometry": {"type": "LineString", "coordinates": [[126.9951709, 37.5681089], [126.9951603, 37.5681079], [126.9950308, 37.5680955]]}, "properties": {"name": null, "source": "osm", "highway": "footway"}}, {"type": "Feature", "geometry": {"type": "LineString", "coordinates": [[126.997332, 37.5730016], [126.997345, 37.5726597], [126.9975315, 37.5726649], [126.997535, 37.5725561], [126.9975546, 37.5725565], [126.9975224, 37.5731932], [126.9974848, 37.5731922], [126.9974682, 37.5731727], [126.9974723, 37.5730041], [126.997332, 37.5730016]]}, "properties": {"name": null, "source": "osm", "highway": "pedestrian"}}, {"type": "Feature", "geometry": {"type": "LineString", "coordinates": [[126.997788, 37.5669794], [126.9978107, 37.5670039], [126.9979672, 37.5671665], [126.9979779, 37.5671931], [126.9979829, 37.5672124]]}, "properties": {"name": null, "source": "osm", "highway": "footway"}}, {"type": "Feature", "geometry": {"type": "LineString", "coordinates": [[126.9852327, 37.5685094], [126.9852214, 37.5684594], [126.9852038, 37.5683901]]}, "properties": {"name": null, "source": "osm", "highway": "path"}}, {"type": "Feature", "geometry": {"type": "LineString", "coordinates": [[126.9834488, 37.5688676], [126.9834423, 37.568811], [126.9834158, 37.5687319]]}, "properties": {"name": null, "source": "osm", "highway": "path"}}, {"type": "Feature", "geometry": {"type": "LineString", "coordinates": [[126.9884733, 37.5681685], [126.988469, 37.5680902], [126.9884704, 37.5680419]]}, "properties": {"name": null, "source": "osm", "highway": "path"}}, {"type": "Feature", "geometry": {"type": "LineString", "coordinates": [[126.9909572, 37.5682545], [126.9909605, 37.5682116], [126.9909639, 37.5681683]]}, "properties": {"name": null, "source": "osm", "highway": "path"}}, {"type": "Feature", "geometry": {"type": "LineString", "coordinates": [[126.9930733, 37.5684101], [126.9930783, 37.5683708], [126.9930839, 37.5683272]]}, "properties": {"name": null, "source": "osm", "highway": "path"}}, {"type": "Feature", "geometry": {"type": "LineString", "coordinates": [[126.9850948, 37.5742889], [126.9851477, 37.5743139], [126.9851532, 37.5743086]]}, "properties": {"name": null, "source": "osm", "highway": "steps"}}, {"type": "Feature", "geometry": {"type": "LineString", "coordinates": [[126.9849613, 37.5741163], [126.9849761, 37.5741042], [126.9849831, 37.5741093]]}, "properties": {"name": null, "source": "osm", "highway": "footway"}}, {"type": "Feature", "geometry": {"type": "LineString", "coordinates": [[126.9846419, 37.5742653], [126.9849285, 37.5740947], [126.9849613, 37.5741163], [126.9850321, 37.5741763], [126.9849669, 37.574234], [126.9848406, 37.5743578], [126.984613, 37.5742836], [126.9845914, 37.5742894]]}, "properties": {"name": null, "source": "osm", "highway": "footway"}}, {"type": "Feature", "geometry": {"type": "LineString", "coordinates": [[126.9846103, 37.5742767], [126.9846419, 37.5742653]]}, "properties": {"name": null, "source": "osm", "highway": "footway"}}, {"type": "Feature", "geometry": {"type": "LineString", "coordinates": [[126.9846014, 37.5743005], [126.984582, 37.5743193], [126.9845689, 37.5743102], [126.9845914, 37.5742894]]}, "properties": {"name": null, "source": "osm", "highway": "steps"}}, {"type": "Feature", "geometry": {"type": "LineString", "coordinates": [[126.9845882, 37.5742892], [126.9845955, 37.5742907], [126.9846014, 37.5743005]]}, "properties": {"name": null, "source": "osm", "highway": "footway"}}, {"type": "Feature", "geometry": {"type": "LineString", "coordinates": [[126.9846103, 37.5742767], [126.9845955, 37.5742907]]}, "properties": {"name": null, "source": "osm", "highway": "footway"}}, {"type": "Feature", "geometry": {"type": "LineString", "coordinates": [[126.9848426, 37.5743617], [126.9848656, 37.5743712], [126.984846, 37.5743915]]}, "properties": {"name": null, "source": "osm", "highway": "footway"}}, {"type": "Feature", "geometry": {"type": "LineString", "coordinates": [[126.9850482, 37.5741789], [126.9850921, 37.5742044], [126.9850804, 37.5742132]]}, "properties": {"name": null, "source": "osm", "highway": "footway"}}, {"type": "Feature", "geometry": {"type": "LineString", "coordinates": [[126.9849693, 37.5740985], [126.9849914, 37.5740815], [126.9850048, 37.5740924], [126.9849831, 37.5741093]]}, "properties": {"name": null, "source": "osm", "highway": "steps"}}, {"type": "Feature", "geometry": {"type": "LineString", "coordinates": [[126.9849771, 37.5741048], [126.9849693, 37.5740985]]}, "properties": {"name": null, "source": "osm", "highway": "footway"}}, {"type": "Feature", "geometry": {"type": "LineString", "coordinates": [[126.9849561, 37.5741194], [126.9849771, 37.5741048], [126.9849838, 37.5741092]]}, "properties": {"name": null, "source": "osm", "highway": "footway"}}, {"type": "Feature", "geometry": {"type": "LineString", "coordinates": [[126.984637, 37.5742609], [126.9849234, 37.574098], [126.9849561, 37.5741194], [126.9850482, 37.5741789], [126.9848426, 37.5743617], [126.9846103, 37.5742767]]}, "properties": {"name": null, "source": "osm", "highway": "footway"}}, {"type": "Feature", "geometry": {"type": "LineString", "coordinates": [[126.984614, 37.5742778], [126.984637, 37.5742609]]}, "properties": {"name": null, "source": "osm", "highway": "footway"}}, {"type": "Feature", "geometry": {"type": "LineString", "coordinates": [[126.9845982, 37.5743003], [126.9845788, 37.574319], [126.9845657, 37.57431], [126.9845882, 37.5742892]]}, "properties": {"name": null, "source": "osm", "highway": "steps"}}, {"type": "Feature", "geometry": {"type": "LineString", "coordinates": [[126.9845868, 37.5742901], [126.9845915, 37.5742937], [126.9845982, 37.5743003]]}, "properties": {"name": null, "source": "osm", "highway": "footway"}}, {"type": "Feature", "geometry": {"type": "LineString", "coordinates": [[126.9848432, 37.5743606], [126.9848681, 37.57437], [126.984846, 37.5743915]]}, "properties": {"name": null, "source": "osm", "highway": "footway"}}, {"type": "Feature", "geometry": {"type": "LineString", "coordinates": [[126.9850495, 37.5741779], [126.9850924, 37.5742042], [126.9850814, 37.5742121]]}, "properties": {"name": null, "source": "osm", "highway": "footway"}}, {"type": "Feature", "geometry": {"type": "LineString", "coordinates": [[126.9849838, 37.5741097], [126.9850061, 37.5740918], [126.9849919, 37.5740799], [126.9849689, 37.5740973]]}, "properties": {"name": null, "source": "osm", "highway": "steps"}}, {"type": "Feature", "geometry": {"type": "LineString", "coordinates": [[126.9849761, 37.5741032], [126.9849838, 37.5741097]]}, "properties": {"name": null, "source": "osm", "highway": "footway"}}, {"type": "Feature", "geometry": {"type": "LineString", "coordinates": [[126.9849697, 37.5740979], [126.9849918, 37.5740809], [126.9850053, 37.5740918], [126.9849838, 37.5741092]]}, "properties": {"name": null, "source": "osm", "highway": "steps"}}, {"type": "Feature", "geometry": {"type": "LineString", "coordinates": [[126.9849569, 37.5741177], [126.9849761, 37.5741032], [126.9849697, 37.5740979]]}, "properties": {"name": null, "source": "osm", "highway": "footway"}}, {"type": "Feature", "geometry": {"type": "LineString", "coordinates": [[126.9845843, 37.5742873], [126.9845629, 37.5743014], [126.9845795, 37.5743132], [126.9845966, 37.5743001]]}, "properties": {"name": null, "source": "osm", "highway": "steps"}}, {"type": "Feature", "geometry": {"type": "LineString", "coordinates": [[126.9845909, 37.5742942], [126.9845843, 37.5742873]]}, "properties": {"name": null, "source": "osm", "highway": "footway"}}, {"type": "Feature", "geometry": {"type": "LineString", "coordinates": [[126.9845959, 37.5743001], [126.9845784, 37.5743187], [126.9845654, 37.5743097], [126.9845868, 37.5742901]]}, "properties": {"name": null, "source": "osm", "highway": "steps"}}, {"type": "Feature", "geometry": {"type": "LineString", "coordinates": [[126.9847568, 37.5741922], [126.9849258, 37.5740957], [126.9849569, 37.5741177], [126.9850495, 37.5741779], [126.9848432, 37.5743606], [126.984614, 37.5742778], [126.9845915, 37.5742937]]}, "properties": {"name": null, "source": "osm", "highway": "footway"}}, {"type": "Feature", "geometry": {"type": "LineString", "coordinates": [[126.9847156, 37.5742201], [126.9847568, 37.5741922]]}, "properties": {"name": null, "source": "osm", "highway": "steps"}}, {"type": "Feature", "geometry": {"type": "LineString", "coordinates": [[126.9845959, 37.5743001], [126.9845909, 37.5742942], [126.9846898, 37.5742373], [126.9847156, 37.5742201]]}, "properties": {"name": null, "source": "osm", "highway": "footway"}}, {"type": "Feature", "geometry": {"type": "LineString", "coordinates": [[126.9849736, 37.5742085], [126.9850334, 37.5742578]]}, "properties": {"name": null, "source": "osm", "highway": "footway"}}, {"type": "Feature", "geometry": {"type": "LineString", "coordinates": [[126.9849061, 37.5742037], [126.9849736, 37.5742085]]}, "properties": {"name": null, "source": "osm", "highway": "footway"}}, {"type": "Feature", "geometry": {"type": "LineString", "coordinates": [[126.9850334, 37.5742578], [126.9850612, 37.5743105], [126.985143, 37.5743575], [126.9852171, 37.5743995]]}, "properties": {"name": null, "source": "osm", "highway": "footway"}}, {"type": "Feature", "geometry": {"type": "LineString", "coordinates": [[126.9846787, 37.5743596], [126.9846577, 37.5743862]]}, "properties": {"name": null, "source": "osm", "highway": "footway"}}, {"type": "Feature", "geometry": {"type": "LineString", "coordinates": [[126.9847761, 37.5743084], [126.9846787, 37.5743596]]}, "properties": {"name": null, "source": "osm", "highway": "footway"}}, {"type": "Feature", "geometry": {"type": "LineString", "coordinates": [[126.9848604, 37.5743224], [126.9848486, 37.5743159], [126.9847997, 37.5742916], [126.9847761, 37.5743084]]}, "properties": {"name": null, "source": "osm", "highway": "footway"}}, {"type": "Feature", "geometry": {"type": "LineString", "coordinates": [[126.9846592, 37.5742134], [126.9846898, 37.5742373], [126.9847052, 37.5742544]]}, "properties": {"name": null, "source": "osm", "highway": "footway"}}, {"type": "Feature", "geometry": {"type": "LineString", "coordinates": [[126.9846, 37.5741832], [126.9846592, 37.5742134]]}, "properties": {"name": null, "source": "osm", "highway": "footway"}}, {"type": "Feature", "geometry": {"type": "LineString", "coordinates": [[126.9847052, 37.5742544], [126.9847997, 37.5742916], [126.9849061, 37.5742037], [126.9849716, 37.5741496]]}, "properties": {"name": null, "source": "osm", "highway": "footway"}}, {"type": "Feature", "geometry": {"type": "LineString", "coordinates": [[126.9849781, 37.574129], [126.9850448, 37.5741709]]}, "properties": {"name": null, "source": "osm", "highway": "footway"}}, {"type": "Feature", "geometry": {"type": "LineString", "coordinates": [[126.9849828, 37.5741077], [126.9850051, 37.5740898], [126.9849909, 37.5740779], [126.9849679, 37.5740953]]}, "properties": {"name": null, "source": "osm", "highway": "steps"}}, {"type": "Feature", "geometry": {"type": "LineString", "coordinates": [[126.9849684, 37.5741202], [126.9849603, 37.5741077], [126.9849727, 37.5741019], [126.9849828, 37.5741077]]}, "properties": {"name": null, "source": "osm", "highway": "footway"}}, {"type": "Feature", "geometry": {"type": "LineString", "coordinates": [[126.9845966, 37.5743001], [126.9846432, 37.574307], [126.9847229, 37.5742748], [126.984854, 37.574333]]}, "properties": {"name": null, "source": "osm", "highway": "footway"}}, {"type": "Feature", "geometry": {"type": "LineString", "coordinates": [[126.98491, 37.5741569], [126.9847229, 37.5742748]]}, "properties": {"name": null, "source": "osm", "highway": "footway"}}, {"type": "Feature", "geometry": {"type": "LineString", "coordinates": [[126.9849188, 37.5741484], [126.98491, 37.5741569]]}, "properties": {"name": null, "source": "osm", "highway": "steps"}}, {"type": "Feature", "geometry": {"type": "LineString", "coordinates": [[126.9850232, 37.5741081], [126.9849781, 37.574129], [126.9849684, 37.5741202], [126.9849188, 37.5741484]]}, "properties": {"name": null, "source": "osm", "highway": "footway"}}, {"type": "Feature", "geometry": {"type": "LineString", "coordinates": [[126.9850348, 37.5741181], [126.985055, 37.574101], [126.9850419, 37.5740915], [126.9850232, 37.5741081]]}, "properties": {"name": null, "source": "osm", "highway": "steps"}}, {"type": "Feature", "geometry": {"type": "LineString", "coordinates": [[126.9850081, 37.5741226], [126.9850348, 37.5741181]]}, "properties": {"name": null, "source": "osm", "highway": "footway"}}, {"type": "Feature", "geometry": {"type": "LineString", "coordinates": [[126.9850282, 37.5742628], [126.9850885, 37.5742859]]}, "properties": {"name": null, "source": "osm", "highway": "footway"}}, {"type": "Feature", "geometry": {"type": "LineString", "coordinates": [[126.9849669, 37.574234], [126.9850282, 37.5742628]]}, "properties": {"name": null, "source": "osm", "highway": "footway"}}, {"type": "Feature", "geometry": {"type": "LineString", "coordinates": [[126.9848604, 37.5743224], [126.9848861, 37.5743364], [126.9848745, 37.5743471], [126.984854, 37.574333]]}, "properties": {"name": null, "source": "osm", "highway": "steps"}}, {"type": "Feature", "geometry": {"type": "LineString", "coordinates": [[126.9849938, 37.5741332], [126.9849576, 37.574109], [126.9849689, 37.5740973]]}, "properties": {"name": null, "source": "osm", "highway": "footway"}}, {"type": "Feature", "geometry": {"type": "LineString", "coordinates": [[126.9849716, 37.5741496], [126.9849938, 37.5741332], [126.9850081, 37.5741226]]}, "properties": {"name": null, "source": "osm", "highway": "footway"}}, {"type": "Feature", "geometry": {"type": "LineString", "coordinates": [[126.9851042, 37.5742612], [126.9851301, 37.5742714]]}, "properties": {"name": null, "source": "osm", "highway": "steps"}}, {"type": "Feature", "geometry": {"type": "LineString", "coordinates": [[126.9850788, 37.574291], [126.9851042, 37.5742612], [126.9851261, 37.5742338], [126.9851499, 37.5742464]]}, "properties": {"name": null, "source": "osm", "highway": "footway"}}, {"type": "Feature", "geometry": {"type": "LineString", "coordinates": [[126.9850948, 37.5742966], [126.9851303, 37.5743126], [126.9851414, 37.5743025]]}, "properties": {"name": null, "source": "osm", "highway": "steps"}}, {"type": "Feature", "geometry": {"type": "LineString", "coordinates": [[126.9850334, 37.5742578], [126.9850788, 37.574291], [126.9850948, 37.5742966]]}, "properties": {"name": null, "source": "osm", "highway": "footway"}}, {"type": "Feature", "geometry": {"type": "LineString", "coordinates": [[126.9850885, 37.5742859], [126.9850948, 37.5742889], [126.9851327, 37.5742493], [126.9851523, 37.5742582]]}, "properties": {"name": null, "source": "osm", "highway": "footway"}}, {"type": "Feature", "geometry": {"type": "LineString", "coordinates": [[126.9883571, 37.5786337], [126.9883115, 37.5786496], [126.988278, 37.5786368], [126.9882686, 37.578605], [126.9882807, 37.5785082], [126.9883115, 37.578471], [126.9883303, 37.5784317], [126.9883303, 37.5783956], [126.9883196, 37.578352], [126.9882874, 37.5783021], [126.9882713, 37.5782542], [126.9882725, 37.578231], [126.988274, 37.5782], [126.9883048, 37.5781362], [126.9883585, 37.5780959], [126.9884108, 37.5780682], [126.9885006, 37.578064], [126.9886026, 37.5780831], [126.9886428, 37.578098], [126.9887069, 37.5780977], [126.9887858, 37.5780776], [126.9888601, 37.5780767], [126.9889097, 37.5780916], [126.9889352, 37.5781173], [126.9889271, 37.5782946], [126.9888882, 37.5783541], [126.9888024, 37.5783552], [126.988797, 37.578639], [126.9883571, 37.5786337]]}, "properties": {"name": null, "source": "osm", "highway": "footway"}}, {"type": "Feature", "geometry": {"type": "LineString", "coordinates": [[126.988797, 37.578639], [126.9889084, 37.5786101]]}, "properties": {"name": null, "source": "osm", "highway": "steps"}}, {"type": "Feature", "geometry": {"type": "LineString", "coordinates": [[126.9891826, 37.5786657], [126.9890008, 37.5786838]]}, "properties": {"name": null, "source": "osm", "highway": "steps"}}, {"type": "Feature", "geometry": {"type": "LineString", "coordinates": [[126.9890906, 37.5783123], [126.9890999, 37.5780619], [126.9891039, 37.5779729], [126.9890618, 37.5779721], [126.9890648, 37.5778744], [126.989066, 37.5777804], [126.9888858, 37.577781], [126.9888856, 37.5777049]]}, "properties": {"name": null, "source": "osm", "highway": "footway"}}, {"type": "Feature", "geometry": {"type": "LineString", "coordinates": [[126.9889769, 37.5786353], [126.9889084, 37.5786101]]}, "properties": {"name": null, "source": "osm", "highway": "footway"}}, {"type": "Feature", "geometry": {"type": "LineString", "coordinates": [[126.988853, 37.5779874], [126.9888607, 37.5777834], [126.9888858, 37.577781]]}, "properties": {"name": null, "source": "osm", "highway": "footway"}}, {"type": "Feature", "geometry": {"type": "LineString", "coordinates": [[126.9888882, 37.5783541], [126.9888664, 37.578524], [126.9888719, 37.5785653], [126.9889089, 37.5785864], [126.9889773, 37.5786119]]}, "properties": {"name": null, "source": "osm", "highway": "footway"}}, {"type": "Feature", "geometry": {"type": "LineString", "coordinates": [[126.9889658, 37.578062], [126.9890999, 37.5780619]]}, "properties": {"name": null, "source": "osm", "highway": "steps"}}, {"type": "Feature", "geometry": {"type": "LineString", "coordinates": [[126.9890648, 37.5778744], [126.9891293, 37.5778754], [126.98915, 37.577861], [126.9891556, 37.5777351], [126.9891656, 37.5777227], [126.9891806, 37.5777227], [126.9891925, 37.5777366], [126.9891838, 37.5779224], [126.989195, 37.5779319], [126.9892379, 37.5779339]]}, "properties": {"name": null, "source": "osm", "highway": "footway"}}, {"type": "Feature", "geometry": {"type": "LineString", "coordinates": [[126.9888856, 37.5777049], [126.9888883, 37.5775495]]}, "properties": {"name": null, "source": "osm", "highway": "steps"}}, {"type": "Feature", "geometry": {"type": "LineString", "coordinates": [[126.9883115, 37.5786496], [126.9882693, 37.5786831], [126.9882655, 37.5787369]]}, "properties": {"name": null, "source": "osm", "highway": "footway"}}, {"type": "Feature", "geometry": {"type": "LineString", "coordinates": [[126.9888024, 37.5783552], [126.9886836, 37.5782665], [126.9886462, 37.5782914], [126.9886103, 37.578295], [126.9885744, 37.5782807], [126.988543, 37.5783044], [126.9885027, 37.5783068], [126.9884548, 37.5782914], [126.9884279, 37.5782665], [126.9884234, 37.5782357], [126.9882725, 37.578231]]}, "properties": {"name": null, "source": "osm", "highway": "footway"}}, {"type": "Feature", "geometry": {"type": "LineString", "coordinates": [[126.9885744, 37.5782807], [126.9885685, 37.5782535]]}, "properties": {"name": null, "source": "osm", "highway": "footway"}}, {"type": "Feature", "geometry": {"type": "LineString", "coordinates": [[126.9888883, 37.5775495], [126.9888922, 37.5773702]]}, "properties": {"name": null, "source": "osm", "highway": "footway"}}, {"type": "Feature", "geometry": {"type": "LineString", "coordinates": [[126.9889352, 37.5781173], [126.9889658, 37.578062]]}, "properties": {"name": null, "source": "osm", "highway": "footway"}}, {"type": "Feature", "geometry": {"type": "LineString", "coordinates": [[126.9832634, 37.5796346], [126.98375, 37.5796864], [126.9837205, 37.5799181], [126.9837849, 37.5800542], [126.9833262, 37.5801944], [126.9832022, 37.5808521]]}, "properties": {"name": null, "source": "osm", "highway": "footway"}}, {"type": "Feature", "geometry": {"type": "LineString", "coordinates": [[126.9829086, 37.5808267], [126.9830258, 37.5801647], [126.9831772, 37.5801797], [126.9833262, 37.5801944]]}, "properties": {"name": null, "source": "osm", "highway": "footway"}}, {"type": "Feature", "geometry": {"type": "LineString", "coordinates": [[126.9830258, 37.5801647], [126.9827658, 37.5800073]]}, "properties": {"name": null, "source": "osm", "highway": "footway"}}, {"type": "Feature", "geometry": {"type": "LineString", "coordinates": [[126.9828593, 37.5798418], [126.9832286, 37.5798745], [126.9837205, 37.5799181]]}, "properties": {"name": null, "source": "osm", "highway": "footway"}}, {"type": "Feature", "geometry": {"type": "LineString", "coordinates": [[126.9831772, 37.5801797], [126.9832286, 37.5798745]]}, "properties": {"name": null, "source": "osm", "highway": "footway"}}, {"type": "Feature", "geometry": {"type": "LineString", "coordinates": [[126.9862521, 37.5803783], [126.9863412, 37.5807396], [126.9863938, 37.580734]]}, "properties": {"name": null, "source": "osm", "highway": "footway"}}, {"type": "Feature", "geometry": {"type": "LineString", "coordinates": [[126.9982492, 37.569778], [126.9981959, 37.5701804]]}, "properties": {"name": "Changgyeonggung-ro 12-gil", "source": "osm", "highway": "footway"}}, {"type": "Feature", "geometry": {"type": "LineString", "coordinates": [[126.9982492, 37.569778], [126.9984653, 37.5690844]]}, "properties": {"name": null, "source": "osm", "highway": "footway"}}, {"type": "Feature", "geometry": {"type": "LineString", "coordinates": [[126.9989696, 37.569318], [126.9989536, 37.5694623]]}, "properties": {"name": "중상5번 출입", "source": "osm", "highway": "footway"}}, {"type": "Feature", "geometry": {"type": "LineString", "coordinates": [[126.9988519, 37.5691726], [126.9988228, 37.5692817], [126.9988038, 37.56945], [126.9988341, 37.5697801], [126.9988255, 37.5698475]]}, "properties": {"name": null, "source": "osm", "highway": "footway"}}, {"type": "Feature", "geometry": {"type": "LineString", "coordinates": [[126.9993098, 37.5699957], [126.999258, 37.5699919], [126.9989247, 37.5699703], [126.9989183, 37.5700637], [126.9989107, 37.5701737], [126.9989081, 37.5702152]]}, "properties": {"name": null, "source": "osm", "highway": "footway"}}, {"type": "Feature", "geometry": {"type": "LineString", "coordinates": [[126.9989183, 37.5700637], [126.9986877, 37.5700526], [126.9986782, 37.5701674], [126.9986758, 37.5702038]]}, "properties": {"name": null, "source": "osm", "highway": "footway"}}, {"type": "Feature", "geometry": {"type": "LineString", "coordinates": [[126.9993902, 37.5707093], [126.9993912, 37.5706959], [126.999392, 37.5706848], [126.9995037, 37.5706886], [126.9995437, 37.5706903], [126.9995423, 37.5707166], [127.0003666, 37.5707627], [127.0004102, 37.5707579], [127.0004168, 37.5707531], [127.0004256, 37.5707468], [127.000152, 37.5707219], [127.0000493, 37.5707155], [127.0000318, 37.5706988], [127.0000236, 37.5705507], [127.0000236, 37.5705443], [127.0000131, 37.5704712], [127.0000262, 37.5704479], [127.0000244, 37.5703132], [126.9999757, 37.5703055], [126.9999722, 37.5704749], [126.999978, 37.5704823], [126.9999956, 37.5707071], [126.9998473, 37.5707016], [126.9998363, 37.5706959], [126.9997827, 37.5706934], [126.9997232, 37.5706906], [126.9997124, 37.57069], [126.9996424, 37.5706877], [126.9996397, 37.5706882], [126.9995579, 37.5706836], [126.9995524, 37.5706763], [126.9995472, 37.5706692], [126.9992976, 37.5706594], [126.9992933, 37.570659], [126.9992409, 37.5706569], [126.9992175, 37.570656], [126.9992074, 37.5706554], [126.9990024, 37.570643], [126.9989923, 37.5706423], [126.9988849, 37.5706396], [126.9988767, 37.5706377], [126.9987576, 37.5706312], [126.9987547, 37.570579], [126.99861, 37.5705717], [126.9985744, 37.5705618], [126.9984974, 37.5705655], [126.998294, 37.5703933], [126.9982986, 37.5703359], [126.9982834, 37.5703208], [126.9982624, 37.5703001], [126.9981588, 37.5703014], [126.9983072, 37.5704371], [126.9985099, 37.5706072], [126.9985461, 37.5706391], [126.998585, 37.5706507], [126.9986259, 37.5706566], [126.9991365, 37.5706922], [126.9992308, 37.5706983], [126.9993902, 37.5707093]]}, "properties": {"name": null, "source": "osm", "highway": "pedestrian"}}, {"type": "Feature", "geometry": {"type": "LineString", "coordinates": [[126.9989693, 37.5688575], [126.9989619, 37.5688763], [126.9989514, 37.5688898], [126.9989333, 37.5688995], [126.9989198, 37.5688995], [126.9985999, 37.5688264], [126.9983413, 37.5687792], [126.9981487, 37.5687412], [126.9980979, 37.5687283], [126.9980676, 37.5687139], [126.998046, 37.5686973], [126.9980325, 37.5686737], [126.9980261, 37.5686552], [126.9980331, 37.5686242], [126.9980425, 37.5685358], [126.9980501, 37.5685159], [126.9980606, 37.5685057], [126.9980763, 37.5684932], [126.9980892, 37.5684863], [126.9981067, 37.568481], [126.9981263, 37.5684779], [126.9981141, 37.5685819], [126.9981055, 37.5686225], [126.9981786, 37.5687232], [126.9982245, 37.5687338], [126.99833, 37.5687492], [126.9983341, 37.5687494], [126.9987142, 37.5688037], [126.9988308, 37.5688289], [126.9988346, 37.568831], [126.9989693, 37.5688575]]}, "properties": {"name": null, "source": "osm", "highway": "pedestrian"}}, {"type": "Feature", "geometry": {"type": "LineString", "coordinates": [[126.9989897, 37.5688833], [126.9989619, 37.5688763], [126.9987091, 37.5688185], [126.998489, 37.5687819], [126.9983092, 37.5687579], [126.9981721, 37.5687273], [126.998121, 37.5686599], [126.9980915, 37.5686207], [126.9981067, 37.568481], [126.9981122, 37.568467], [126.9981141, 37.5684448], [126.9981193, 37.5683824], [126.9981373, 37.5680463], [126.9981385, 37.5680248], [126.9981398, 37.5680116], [126.9981501, 37.5679083]]}, "properties": {"name": null, "source": "osm", "highway": "footway"}}, {"type": "Feature", "geometry": {"type": "LineString", "coordinates": [[126.9981347, 37.567797], [126.9981416, 37.5676855]]}, "properties": {"name": null, "source": "osm", "highway": "steps"}}, {"type": "Feature", "geometry": {"type": "LineString", "coordinates": [[126.9981347, 37.567797], [126.9981334, 37.5678223], [126.9981592, 37.5678228]]}, "properties": {"name": null, "source": "osm", "highway": "footway"}}, {"type": "Feature", "geometry": {"type": "LineString", "coordinates": [[126.9981416, 37.5676855], [126.9980585, 37.5676828], [126.99797, 37.567682], [126.9979654, 37.5677875]]}, "properties": {"name": null, "source": "osm", "highway": "footway"}}, {"type": "Feature", "geometry": {"type": "LineString", "coordinates": [[126.9980585, 37.5676828], [126.9980855, 37.5673064], [126.9980896, 37.5672484], [126.9981272, 37.566777], [126.9981329, 37.5666429]]}, "properties": {"name": null, "source": "osm", "highway": "footway"}}, {"type": "Feature", "geometry": {"type": "LineString", "coordinates": [[126.9980855, 37.5673064], [126.9980198, 37.5673056]]}, "properties": {"name": null, "source": "osm", "highway": "footway"}}, {"type": "Feature", "geometry": {"type": "LineString", "coordinates": [[126.9980896, 37.5672484], [126.9981586, 37.5672489]]}, "properties": {"name": null, "source": "osm", "highway": "footway"}}, {"type": "Feature", "geometry": {"type": "LineString", "coordinates": [[126.9983646, 37.5671308], [126.9983266, 37.5670974], [126.9983425, 37.5670872], [126.9984221, 37.5670361], [126.998575, 37.5669192], [126.9984549, 37.5668241], [126.9984714, 37.5666544], [126.9984872, 37.566528], [126.9984889, 37.5664424], [126.9985974, 37.5663649], [126.9984426, 37.5662273]]}, "properties": {"name": null, "source": "osm", "highway": "footway"}}, {"type": "Feature", "geometry": {"type": "LineString", "coordinates": [[126.9981293, 37.5684494], [126.9981141, 37.5684448], [126.9980864, 37.5684342], [126.9980704, 37.5684202], [126.9980616, 37.5684075], [126.9980598, 37.5683835], [126.9980731, 37.568066], [126.9980952, 37.5680506], [126.9981373, 37.5680463], [126.9981678, 37.5680449], [126.9981649, 37.5681455], [126.9981612, 37.5681588], [126.9981569, 37.5682668], [126.9981489, 37.5683057], [126.9981441, 37.5683337], [126.9981405, 37.5683668], [126.9981316, 37.5684009], [126.9981293, 37.5684494]]}, "properties": {"name": null, "source": "osm", "highway": "pedestrian"}}, {"type": "Feature", "geometry": {"type": "LineString", "coordinates": [[126.983157, 37.5757069], [126.9831749, 37.5756572], [126.9832114, 37.5755108]]}, "properties": {"name": null, "source": "osm", "highway": "footway"}}, {"type": "Feature", "geometry": {"type": "LineString", "coordinates": [[126.9831458, 37.5757528], [126.9831965, 37.5758033]]}, "properties": {"name": null, "source": "osm", "highway": "footway"}}, {"type": "Feature", "geometry": {"type": "LineString", "coordinates": [[126.9981714, 37.5680139], [126.9981398, 37.5680116], [126.9981015, 37.5680059], [126.9980878, 37.5679958], [126.9980873, 37.5679068], [126.9981255, 37.5677966], [126.9981347, 37.567797], [126.998145, 37.5677973], [126.9981587, 37.5675738], [126.9981286, 37.5675726], [126.9981409, 37.5673729], [126.9981419, 37.5673558], [126.9981809, 37.5673573], [126.9981828, 37.5673257], [126.9982043, 37.5673257], [126.9982286, 37.5673286], [126.9982133, 37.567492], [126.9982155, 37.5675012], [126.9982075, 37.5675714], [126.9982148, 37.5675811], [126.9982083, 37.5676582], [126.9982374, 37.5676623], [126.9982323, 37.5676845], [126.9982287, 37.5679069], [126.9982285, 37.5679218], [126.9981757, 37.5679225], [126.9981714, 37.5680139]]}, "properties": {"name": null, "source": "osm", "highway": "pedestrian"}}, {"type": "Feature", "geometry": {"type": "LineString", "coordinates": [[126.9982375, 37.567282], [126.9982062, 37.5672763], [126.9981971, 37.5672666], [126.9981919, 37.5672481], [126.9981965, 37.5672152], [126.9982129, 37.5671625], [126.9983251, 37.5670707], [126.9983425, 37.5670872], [126.9983625, 37.5671061], [126.9987732, 37.5668334], [126.9987501, 37.5668116], [126.998733, 37.5667954], [126.9987849, 37.5667539], [126.9988118, 37.5667447], [126.9991269, 37.5667639], [126.9991323, 37.566769], [126.9991353, 37.5668148], [126.9991384, 37.5668625], [126.9991405, 37.5668707], [126.9989933, 37.5669058], [126.9989876, 37.5668887], [126.9990906, 37.5668543], [126.9990939, 37.5668229], [126.9989992, 37.5668204], [126.9989129, 37.5668204], [126.9988348, 37.5668356], [126.9988133, 37.5668417], [126.9987894, 37.5668582], [126.9987289, 37.5669157], [126.998669, 37.5669581], [126.9986125, 37.5669931], [126.998574, 37.567017], [126.9985246, 37.5670502], [126.9983312, 37.5671763], [126.9983267, 37.5671905], [126.998257, 37.5672304], [126.9982375, 37.567282]]}, "properties": {"name": null, "source": "osm", "highway": "pedestrian"}}, {"type": "Feature", "geometry": {"type": "LineString", "coordinates": [[126.9991353, 37.5668148], [126.9991112, 37.566815], [126.9990966, 37.5668144], [126.9988737, 37.5668051], [126.9988308, 37.5668072], [126.9988, 37.5668286], [126.9983646, 37.5671308], [126.9982381, 37.5672186], [126.9982059, 37.5672378], [126.9982062, 37.5672763], [126.9982064, 37.5673007]]}, "properties": {"name": null, "source": "osm", "highway": "footway"}}, {"type": "Feature", "geometry": {"type": "LineString", "coordinates": [[126.9997091, 37.5710644], [126.999628, 37.5710632], [126.9996119, 37.5710587], [126.9994969, 37.5710518], [126.9994731, 37.5710517], [126.999325, 37.5710446], [126.9993049, 37.5710432], [126.9991253, 37.5710336], [126.9991004, 37.5710333], [126.9989825, 37.5710285], [126.9989583, 37.5710296], [126.9989316, 37.5710308], [126.9989061, 37.5710298], [126.9988575, 37.5710278], [126.9987638, 37.5710239], [126.9987361, 37.5710226], [126.9987227, 37.5710126], [126.9986575, 37.5710106], [126.9986214, 37.5710094], [126.9985853, 37.5710083], [126.9985765, 37.5710037], [126.9984582, 37.5710047], [126.9984182, 37.5710348], [126.9984119, 37.5710363], [126.9982531, 37.5711389], [126.9982504, 37.5711435], [126.9981903, 37.5711767], [126.9981628, 37.5716557], [126.9979184, 37.5716571], [126.9978934, 37.5716511], [126.997872, 37.5716317], [126.9978612, 37.5715836], [126.9978773, 37.5713194], [126.9981028, 37.5711673], [126.9981651, 37.5711239], [126.9982136, 37.5710924], [126.998477, 37.5709187], [126.998505, 37.570913], [126.9986716, 37.5709234], [126.9987709, 37.5709297], [126.9997604, 37.5709917], [126.9997561, 37.5710337], [126.9997091, 37.5710644]]}, "properties": {"name": null, "source": "osm", "highway": "pedestrian"}}, {"type": "Feature", "geometry": {"type": "LineString", "coordinates": [[126.9978537, 37.5718431], [126.9978772, 37.5718451], [126.9978992, 37.5718455], [126.9979844, 37.5718472], [126.9979891, 37.5717328], [126.9979124, 37.5717296], [126.9978842, 37.5717284], [126.9978586, 37.5717289], [126.9978348, 37.5717363], [126.9978155, 37.5717497], [126.9978032, 37.5717675], [126.9977992, 37.5717876], [126.9978035, 37.571806], [126.9978148, 37.5718225], [126.9978321, 37.5718353], [126.9978537, 37.5718431]]}, "properties": {"name": null, "source": "osm", "highway": "pedestrian"}}, {"type": "Feature", "geometry": {"type": "LineString", "coordinates": [[126.9978471, 37.5719823], [126.9978706, 37.5719843], [126.9978955, 37.5719843], [126.9979939, 37.5719841], [126.9979988, 37.5718955], [126.9980352, 37.5718967], [126.9980359, 37.5718832], [126.9980367, 37.5718698], [126.9978973, 37.5718678], [126.9978777, 37.5718676], [126.9978521, 37.5718681], [126.9978282, 37.5718755], [126.997809, 37.5718889], [126.9977966, 37.5719067], [126.9977927, 37.5719268], [126.9977969, 37.5719452], [126.9978082, 37.5719617], [126.9978256, 37.5719745], [126.9978471, 37.5719823]]}, "properties": {"name": null, "source": "osm", "highway": "pedestrian"}}, {"type": "Feature", "geometry": {"type": "LineString", "coordinates": [[126.9979597, 37.5723037], [126.9979702, 37.5719962], [126.9978942, 37.5719954], [126.9977908, 37.5719928], [126.9977778, 37.5722987], [126.9978822, 37.5723016], [126.9979597, 37.5723037]]}, "properties": {"name": null, "source": "osm", "highway": "pedestrian"}}, {"type": "Feature", "geometry": {"type": "LineString", "coordinates": [[126.9978973, 37.5718678], [126.9978971, 37.5718828], [126.9978955, 37.5719843], [126.9978942, 37.5719954], [126.9978822, 37.5723016], [126.9978801, 37.5723885]]}, "properties": {"name": null, "source": "osm", "highway": "footway"}}, {"type": "Feature", "geometry": {"type": "LineString", "coordinates": [[126.9980634, 37.5709043], [126.9981387, 37.5710437]]}, "properties": {"name": null, "source": "osm", "highway": "footway"}}, {"type": "Feature", "geometry": {"type": "LineString", "coordinates": [[126.9981387, 37.5710437], [126.9981723, 37.5710728], [126.9982136, 37.5710924]]}, "properties": {"name": null, "source": "osm", "highway": "footway"}}, {"type": "Feature", "geometry": {"type": "LineString", "coordinates": [[126.9979184, 37.5716571], [126.9979136, 37.5716645], [126.9979124, 37.5717296]]}, "properties": {"name": null, "source": "osm", "highway": "footway"}}, {"type": "Feature", "geometry": {"type": "LineString", "coordinates": [[126.9978992, 37.5718455], [126.9978991, 37.5718315], [126.9978973, 37.5718678]]}, "properties": {"name": null, "source": "osm", "highway": "footway"}}, {"type": "Feature", "geometry": {"type": "LineString", "coordinates": [[126.9980359, 37.5718832], [126.9978971, 37.5718828]]}, "properties": {"name": null, "source": "osm", "highway": "footway"}}, {"type": "Feature", "geometry": {"type": "LineString", "coordinates": [[126.9979184, 37.5716571], [126.9979242, 37.5713298], [126.9981294, 37.5711721], [126.9981903, 37.5711767]]}, "properties": {"name": null, "source": "osm", "highway": "footway"}}, {"type": "Feature", "geometry": {"type": "LineString", "coordinates": [[126.9981294, 37.5711721], [126.9982438, 37.5711075], [126.9982136, 37.5710924]]}, "properties": {"name": null, "source": "osm", "highway": "footway"}}, {"type": "Feature", "geometry": {"type": "LineString", "coordinates": [[126.9982438, 37.5711075], [126.9984031, 37.570994], [126.9984871, 37.5709337], [126.998669, 37.5709437], [126.9987734, 37.5709494], [126.9989693, 37.5709601], [126.9997561, 37.5710337]]}, "properties": {"name": null, "source": "osm", "highway": "footway"}}, {"type": "Feature", "geometry": {"type": "LineString", "coordinates": [[126.9989693, 37.5709601], [126.9989583, 37.5710296], [126.9989402, 37.5711877]]}, "properties": {"name": null, "source": "osm", "highway": "footway"}}, {"type": "Feature", "geometry": {"type": "LineString", "coordinates": [[126.9815173, 37.5758837], [126.9821446, 37.5757387], [126.9825379, 37.5757038], [126.98272, 37.5757038], [126.9828321, 37.5757297], [126.9829325, 37.5758056], [126.9830102, 37.5758985]]}, "properties": {"name": null, "source": "osm", "highway": "footway"}}, {"type": "Feature", "geometry": {"type": "LineString", "coordinates": [[126.9916168, 37.5739724], [126.9916943, 37.5739815], [126.9918283, 37.5739953], [126.9919345, 37.5740073], [126.9920308, 37.5740283]]}, "properties": {"name": null, "source": "osm", "highway": "footway"}}, {"type": "Feature", "geometry": {"type": "LineString", "coordinates": [[126.9916622, 37.5738483], [126.9916887, 37.573853], [126.9917249, 37.5738616], [126.9918312, 37.5738846], [126.9918412, 37.5738856], [126.9919414, 37.5739073], [126.9919539, 37.5739094], [126.9920622, 37.5739342]]}, "properties": {"name": null, "source": "osm", "highway": "footway"}}, {"type": "Feature", "geometry": {"type": "LineString", "coordinates": [[126.9917073, 37.5737275], [126.9921462, 37.5738096], [126.9921898, 37.573766], [126.9922146, 37.5736677], [126.9925738, 37.5737676], [126.9925969, 37.5737711]]}, "properties": {"name": null, "source": "osm", "highway": "footway"}}, {"type": "Feature", "geometry": {"type": "LineString", "coordinates": [[126.9956216, 37.5763528], [126.9957147, 37.5762989], [126.995723, 37.5762022]]}, "properties": {"name": null, "source": "osm", "highway": "pedestrian"}}, {"type": "Feature", "geometry": {"type": "LineString", "coordinates": [[126.9830328, 37.5696555], [126.9830724, 37.569882], [126.9831201, 37.5699669], [126.9831243, 37.569972], [126.9831761, 37.570034], [126.9831808, 37.5700395], [126.983251, 37.570081], [126.9833414, 37.5701022], [126.9835426, 37.5701083], [126.9838464, 37.5701086], [126.9838472, 37.5701025], [126.9837946, 37.5701025], [126.9837946, 37.5700678], [126.9838479, 37.5700679], [126.9838484, 37.5700505], [126.9835958, 37.570048], [126.9831361, 37.5696423], [126.9830328, 37.5696555]]}, "properties": {"name": null, "source": "osm", "highway": "pedestrian"}}, {"type": "Feature", "geometry": {"type": "LineString", "coordinates": [[126.9831062, 37.5705085], [126.9830983, 37.5704026], [126.9830944, 37.5703498], [126.9831038, 37.5703392], [126.9831779, 37.5703417], [126.9831965, 37.5703423], [126.9832279, 37.5703622], [126.9832192, 37.5703821], [126.9831941, 37.5704008], [126.9831703, 37.5704345], [126.9831164, 37.570511], [126.9831062, 37.5705085]]}, "properties": {"name": null, "source": "osm", "highway": "pedestrian"}}, {"type": "Feature", "geometry": {"type": "LineString", "coordinates": [[126.9830764, 37.5701228], [126.9830672, 37.5700609], [126.9830552, 37.5699803], [126.9830619, 37.5699757], [126.9830733, 37.569986], [126.983121, 37.5700525], [126.9831668, 37.5700875], [126.9831759, 37.5700944], [126.9832178, 37.5701256], [126.9831005, 37.5701233], [126.9830764, 37.5701228]]}, "properties": {"name": null, "source": "osm", "highway": "pedestrian"}}, {"type": "Feature", "geometry": {"type": "LineString", "coordinates": [[126.9901315, 37.5787871], [126.9901135, 37.5788486]]}, "properties": {"name": null, "source": "osm", "highway": "path"}}, {"type": "Feature", "geometry": {"type": "LineString", "coordinates": [[126.9911874, 37.5786396], [126.991179, 37.578767]]}, "properties": {"name": null, "source": "osm", "highway": "path"}}, {"type": "Feature", "geometry": {"type": "LineString", "coordinates": [[126.991179, 37.578767], [126.9911743, 37.5788156], [126.9911679, 37.5788824]]}, "properties": {"name": null, "source": "osm", "highway": "path"}}, {"type": "Feature", "geometry": {"type": "LineString", "coordinates": [[126.9950685, 37.5708702], [126.9950688, 37.5708651], [126.9950677, 37.570853], [126.9950854, 37.5707561], [126.9950882, 37.5707485], [126.9950793, 37.5706704]]}, "properties": {"name": null, "source": "osm", "highway": "footway"}}, {"type": "Feature", "geometry": {"type": "LineString", "coordinates": [[126.995064, 37.5709421], [126.9950685, 37.5708702]]}, "properties": {"name": null, "source": "osm", "highway": "footway"}}, {"type": "Feature", "geometry": {"type": "LineString", "coordinates": [[126.9899535, 37.5740037], [126.989958, 37.5739929]]}, "properties": {"name": null, "source": "osm", "highway": "footway"}}, {"type": "Feature", "geometry": {"type": "LineString", "coordinates": [[126.9831458, 37.5757528], [126.983157, 37.5757069]]}, "properties": {"name": null, "source": "osm", "highway": "footway"}}, {"type": "Feature", "geometry": {"type": "LineString", "coordinates": [[126.9829325, 37.5758056], [126.9830561, 37.575775], [126.9831458, 37.5757528]]}, "properties": {"name": null, "source": "osm", "highway": "footway"}}, {"type": "Feature", "geometry": {"type": "LineString", "coordinates": [[126.9828009, 37.5753412], [126.9828939, 37.5753219], [126.9830189, 37.5752952]]}, "properties": {"name": null, "source": "osm", "highway": "footway"}}, {"type": "Feature", "geometry": {"type": "LineString", "coordinates": [[126.9831779, 37.5703417], [126.9831513, 37.5702711], [126.983141, 37.5702375], [126.9831295, 37.570205], [126.9831108, 37.5701531], [126.9831005, 37.5701233]]}, "properties": {"name": null, "source": "osm", "highway": "footway"}}, {"type": "Feature", "geometry": {"type": "LineString", "coordinates": [[126.9830672, 37.5700609], [126.9830926, 37.5700837]]}, "properties": {"name": null, "source": "osm", "highway": "footway"}}, {"type": "Feature", "geometry": {"type": "LineString", "coordinates": [[126.9831668, 37.5700875], [126.9830926, 37.5700837]]}, "properties": {"name": null, "source": "osm", "highway": "footway"}}, {"type": "Feature", "geometry": {"type": "LineString", "coordinates": [[126.9830926, 37.5700837], [126.9831005, 37.5701233]]}, "properties": {"name": null, "source": "osm", "highway": "footway"}}, {"type": "Feature", "geometry": {"type": "LineString", "coordinates": [[126.9831703, 37.5704345], [126.9831706, 37.570394]]}, "properties": {"name": null, "source": "osm", "highway": "footway"}}, {"type": "Feature", "geometry": {"type": "LineString", "coordinates": [[126.9831706, 37.570394], [126.9831779, 37.5703417]]}, "properties": {"name": null, "source": "osm", "highway": "footway"}}, {"type": "Feature", "geometry": {"type": "LineString", "coordinates": [[126.9831706, 37.570394], [126.9830983, 37.5704026]]}, "properties": {"name": null, "source": "osm", "highway": "footway"}}, {"type": "Feature", "geometry": {"type": "LineString", "coordinates": [[126.9828589, 37.5700625], [126.982946, 37.5700618], [126.9830672, 37.5700609]]}, "properties": {"name": null, "source": "osm", "highway": "footway"}}, {"type": "Feature", "geometry": {"type": "LineString", "coordinates": [[126.9828747, 37.5704062], [126.9829761, 37.5704046], [126.9830983, 37.5704026]]}, "properties": {"name": null, "source": "osm", "highway": "footway"}}, {"type": "Feature", "geometry": {"type": "LineString", "coordinates": [[126.987908, 37.5696731], [126.9879168, 37.5699765], [126.9879837, 37.5700359], [126.9884986, 37.5700542]]}, "properties": {"name": null, "source": "osm", "highway": "footway"}}, {"type": "Feature", "geometry": {"type": "LineString", "coordinates": [[126.983176, 37.5687506], [126.9831797, 37.5687616]]}, "properties": {"name": null, "source": "osm", "highway": "footway"}}, {"type": "Feature", "geometry": {"type": "LineString", "coordinates": [[126.9829888, 37.568739], [126.9830965, 37.5687248], [126.9834602, 37.5686695], [126.984508, 37.5684596], [126.9854379, 37.5682907], [126.985614, 37.5682585], [126.9856364, 37.568254], [126.9865964, 37.5680612], [126.9866998, 37.5680521], [126.9868032, 37.5680431], [126.9873989, 37.5680278]]}, "properties": {"name": null, "source": "osm", "highway": "footway"}}, {"type": "Feature", "geometry": {"type": "LineString", "coordinates": [[126.9856431, 37.5682728], [126.9856364, 37.568254]]}, "properties": {"name": null, "source": "osm", "highway": "footway"}}, {"type": "Feature", "geometry": {"type": "LineString", "coordinates": [[126.983651, 37.5685349], [126.9830422, 37.5686414], [126.9829922, 37.5686336], [126.9829717, 37.5686251], [126.9829488, 37.5686154], [126.9829346, 37.5686012], [126.9829192, 37.568557], [126.9828576, 37.5676099]]}, "properties": {"name": null, "source": "osm", "highway": "footway"}}, {"type": "Feature", "geometry": {"type": "LineString", "coordinates": [[126.9893722, 37.5782871], [126.9893875, 37.5782307], [126.9893938, 37.5782077], [126.9893649, 37.577962], [126.9893383, 37.5777365], [126.9893537, 37.5775985], [126.9894261, 37.5775265], [126.9896693, 37.5775279], [126.9896942, 37.5778002], [126.9895416, 37.5783075], [126.9895248, 37.5783542], [126.9895148, 37.5783848], [126.9894766, 37.5783784], [126.989496, 37.5783115], [126.9893722, 37.5782871]]}, "properties": {"name": null, "source": "osm", "highway": "pedestrian"}}, {"type": "Feature", "geometry": {"type": "LineString", "coordinates": [[126.9875853, 37.5704615], [126.9876312, 37.5704627], [126.9877591, 37.5704673], [126.9878475, 37.5704684]]}, "properties": {"name": null, "source": "osm", "highway": "footway"}}, {"type": "Feature", "geometry": {"type": "LineString", "coordinates": [[126.9856888, 37.5750158], [126.9857612, 37.5748972], [126.9860124, 37.5749296], [126.9859937, 37.5750456], [126.9856888, 37.5750158]]}, "properties": {"name": null, "source": "osm", "highway": "pedestrian"}}, {"type": "Feature", "geometry": {"type": "LineString", "coordinates": [[126.9890008, 37.5786838], [126.9889753, 37.5786833], [126.9889769, 37.5786353], [126.9889773, 37.5786119], [126.9889806, 37.5784489], [126.9890298, 37.5784489], [126.9890358, 37.5783086], [126.9890906, 37.5783123]]}, "properties": {"name": null, "source": "osm", "highway": "footway"}}, {"type": "Feature", "geometry": {"type": "LineString", "coordinates": [[126.9982834, 37.5703208], [126.9984004, 37.5703238], [126.998646, 37.5703289], [126.9988752, 37.5703334], [126.9990439, 37.5703546], [126.9992725, 37.5703279]]}, "properties": {"name": null, "source": "osm", "highway": "footway"}}, {"type": "Feature", "geometry": {"type": "LineString", "coordinates": [[126.9958152, 37.5788371], [126.9958984, 37.5788424], [126.9960571, 37.5788524], [126.9960595, 37.5788285], [126.9960619, 37.5788046], [126.9959058, 37.5787947], [126.99582, 37.5787893], [126.9958176, 37.5788133], [126.9958152, 37.5788371]]}, "properties": {"name": null, "source": "osm", "highway": "pedestrian"}}, {"type": "Feature", "geometry": {"type": "LineString", "coordinates": [[126.9961801, 37.578837], [126.9961781, 37.5788557], [126.996237, 37.5788597], [126.9963421, 37.5788671], [126.9963444, 37.5788477], [126.9963465, 37.578829], [126.996242, 37.5788218], [126.9961823, 37.5788176], [126.9961801, 37.578837]]}, "properties": {"name": null, "source": "osm", "highway": "pedestrian"}}, {"type": "Feature", "geometry": {"type": "LineString", "coordinates": [[126.9951529, 37.5680435], [126.9951648, 37.5680703], [126.9951603, 37.5681079]]}, "properties": {"name": null, "source": "osm", "highway": "steps"}}, {"type": "Feature", "geometry": {"type": "LineString", "coordinates": [[126.9872541, 37.567417], [126.9872536, 37.5672894], [126.9872519, 37.5668931], [126.9871189, 37.5668931], [126.9868893, 37.5668931], [126.9868915, 37.567286], [126.9872536, 37.5672894]]}, "properties": {"name": null, "source": "osm", "highway": "pedestrian"}}, {"type": "Feature", "geometry": {"type": "LineString", "coordinates": [[126.9908595, 37.5719366], [126.9908735, 37.5719124], [126.9909056, 37.5718567]]}, "properties": {"name": null, "source": "osm", "highway": "footway"}}, {"type": "Feature", "geometry": {"type": "LineString", "coordinates": [[126.9930503, 37.5692981], [126.9930614, 37.5691658], [126.9930493, 37.5691497], [126.9930013, 37.5691343], [126.9930161, 37.5691175], [126.9930669, 37.5689446], [126.9930727, 37.5689276], [126.9930289, 37.5689216], [126.993069, 37.5687258], [126.9930614, 37.5686896], [126.9930801, 37.5685942]]}, "properties": {"name": null, "source": "osm", "highway": "footway"}}, {"type": "Feature", "geometry": {"type": "LineString", "coordinates": [[126.9931815, 37.5689059], [126.9931968, 37.5688241]]}, "properties": {"name": null, "source": "osm", "highway": "footway"}}, {"type": "Feature", "geometry": {"type": "LineString", "coordinates": [[126.9931815, 37.5689059], [126.9931755, 37.5689413], [126.9930727, 37.5689276]]}, "properties": {"name": null, "source": "osm", "highway": "footway"}}, {"type": "Feature", "geometry": {"type": "LineString", "coordinates": [[126.9931755, 37.5689413], [126.9932771, 37.5689894], [126.9932526, 37.5691059], [126.9934027, 37.5691419]]}, "properties": {"name": null, "source": "osm", "highway": "footway"}}, {"type": "Feature", "geometry": {"type": "LineString", "coordinates": [[126.9931968, 37.5688241], [126.9932064, 37.5687853], [126.9932186, 37.5687359], [126.993069, 37.5687258]]}, "properties": {"name": null, "source": "osm", "highway": "footway"}}, {"type": "Feature", "geometry": {"type": "LineString", "coordinates": [[126.9932064, 37.5687853], [126.993299, 37.568795]]}, "properties": {"name": null, "source": "osm", "highway": "footway"}}, {"type": "Feature", "geometry": {"type": "LineString", "coordinates": [[126.9929575, 37.569294], [126.9929656, 37.5691771], [126.9929872, 37.5691686], [126.9930013, 37.5691343]]}, "properties": {"name": null, "source": "osm", "highway": "footway"}}, {"type": "Feature", "geometry": {"type": "LineString", "coordinates": [[126.9930614, 37.5686896], [126.9929588, 37.5686782]]}, "properties": {"name": null, "source": "osm", "highway": "footway"}}, {"type": "Feature", "geometry": {"type": "LineString", "coordinates": [[126.9933472, 37.5695334], [126.993532, 37.5695376]]}, "properties": {"name": null, "source": "osm", "highway": "footway"}}, {"type": "Feature", "geometry": {"type": "LineString", "coordinates": [[126.9926651, 37.569319], [126.9926709, 37.5691712]]}, "properties": {"name": null, "source": "osm", "highway": "footway"}}, {"type": "Feature", "geometry": {"type": "LineString", "coordinates": [[126.9938401, 37.5720917], [126.9938495, 37.572102], [126.9937899, 37.5721612], [126.9936113, 37.5723608], [126.9934403, 37.5725682], [126.9931741, 37.5728847], [126.9928746, 37.573322], [126.9927059, 37.5735745], [126.9925969, 37.5737711], [126.9924467, 37.5740319], [126.9922744, 37.5742385], [126.9920783, 37.5744805], [126.9919704, 37.574596], [126.9918233, 37.5748503], [126.9916454, 37.5751679], [126.9915837, 37.5752833], [126.9915137, 37.5754932], [126.9914338, 37.5757441], [126.9914338, 37.5757963], [126.9914352, 37.5759773], [126.991452, 37.5760439], [126.9915767, 37.5763859], [126.9916482, 37.576568], [126.9917266, 37.5767035], [126.9919354, 37.5769311], [126.992329, 37.5772775], [126.9924229, 37.577353], [126.9925644, 37.5774341], [126.9926583, 37.5774818], [126.9927367, 37.5775362], [126.9928726, 37.577534], [126.9929637, 37.577493], [126.9932199, 37.5773105], [126.9933482, 37.577236], [126.9934894, 37.5771764], [126.9937782, 37.5771588], [126.9941109, 37.5770968], [126.9944602, 37.5769395], [126.9946289, 37.5769122], [126.9947925, 37.5769014], [126.9951715, 37.5768412], [126.9954442, 37.5766961], [126.9957045, 37.5760351], [126.995781, 37.5758231], [126.9957937, 37.575749], [126.9957937, 37.5754175], [126.9958362, 37.575234], [126.995902, 37.5751095], [126.9961504, 37.5747224], [126.9961993, 37.5745928], [126.9965471, 37.5734019], [126.9966325, 37.5731622], [126.9967217, 37.572898], [126.9967174, 37.5727229], [126.9965114, 37.5723678], [126.9963898, 37.5722611]]}, "properties": {"name": null, "source": "osm", "highway": "footway"}}, {"type": "Feature", "geometry": {"type": "LineString", "coordinates": [[126.9955803, 37.5686059], [126.995203, 37.5685701]]}, "properties": {"name": null, "source": "osm", "highway": "footway"}}, {"type": "Feature", "geometry": {"type": "LineString", "coordinates": [[126.9955621, 37.5684047], [126.9951814, 37.5683822], [126.9951779, 37.5684142], [126.9951774, 37.5684192]]}, "properties": {"name": null, "source": "osm", "highway": "footway"}}, {"type": "Feature", "geometry": {"type": "LineString", "coordinates": [[126.9957484, 37.5669275], [126.996144, 37.5669796], [126.9964666, 37.5670155], [126.9969944, 37.5670741], [126.9973142, 37.5671532], [126.9976802, 37.5672008], [126.9979575, 37.5672411], [126.9979905, 37.5672413]]}, "properties": {"name": null, "source": "osm", "highway": "footway"}}, {"type": "Feature", "geometry": {"type": "LineString", "coordinates": [[126.9979829, 37.5672124], [126.9979905, 37.5672413]]}, "properties": {"name": null, "source": "osm", "highway": "footway"}}, {"type": "Feature", "geometry": {"type": "LineString", "coordinates": [[126.9979905, 37.5672413], [126.9980026, 37.5672949]]}, "properties": {"name": null, "source": "osm", "highway": "footway"}}, {"type": "Feature", "geometry": {"type": "LineString", "coordinates": [[126.9982, 37.5673769], [126.9982043, 37.5673257], [126.9982064, 37.5673007]]}, "properties": {"name": null, "source": "osm", "highway": "footway"}}, {"type": "Feature", "geometry": {"type": "LineString", "coordinates": [[126.9981409, 37.5673729], [126.998053, 37.5673669], [126.9980144, 37.5673642]]}, "properties": {"name": null, "source": "osm", "highway": "footway"}}, {"type": "Feature", "geometry": {"type": "LineString", "coordinates": [[126.9982, 37.5673769], [126.9981409, 37.5673729]]}, "properties": {"name": null, "source": "osm", "highway": "footway"}}, {"type": "Feature", "geometry": {"type": "LineString", "coordinates": [[126.9980144, 37.5673642], [126.9979995, 37.5673632], [126.9980026, 37.5672949]]}, "properties": {"name": null, "source": "osm", "highway": "footway"}}, {"type": "Feature", "geometry": {"type": "LineString", "coordinates": [[126.9981501, 37.5679083], [126.9981592, 37.5678228], [126.9981755, 37.5676695], [126.9982, 37.5673769]]}, "properties": {"name": null, "source": "osm", "highway": "footway"}}, {"type": "Feature", "geometry": {"type": "LineString", "coordinates": [[126.9946232, 37.5720246], [126.9947412, 37.5720665]]}, "properties": {"name": null, "source": "osm", "highway": "footway"}}, {"type": "Feature", "geometry": {"type": "LineString", "coordinates": [[126.9937766, 37.5720769], [126.9938401, 37.5720917]]}, "properties": {"name": null, "source": "osm", "highway": "footway"}}, {"type": "Feature", "geometry": {"type": "LineString", "coordinates": [[126.9963898, 37.5722611], [126.9964641, 37.5722314]]}, "properties": {"name": null, "source": "osm", "highway": "footway"}}, {"type": "Feature", "geometry": {"type": "LineString", "coordinates": [[126.9938309, 37.5735779], [126.9939937, 37.573572], [126.9941278, 37.5735731], [126.9942471, 37.5736081], [126.9944979, 37.5736018], [126.9947789, 37.573618]]}, "properties": {"name": null, "source": "osm", "highway": "footway"}}, {"type": "Feature", "geometry": {"type": "LineString", "coordinates": [[126.9967663, 37.5678725], [126.9967636, 37.5678204], [126.9965186, 37.5678254]]}, "properties": {"name": null, "source": "osm", "highway": "footway"}}, {"type": "Feature", "geometry": {"type": "LineString", "coordinates": [[126.9964594, 37.5673648], [126.9965891, 37.5673493], [126.9965961, 37.56735], [126.9968794, 37.5673782]]}, "properties": {"name": null, "source": "osm", "highway": "footway"}}, {"type": "Feature", "geometry": {"type": "LineString", "coordinates": [[126.9968316, 37.5679658], [126.9968953, 37.5680579], [126.9970088, 37.5681249], [126.9970994, 37.5681663]]}, "properties": {"name": null, "source": "osm", "highway": "footway"}}, {"type": "Feature", "geometry": {"type": "LineString", "coordinates": [[126.9969019, 37.5677864], [126.9969103, 37.5678627]]}, "properties": {"name": null, "source": "osm", "highway": "footway"}}, {"type": "Feature", "geometry": {"type": "LineString", "coordinates": [[126.9971515, 37.5678777], [126.9971454, 37.5678829], [126.9971078, 37.5678986]]}, "properties": {"name": null, "source": "osm", "highway": "footway"}}, {"type": "Feature", "geometry": {"type": "LineString", "coordinates": [[126.9943703, 37.5710388], [126.9943767, 37.5709039], [126.9943649, 37.5708441], [126.9943508, 37.5708289], [126.9943515, 37.5708204], [126.9943285, 37.5707193]]}, "properties": {"name": null, "source": "osm", "highway": "footway"}}, {"type": "Feature", "geometry": {"type": "LineString", "coordinates": [[126.989983, 37.5771563], [126.9900163, 37.5771895], [126.9900694, 37.5772479], [126.9900424, 37.5773574], [126.9900157, 37.5774959], [126.9900943, 37.5775021]]}, "properties": {"name": null, "source": "osm", "highway": "footway"}}, {"type": "Feature", "geometry": {"type": "LineString", "coordinates": [[126.9900943, 37.5775021], [126.9900017, 37.5777353]]}, "properties": {"name": null, "source": "osm", "highway": "footway"}}, {"type": "Feature", "geometry": {"type": "LineString", "coordinates": [[126.9903465, 37.5771753], [126.9903046, 37.5772126], [126.9902624, 37.5772503], [126.9902519, 37.5773374], [126.9902367, 37.5774051], [126.9902258, 37.5774505], [126.9902157, 37.5775094], [126.9900943, 37.5775021]]}, "properties": {"name": null, "source": "osm", "highway": "footway"}}, {"type": "Feature", "geometry": {"type": "LineString", "coordinates": [[126.9872876, 37.5715562], [126.9873186, 37.5715197], [126.9873743, 37.5714917], [126.9873398, 37.5714391], [126.9873062, 37.5714468], [126.9872682, 37.5714945], [126.987223, 37.5715401], [126.9871903, 37.5715359], [126.9872531, 37.5714307], [126.9873071, 37.5714019], [126.9873832, 37.5713619], [126.9874549, 37.5713465], [126.9874726, 37.5713612], [126.9874752, 37.5715281], [126.9874584, 37.5715744], [126.9872876, 37.5715562]]}, "properties": {"name": null, "source": "osm", "highway": "pedestrian"}}, {"type": "Feature", "geometry": {"type": "LineString", "coordinates": [[126.995106, 37.5674417], [126.9950619, 37.5674397], [126.995063, 37.5674062], [126.994839, 37.5674012], [126.9946894, 37.5673973]]}, "properties": {"name": null, "source": "osm", "highway": "footway"}}, {"type": "Feature", "geometry": {"type": "LineString", "coordinates": [[126.9946894, 37.5673973], [126.9945061, 37.567391]]}, "properties": {"name": null, "source": "osm", "highway": "footway"}}, {"type": "Feature", "geometry": {"type": "LineString", "coordinates": [[126.995106, 37.5674417], [126.9951968, 37.5674395], [126.9952481, 37.5674398]]}, "properties": {"name": null, "source": "osm", "highway": "footway"}}, {"type": "Feature", "geometry": {"type": "LineString", "coordinates": [[126.9952053, 37.5675132], [126.995189, 37.5674988], [126.9951968, 37.5674395]]}, "properties": {"name": null, "source": "osm", "highway": "steps"}}, {"type": "Feature", "geometry": {"type": "LineString", "coordinates": [[126.9951968, 37.5674395], [126.9952072, 37.5673696], [126.9952248, 37.5673555]]}, "properties": {"name": null, "source": "osm", "highway": "steps"}}, {"type": "Feature", "geometry": {"type": "LineString", "coordinates": [[126.9951603, 37.5681079], [126.9951535, 37.5681555], [126.9951378, 37.5681674]]}, "properties": {"name": null, "source": "osm", "highway": "steps"}}, {"type": "Feature", "geometry": {"type": "LineString", "coordinates": [[126.9945239, 37.5675515], [126.9947001, 37.5675552]]}, "properties": {"name": null, "source": "osm", "highway": "footway"}}, {"type": "Feature", "geometry": {"type": "LineString", "coordinates": [[126.9947001, 37.5675552], [126.9948224, 37.5675578], [126.9950575, 37.567563], [126.9950619, 37.5674397]]}, "properties": {"name": null, "source": "osm", "highway": "footway"}}, {"type": "Feature", "geometry": {"type": "LineString", "coordinates": [[126.9948224, 37.5675578], [126.9948317, 37.5674704], [126.994839, 37.5674012]]}, "properties": {"name": null, "source": "osm", "highway": "footway"}}, {"type": "Feature", "geometry": {"type": "LineString", "coordinates": [[126.9950308, 37.5680955], [126.9949287, 37.5680839], [126.9949136, 37.5682365], [126.9946751, 37.56822]]}, "properties": {"name": null, "source": "osm", "highway": "footway"}}, {"type": "Feature", "geometry": {"type": "LineString", "coordinates": [[126.9946042, 37.5682152], [126.9944185, 37.5682048]]}, "properties": {"name": null, "source": "osm", "highway": "footway"}}, {"type": "Feature", "geometry": {"type": "LineString", "coordinates": [[126.9946751, 37.56822], [126.9946042, 37.5682152]]}, "properties": {"name": null, "source": "osm", "highway": "footway"}}, {"type": "Feature", "geometry": {"type": "LineString", "coordinates": [[126.9943522, 37.5682397], [126.9943402, 37.5683361]]}, "properties": {"name": null, "source": "osm", "highway": "footway"}}, {"type": "Feature", "geometry": {"type": "LineString", "coordinates": [[126.9944185, 37.5682048], [126.9943577, 37.5682007]]}, "properties": {"name": null, "source": "osm", "highway": "steps"}}, {"type": "Feature", "geometry": {"type": "LineString", "coordinates": [[126.9943577, 37.5682007], [126.9943522, 37.5682397]]}, "properties": {"name": null, "source": "osm", "highway": "footway"}}, {"type": "Feature", "geometry": {"type": "LineString", "coordinates": [[126.9943577, 37.5682007], [126.994376, 37.5680579]]}, "properties": {"name": null, "source": "osm", "highway": "footway"}}, {"type": "Feature", "geometry": {"type": "LineString", "coordinates": [[126.994376, 37.5680579], [126.9943995, 37.5677576]]}, "properties": {"name": null, "source": "osm", "highway": "footway"}}, {"type": "Feature", "geometry": {"type": "LineString", "coordinates": [[126.9945831, 37.5672912], [126.9946819, 37.567294]]}, "properties": {"name": null, "source": "osm", "highway": "footway"}}, {"type": "Feature", "geometry": {"type": "LineString", "coordinates": [[126.9946819, 37.567294], [126.994851, 37.5673005], [126.994839, 37.5674012]]}, "properties": {"name": null, "source": "osm", "highway": "footway"}}, {"type": "Feature", "geometry": {"type": "LineString", "coordinates": [[126.9946819, 37.567294], [126.994851, 37.5673005]]}, "properties": {"name": null, "source": "osm", "highway": "steps"}}, {"type": "Feature", "geometry": {"type": "LineString", "coordinates": [[126.9948317, 37.5674704], [126.9948686, 37.5674723]]}, "properties": {"name": null, "source": "osm", "highway": "footway"}}, {"type": "Feature", "geometry": {"type": "LineString", "coordinates": [[126.9945061, 37.567391], [126.9944149, 37.5673919], [126.9944126, 37.5672759], [126.9941199, 37.5672716], [126.9941154, 37.5676396], [126.9942679, 37.567642], [126.9942659, 37.5676577], [126.9942641, 37.5676711], [126.9943833, 37.5676758], [126.9943948, 37.5675476], [126.9945239, 37.5675515]]}, "properties": {"name": null, "source": "osm", "highway": "footway"}}, {"type": "Feature", "geometry": {"type": "LineString", "coordinates": [[126.9942659, 37.5676577], [126.9940999, 37.5676584]]}, "properties": {"name": null, "source": "osm", "highway": "steps"}}, {"type": "Feature", "geometry": {"type": "LineString", "coordinates": [[126.9940999, 37.5676584], [126.9940332, 37.5676603]]}, "properties": {"name": null, "source": "osm", "highway": "footway"}}, {"type": "Feature", "geometry": {"type": "LineString", "coordinates": [[126.9836408, 37.5769497], [126.9836263, 37.5769313], [126.9834675, 37.5768846]]}, "properties": {"name": null, "source": "osm", "highway": "footway"}}, {"type": "Feature", "geometry": {"type": "LineString", "coordinates": [[126.9837579, 37.5765518], [126.9837434, 37.5765477], [126.9833166, 37.5764251], [126.9832192, 37.5763971], [126.9828499, 37.5762911]]}, "properties": {"name": null, "source": "osm", "highway": "footway"}}, {"type": "Feature", "geometry": {"type": "LineString", "coordinates": [[126.9841341, 37.5766598], [126.9838557, 37.5765799], [126.9838325, 37.5765732]]}, "properties": {"name": null, "source": "osm", "highway": "footway"}}, {"type": "Feature", "geometry": {"type": "LineString", "coordinates": [[126.9838325, 37.5765732], [126.9837841, 37.5765593], [126.9837579, 37.5765518]]}, "properties": {"name": null, "source": "osm", "highway": "footway"}}, {"type": "Feature", "geometry": {"type": "LineString", "coordinates": [[126.9830499, 37.5758593], [126.9831021, 37.5759566], [126.9832416, 37.5762169], [126.9832453, 37.5762567], [126.9832478, 37.5762849], [126.9832192, 37.5763971]]}, "properties": {"name": null, "source": "osm", "highway": "footway"}}, {"type": "Feature", "geometry": {"type": "LineString", "coordinates": [[126.9837434, 37.5765477], [126.9837884, 37.5764581], [126.9838229, 37.5764378], [126.9838831, 37.5763852], [126.9839521, 37.5762316], [126.9839504, 37.5762204], [126.9835761, 37.5760794], [126.9835398, 37.5760808], [126.9832453, 37.5762567]]}, "properties": {"name": null, "source": "osm", "highway": "footway"}}, {"type": "Feature", "geometry": {"type": "LineString", "coordinates": [[126.9833166, 37.5764251], [126.9832485, 37.5765631]]}, "properties": {"name": null, "source": "osm", "highway": "footway"}}, {"type": "Feature", "geometry": {"type": "LineString", "coordinates": [[126.9838557, 37.5765799], [126.9838434, 37.5766082]]}, "properties": {"name": null, "source": "osm", "highway": "footway"}}, {"type": "Feature", "geometry": {"type": "LineString", "coordinates": [[126.9838557, 37.5765799], [126.9838688, 37.5765506]]}, "properties": {"name": null, "source": "osm", "highway": "footway"}}, {"type": "Feature", "geometry": {"type": "LineString", "coordinates": [[126.9835761, 37.5760794], [126.9832205, 37.5759464], [126.9831825, 37.5759429], [126.9831021, 37.5759566]]}, "properties": {"name": null, "source": "osm", "highway": "footway"}}, {"type": "Feature", "geometry": {"type": "LineString", "coordinates": [[126.9854691, 37.574308], [126.9854904, 37.5743219], [126.9855743, 37.5743801], [126.98558, 37.5743885], [126.9855943, 37.5744097], [126.9856575, 37.574446], [126.9857399, 37.5744811], [126.9857449, 37.5744967], [126.9857276, 37.5745312], [126.9856633, 37.5745193], [126.9856309, 37.5745869], [126.9856698, 37.574615], [126.9856486, 37.5746257], [126.9856256, 37.5746174], [126.9855984, 37.5746737], [126.9855882, 37.5746612], [126.9855816, 37.5746392], [126.9855878, 37.5746194], [126.9855963, 37.5745815], [126.9855928, 37.5745153], [126.9855397, 37.5744955], [126.9855316, 37.5744762], [126.9855531, 37.5744246], [126.98558, 37.5743885]]}, "properties": {"name": null, "source": "osm", "highway": "footway"}}, {"type": "Feature", "geometry": {"type": "LineString", "coordinates": [[126.9965961, 37.56735], [126.9965911, 37.5672818]]}, "properties": {"name": null, "source": "osm", "highway": "footway"}}, {"type": "Feature", "geometry": {"type": "LineString", "coordinates": [[126.9964773, 37.5682962], [126.9964984, 37.5682278], [126.9964874, 37.5680446]]}, "properties": {"name": null, "source": "osm", "highway": "steps"}}, {"type": "Feature", "geometry": {"type": "LineString", "coordinates": [[126.9925141, 37.5703601], [126.9926454, 37.5703644], [126.9927696, 37.5703684]]}, "properties": {"name": null, "source": "osm", "highway": "footway"}}, {"type": "Feature", "geometry": {"type": "LineString", "coordinates": [[126.9924936, 37.5706273], [126.9926277, 37.5706336], [126.9927415, 37.570639]]}, "properties": {"name": null, "source": "osm", "highway": "footway"}}, {"type": "Feature", "geometry": {"type": "LineString", "coordinates": [[126.9926277, 37.5706336], [126.9926454, 37.5703644]]}, "properties": {"name": null, "source": "osm", "highway": "footway"}}, {"type": "Feature", "geometry": {"type": "LineString", "coordinates": [[126.9917715, 37.5701951], [126.9917828, 37.5700001]]}, "properties": {"name": null, "source": "osm", "highway": "footway"}}, {"type": "Feature", "geometry": {"type": "LineString", "coordinates": [[126.9855984, 37.5746737], [126.9855774, 37.5747825]]}, "properties": {"name": null, "source": "osm", "highway": "footway"}}, {"type": "Feature", "geometry": {"type": "LineString", "coordinates": [[126.9951556, 37.5686192], [126.9951991, 37.5686249], [126.995203, 37.5685701]]}, "properties": {"name": null, "source": "osm", "highway": "footway"}}, {"type": "Feature", "geometry": {"type": "LineString", "coordinates": [[126.9951774, 37.5684192], [126.9951556, 37.5686192]]}, "properties": {"name": null, "source": "osm", "highway": "footway"}}, {"type": "Feature", "geometry": {"type": "LineString", "coordinates": [[126.990412, 37.5784918], [126.9904952, 37.578508], [126.9905783, 37.5785243]]}, "properties": {"name": null, "source": "osm", "highway": "path"}}, {"type": "Feature", "geometry": {"type": "LineString", "coordinates": [[126.9915821, 37.578719], [126.9916592, 37.578744], [126.9917365, 37.5787692]]}, "properties": {"name": null, "source": "osm", "highway": "path"}}, {"type": "Feature", "geometry": {"type": "LineString", "coordinates": [[126.9905783, 37.5785243], [126.9911874, 37.5786396], [126.9915584, 37.5787119], [126.9915821, 37.578719]]}, "properties": {"name": null, "source": "osm", "highway": "path"}}, {"type": "Feature", "geometry": {"type": "LineString", "coordinates": [[126.9962727, 37.5785256], [126.996242, 37.5788218], [126.9962403, 37.5788399]]}, "properties": {"name": null, "source": "osm", "highway": "path"}}, {"type": "Feature", "geometry": {"type": "LineString", "coordinates": [[126.9964696, 37.5788549], [126.9963444, 37.5788477]]}, "properties": {"name": null, "source": "osm", "highway": "path"}}, {"type": "Feature", "geometry": {"type": "LineString", "coordinates": [[126.9966364, 37.5788716], [126.9964696, 37.5788549]]}, "properties": {"name": null, "source": "osm", "highway": "path"}}, {"type": "Feature", "geometry": {"type": "LineString", "coordinates": [[126.9961734, 37.5792416], [126.9961266, 37.5795237]]}, "properties": {"name": null, "source": "osm", "highway": "path"}}, {"type": "Feature", "geometry": {"type": "LineString", "coordinates": [[126.9961864, 37.5791634], [126.9961734, 37.5792416]]}, "properties": {"name": null, "source": "osm", "highway": "path"}}, {"type": "Feature", "geometry": {"type": "LineString", "coordinates": [[126.9955316, 37.5784104], [126.9955437, 37.578279]]}, "properties": {"name": null, "source": "osm", "highway": "path"}}, {"type": "Feature", "geometry": {"type": "LineString", "coordinates": [[126.9955244, 37.578489], [126.9955316, 37.5784104]]}, "properties": {"name": null, "source": "osm", "highway": "path"}}, {"type": "Feature", "geometry": {"type": "LineString", "coordinates": [[126.9953952, 37.5791138], [126.9954535, 37.5787932]]}, "properties": {"name": null, "source": "osm", "highway": "path"}}, {"type": "Feature", "geometry": {"type": "LineString", "coordinates": [[126.9956887, 37.5788061], [126.9954535, 37.5787932]]}, "properties": {"name": null, "source": "osm", "highway": "path"}}, {"type": "Feature", "geometry": {"type": "LineString", "coordinates": [[126.9959024, 37.5788179], [126.9958176, 37.5788133]]}, "properties": {"name": null, "source": "osm", "highway": "path"}}, {"type": "Feature", "geometry": {"type": "LineString", "coordinates": [[126.9945789, 37.5787526], [126.9942022, 37.5787111]]}, "properties": {"name": null, "source": "osm", "highway": "footway"}}, {"type": "Feature", "geometry": {"type": "LineString", "coordinates": [[126.9950217, 37.5787695], [126.9948327, 37.5787623], [126.9945789, 37.5787526]]}, "properties": {"name": null, "source": "osm", "highway": "footway"}}, {"type": "Feature", "geometry": {"type": "LineString", "coordinates": [[126.9944167, 37.5688149], [126.9946578, 37.5688324], [126.994666, 37.5687908], [126.9946928, 37.5687871], [126.9946985, 37.5687053]]}, "properties": {"name": null, "source": "osm", "highway": "footway"}}, {"type": "Feature", "geometry": {"type": "LineString", "coordinates": [[126.9930383, 37.5692976], [126.9930675, 37.5694861], [126.9930693, 37.569571], [126.9931065, 37.569571], [126.9931128, 37.5695418], [126.9931914, 37.5695224]]}, "properties": {"name": null, "source": "osm", "highway": "footway"}}, {"type": "Feature", "geometry": {"type": "LineString", "coordinates": [[126.9933331, 37.5698588], [126.9936894, 37.5698589], [126.9936802, 37.5700737]]}, "properties": {"name": null, "source": "osm", "highway": "footway"}}, {"type": "Feature", "geometry": {"type": "LineString", "coordinates": [[126.9959967, 37.567125], [126.9960896, 37.5671378]]}, "properties": {"name": null, "source": "osm", "highway": "footway"}}, {"type": "Feature", "geometry": {"type": "LineString", "coordinates": [[126.9949409, 37.5763348], [126.9949449, 37.5764555], [126.9949392, 37.5765543], [126.9949157, 37.5766169], [126.9948621, 37.5766813], [126.9948038, 37.5767365], [126.9947862, 37.5767887], [126.9947901, 37.5768593]]}, "properties": {"name": null, "source": "osm", "highway": "footway"}}, {"type": "Feature", "geometry": {"type": "LineString", "coordinates": [[126.9947901, 37.5768593], [126.994792, 37.5768946]]}, "properties": {"name": null, "source": "osm", "highway": "footway"}}, {"type": "Feature", "geometry": {"type": "LineString", "coordinates": [[126.994792, 37.5768946], [126.9947925, 37.5769014], [126.9947838, 37.5769598], [126.9947207, 37.5770287], [126.9946131, 37.5770913], [126.9944823, 37.5771709], [126.9944547, 37.5772036], [126.9944517, 37.5772321], [126.9942668, 37.5773287], [126.9942047, 37.5773578], [126.9941828, 37.5773955], [126.9941913, 37.5774315]]}, "properties": {"name": null, "source": "osm", "highway": "footway"}}, {"type": "Feature", "geometry": {"type": "LineString", "coordinates": [[126.991935, 37.5793848], [126.9918899, 37.5794857], [126.9919238, 37.5797112], [126.9919218, 37.5797318], [126.9919131, 37.5797893], [126.9918981, 37.5799667], [126.9921504, 37.5799254], [126.9922124, 37.5799132], [126.9923762, 37.5798806], [126.9926112, 37.5798416], [126.9926621, 37.5798323], [126.9927166, 37.579804], [126.992692, 37.5797071], [126.9925975, 37.5796648], [126.9925647, 37.5794957], [126.9925087, 37.5793269], [126.9923843, 37.5792662]]}, "properties": {"name": null, "source": "osm", "highway": "footway"}}, {"type": "Feature", "geometry": {"type": "LineString", "coordinates": [[126.9923762, 37.5798806], [126.9923873, 37.5799221], [126.9924085, 37.5799795], [126.9924292, 37.5800379]]}, "properties": {"name": null, "source": "osm", "highway": "footway"}}, {"type": "Feature", "geometry": {"type": "LineString", "coordinates": [[126.9917549, 37.5793604], [126.9917475, 37.5794051]]}, "properties": {"name": null, "source": "osm", "highway": "footway"}}, {"type": "Feature", "geometry": {"type": "LineString", "coordinates": [[126.9929898, 37.5785293], [126.992989, 37.5784253], [126.9930161, 37.5783206], [126.9930306, 37.5782686], [126.9930418, 37.5782282], [126.9930324, 37.5781858], [126.9929849, 37.5781896], [126.9929428, 37.5782364], [126.9928887, 37.5783039], [126.9928403, 37.5782919]]}, "properties": {"name": null, "source": "osm", "highway": "footway"}}, {"type": "Feature", "geometry": {"type": "LineString", "coordinates": [[126.9930306, 37.5782686], [126.9929428, 37.5782364]]}, "properties": {"name": null, "source": "osm", "highway": "steps"}}, {"type": "Feature", "geometry": {"type": "LineString", "coordinates": [[126.9925274, 37.5792101], [126.9925275, 37.5792145], [126.9925288, 37.5792466]]}, "properties": {"name": null, "source": "osm", "highway": "path"}}, {"type": "Feature", "geometry": {"type": "LineString", "coordinates": [[126.9928754, 37.5794323], [126.992815, 37.5794439], [126.9927832, 37.5793094], [126.9925416, 37.579314], [126.9925288, 37.5792466]]}, "properties": {"name": null, "source": "osm", "highway": "path"}}, {"type": "Feature", "geometry": {"type": "LineString", "coordinates": [[126.992937, 37.5794201], [126.992891, 37.5794297]]}, "properties": {"name": null, "source": "osm", "highway": "path"}}, {"type": "Feature", "geometry": {"type": "LineString", "coordinates": [[126.992891, 37.5794297], [126.9928839, 37.5794308], [126.9928754, 37.5794323]]}, "properties": {"name": null, "source": "osm", "highway": "path"}}, {"type": "Feature", "geometry": {"type": "LineString", "coordinates": [[126.9925274, 37.5792101], [126.9925254, 37.5791992], [126.992422, 37.5791785]]}, "properties": {"name": null, "source": "osm", "highway": "path"}}, {"type": "Feature", "geometry": {"type": "LineString", "coordinates": [[126.9894869, 37.5787638], [126.9895407, 37.5786706], [126.9896239, 37.5785559], [126.9896861, 37.5784542], [126.9897919, 37.5784086], [126.9900163, 37.5784606]]}, "properties": {"name": null, "source": "osm", "highway": "path"}}, {"type": "Feature", "geometry": {"type": "LineString", "coordinates": [[126.9917365, 37.5787692], [126.9919996, 37.5788607], [126.9924372, 37.5790192], [126.9927209, 37.5791562], [126.9928997, 37.5792481], [126.992937, 37.5794201], [126.9929537, 37.579497], [126.9929646, 37.5795453]]}, "properties": {"name": null, "source": "osm", "highway": "path"}}, {"type": "Feature", "geometry": {"type": "LineString", "coordinates": [[126.9905799, 37.5767967], [126.9909629, 37.5768392]]}, "properties": {"name": "율곡로8길", "source": "osm", "highway": "pedestrian"}}, {"type": "Feature", "geometry": {"type": "LineString", "coordinates": [[126.9907172, 37.5763268], [126.9910436, 37.5763652]]}, "properties": {"name": null, "source": "osm", "highway": "pedestrian"}}, {"type": "Feature", "geometry": {"type": "LineString", "coordinates": [[126.9916489, 37.5732512], [126.991858, 37.5733099]]}, "properties": {"name": null, "source": "osm", "highway": "pedestrian"}}, {"type": "Feature", "geometry": {"type": "LineString", "coordinates": [[126.990333, 37.5766721], [126.9906035, 37.5767158]]}, "properties": {"name": null, "source": "osm", "highway": "footway"}}, {"type": "Feature", "geometry": {"type": "LineString", "coordinates": [[126.9894302, 37.5737162], [126.9893792, 37.5739469], [126.9893767, 37.5739582]]}, "properties": {"name": null, "source": "osm", "highway": "footway"}}, {"type": "Feature", "geometry": {"type": "LineString", "coordinates": [[126.990979, 37.5767448], [126.9911889, 37.5767541], [126.9912896, 37.5767435], [126.991408, 37.5767157], [126.9915276, 37.5766876], [126.9914592, 37.5765278]]}, "properties": {"name": "율곡로10길", "source": "osm", "highway": "pedestrian"}}, {"type": "Feature", "geometry": {"type": "LineString", "coordinates": [[126.9916115, 37.5773384], [126.9918593, 37.5772232]]}, "properties": {"name": "서순라길", "source": "osm", "highway": "pedestrian"}}, {"type": "Feature", "geometry": {"type": "LineString", "coordinates": [[126.9916115, 37.5773384], [126.9915217, 37.5772351], [126.9914468, 37.5772077], [126.9913167, 37.5769525], [126.9914792, 37.5768799], [126.991408, 37.5767157]]}, "properties": {"name": "율곡로", "source": "osm", "highway": "pedestrian"}}, {"type": "Feature", "geometry": {"type": "LineString", "coordinates": [[126.9900694, 37.5772479], [126.9901622, 37.5772446], [126.9902624, 37.5772503]]}, "properties": {"name": null, "source": "osm", "highway": "footway"}}, {"type": "Feature", "geometry": {"type": "LineString", "coordinates": [[126.9908779, 37.5738031], [126.9911551, 37.5738596]]}, "properties": {"name": null, "source": "osm", "highway": "footway"}}]}