{"type": "FeatureCollection", "features": [{"type": "Feature", "geometry": {"type": "MultiLineString", "coordinates": [[[126.9816637, 37.5716656], [126.9814591, 37.5715564], [126.9816637, 37.5716656]], [[126.9818528, 37.5716033], [126.9817395, 37.5716184], [126.9816637, 37.5716656]], [[126.9816637, 37.5716656], [126.9817395, 37.5716184], [126.9818528, 37.5716033]], [[126.9818528, 37.5716033], [126.9819019, 37.5716115]], [[126.9819019, 37.5716115], [126.9818528, 37.5716033]], [[126.9821444, 37.5704], [126.9819183, 37.5707391], [126.9818387, 37.5709151], [126.9818528, 37.5716033]], [[126.9818528, 37.5716033], [126.9818387, 37.5709151], [126.9819183, 37.5707391], [126.9821444, 37.5704]], [[126.9824167, 37.5716334], [126.9819019, 37.5716115]], [[126.9819019, 37.5716115], [126.9824167, 37.5716334]], [[126.9821444, 37.5704], [126.9822589, 37.5702938], [126.9821444, 37.5704]], [[126.9824167, 37.5716334], [126.9829426, 37.5716423], [126.9830595, 37.5716453], [126.9829426, 37.5716423], [126.9824167, 37.5716334]]]}, "properties": {"name": "종로7길", "touristy_local": 0.333, "historic_contemporary": 0.333, "raw_polished": -1, "n_blogs": 15, "quiet_lively": 0.745, "local_chain": -0.28, "park": -1.0, "park_v2": -0.065, "park_canopy": 0.058, "park_traverse": 0.0, "park_dest": 0.0, "park_tier": 0, "park_access": null}}, {"type": "Feature", "geometry": {"type": "MultiLineString", "coordinates": [[[127.0072101, 37.5725123], [127.0069476, 37.5720584]], [[127.0069476, 37.5720584], [127.0072101, 37.5725123]], [[127.0069476, 37.5720584], [127.0068372, 37.5718772], [127.0067032, 37.5718111], [127.0068372, 37.5718772], [127.0069476, 37.5720584]], [[127.0072101, 37.5725123], [127.0074403, 37.5730157], [127.0072101, 37.5725123]]]}, "properties": {"name": "율곡로30길", "touristy_local": -1, "historic_contemporary": -1, "raw_polished": -1, "n_blogs": 15, "quiet_lively": 0.243, "local_chain": 0.964, "park": -1.0, "park_v2": -0.189, "park_canopy": 0.044, "park_traverse": 0.0, "park_dest": 0.0, "park_tier": 0, "park_access": null}}, {"type": "Feature", "geometry": {"type": "MultiLineString", "coordinates": [[[127.004514, 37.5812239], [127.0045633, 37.5813326]], [[127.0045633, 37.5813326], [127.004514, 37.5812239]], [[127.004514, 37.5812239], [127.0042272, 37.5811901], [127.004514, 37.5812239]], [[127.004514, 37.5812239], [127.004947, 37.5812124], [127.0051757, 37.581295], [127.0053509, 37.5812774], [127.0053922, 37.5812412], [127.0053907, 37.5810186], [127.0053506, 37.5808429], [127.0053907, 37.5810186], [127.0053922, 37.5812412], [127.0053509, 37.5812774], [127.0051757, 37.581295], [127.004947, 37.5812124], [127.004514, 37.5812239]], [[127.0046673, 37.5820897], [127.0046884, 37.5817288], [127.0046659, 37.5815588], [127.0045633, 37.5813326]], [[127.0045633, 37.5813326], [127.0046659, 37.5815588], [127.0046884, 37.5817288], [127.0046673, 37.5820897]], [[127.0046458, 37.5827212], [127.004595, 37.5830923], [127.0046458, 37.5827212]], [[127.0046458, 37.5827212], [127.0042121, 37.5826639], [127.0046458, 37.5827212]], [[127.0046458, 37.5827212], [127.0046673, 37.5820897]], [[127.0046673, 37.5820897], [127.0046458, 37.5827212]], [[127.0046673, 37.5820897], [127.005386, 37.582109], [127.0053223, 37.5823245], [127.005311, 37.5827748], [127.0052538, 37.5829985], [127.005342, 37.5830312], [127.0053396, 37.5831245], [127.005342, 37.5830312], [127.0052538, 37.5829985], [127.005311, 37.5827748], [127.0053223, 37.5823245], [127.005386, 37.582109], [127.0046673, 37.5820897]]]}, "properties": {"name": "동숭3길", "touristy_local": 1, "historic_contemporary": -0.333, "raw_polished": -1, "n_blogs": 15, "quiet_lively": -0.928, "local_chain": -0.273, "park": -0.825, "park_v2": 0.176, "park_canopy": 0.101, "park_traverse": 0.0, "park_dest": 0.0, "park_tier": 0, "park_access": null}}, {"type": "Feature", "geometry": {"type": "MultiLineString", "coordinates": [[[126.9857515, 37.5778775], [126.9856637, 37.5778827], [126.9857515, 37.5778775]], [[126.9857515, 37.5778775], [126.9857983, 37.5778748]], [[126.9857983, 37.5778748], [126.9857515, 37.5778775]], [[126.9860228, 37.5778788], [126.9857983, 37.5778748]], [[126.9857983, 37.5778748], [126.9860228, 37.5778788]], [[126.9860165, 37.578131], [126.9860219, 37.5782134], [126.9860165, 37.578131]], [[126.9860165, 37.578131], [126.9860228, 37.5778788]], [[126.9860228, 37.5778788], [126.9860165, 37.578131]], [[126.9860228, 37.5778788], [126.9863922, 37.5778956], [126.9867593, 37.5779108], [126.9863922, 37.5778956], [126.9860228, 37.5778788]]]}, "properties": {"name": "북촌로2길", "touristy_local": -0.2, "historic_contemporary": -0.333, "raw_polished": -1, "n_blogs": 15, "quiet_lively": -0.232, "local_chain": -0.194, "park": -1.0, "park_v2": 0.528, "park_canopy": 0.209, "park_traverse": 0.0, "park_dest": 0.0, "park_tier": 0, "park_access": null}}, {"type": "Feature", "geometry": {"type": "MultiLineString", "coordinates": [[[126.9857785, 37.56679], [126.9844819, 37.5668048], [126.9857785, 37.56679]], [[126.9857785, 37.56679], [126.9861279, 37.5667743], [126.987478, 37.5667661], [126.9861279, 37.5667743], [126.9857785, 37.56679]]]}, "properties": {"name": "삼일대로13길", "touristy_local": 0.333, "historic_contemporary": -0.5, "raw_polished": 1, "n_blogs": 15, "quiet_lively": null, "local_chain": 0.905, "park": -1.0, "park_v2": -0.645, "park_canopy": 0.0, "park_traverse": 0.0, "park_dest": 0.0, "park_tier": 0, "park_access": null}}, {"type": "Feature", "geometry": {"type": "MultiLineString", "coordinates": [[[126.9869691, 37.5705421], [126.9876278, 37.5705506]], [[126.9876278, 37.5705506], [126.9869691, 37.5705421]], [[126.9869691, 37.5705421], [126.9856895, 37.570538], [126.9869691, 37.5705421]], [[126.9876278, 37.5705506], [126.9876178, 37.5691646], [126.9874704, 37.5668339], [126.9874869, 37.5666631]], [[126.9877071, 37.5718027], [126.9879719, 37.5729276], [126.987958, 37.573074], [126.9877636, 37.5735102], [126.9870266, 37.5748535], [126.9863364, 37.5767128], [126.9861959, 37.5768371], [126.9862526, 37.5764715], [126.9867586, 37.5751097], [126.9871637, 37.5742867], [126.9876647, 37.5734485], [126.9878393, 37.5730845], [126.9878602, 37.5728804], [126.9878402, 37.5727237], [126.9876243, 37.5717236], [126.9875875, 37.5714009], [126.9876278, 37.5705506]], [[126.9876406, 37.5666628], [126.9878094, 37.5691089]], [[126.9878935, 37.5718811], [126.9877071, 37.5718027]], [[126.9877071, 37.5718027], [126.9878935, 37.5718811]], [[126.9878245, 37.5696234], [126.9878417, 37.5702966], [126.9877591, 37.5704673], [126.9876702, 37.5712472], [126.9876678, 37.5715571], [126.9877071, 37.5718027]], [[126.9878094, 37.5691089], [126.9883766, 37.5691211], [126.9886897, 37.5691634], [126.9883766, 37.5691211], [126.9878094, 37.5691089]], [[126.9878094, 37.5691089], [126.987816, 37.5693584]], [[126.987816, 37.5693584], [126.9880014, 37.5693634], [126.9885129, 37.5694664], [126.9880014, 37.5693634], [126.987816, 37.5693584]], [[126.987816, 37.5693584], [126.9878245, 37.5696234]], [[126.9885854, 37.5696593], [126.9878245, 37.5696234]], [[126.9878935, 37.5718811], [126.9881719, 37.5719824], [126.9878935, 37.5718811]]]}, "properties": {"name": "삼일대로", "touristy_local": 0, "historic_contemporary": -1, "raw_polished": null, "n_blogs": 15, "quiet_lively": 0.551, "local_chain": 0.806, "park": -0.395, "park_v2": 0.619, "park_canopy": 0.255, "park_traverse": 0.011, "park_dest": 0.0, "park_tier": 1, "park_access": "청계천공원"}}, {"type": "Feature", "geometry": {"type": "MultiLineString", "coordinates": [[[127.005635, 37.5682664], [127.0053587, 37.5683199], [127.005635, 37.5682664]], [[127.0066452, 37.5680707], [127.005635, 37.5682664]], [[127.005635, 37.5682664], [127.0066452, 37.5680707]], [[127.0072085, 37.5679697], [127.0066452, 37.5680707]], [[127.0066452, 37.5680707], [127.0072085, 37.5679697]], [[127.0072085, 37.5679697], [127.0076738, 37.5678599]], [[127.0076738, 37.5678599], [127.0072085, 37.5679697]], [[127.0076738, 37.5678599], [127.0084005, 37.5676735]], [[127.0084005, 37.5676735], [127.0076738, 37.5678599]], [[127.0084005, 37.5676735], [127.0086021, 37.5676144]], [[127.0086021, 37.5676144], [127.0084005, 37.5676735]], [[127.0086021, 37.5676144], [127.0087341, 37.5675757], [127.0086021, 37.5676144]]]}, "properties": {"name": "장충단로13길", "touristy_local": -1, "historic_contemporary": 0, "raw_polished": 1, "n_blogs": 15, "quiet_lively": 0.243, "local_chain": 0.793, "park": -0.986, "park_v2": 0.15, "park_canopy": 0.097, "park_traverse": 0.0, "park_dest": 0.0, "park_tier": 0, "park_access": null}}, {"type": "Feature", "geometry": {"type": "MultiLineString", "coordinates": [[[126.9908809, 37.5676246], [126.9908439, 37.5672628]], [[126.9908439, 37.5672628], [126.9908809, 37.5676246]], [[126.9908487, 37.5668192], [126.9908439, 37.5672628]], [[126.9908439, 37.5672628], [126.9908487, 37.5668192]], [[126.9908487, 37.5668192], [126.9908884, 37.5663388], [126.9908487, 37.5668192]], [[126.9908809, 37.5676246], [126.9909308, 37.5680767], [126.9908809, 37.5676246]]]}, "properties": {"name": "을지로11길", "touristy_local": 0, "historic_contemporary": -0.333, "raw_polished": -1, "n_blogs": 15, "quiet_lively": null, "local_chain": -0.697, "park": -0.897, "park_v2": 0.072, "park_canopy": 0.081, "park_traverse": 0.0, "park_dest": 0.0, "park_tier": 0, "park_access": null}}, {"type": "Feature", "geometry": {"type": "MultiLineString", "coordinates": [[[126.9926792, 37.5703257], [126.9926762, 37.5703945], [126.9926766, 37.5704335], [126.9926762, 37.5703945], [126.9926792, 37.5703257]], [[126.9927048, 37.5700493], [126.9926792, 37.5703257]], [[126.9926792, 37.5703257], [126.9927048, 37.5700493]], [[126.9927048, 37.5700493], [126.9927407, 37.569656], [126.9926508, 37.5693212], [126.9927407, 37.569656], [126.9927048, 37.5700493]]]}, "properties": {"name": "종로20길", "touristy_local": -0.333, "historic_contemporary": -1, "raw_polished": -1, "n_blogs": 15, "quiet_lively": 0.878, "local_chain": -0.697, "park": -1.0, "park_v2": -0.651, "park_canopy": 0.0, "park_traverse": 0.0, "park_dest": 0.0, "park_tier": 0, "park_access": null}}, {"type": "Feature", "geometry": {"type": "MultiLineString", "coordinates": [[[126.9843727, 37.5802946], [126.983766, 37.5805581], [126.9837414, 37.580659], [126.9838121, 37.5809356], [126.9837414, 37.580659], [126.983766, 37.5805581], [126.9843727, 37.5802946]], [[126.9843727, 37.5802946], [126.9842432, 37.5799234], [126.9841696, 37.579603], [126.9842432, 37.5799234], [126.9843727, 37.5802946]], [[126.9843727, 37.5802946], [126.9847249, 37.5802092]], [[126.9847249, 37.5802092], [126.9843727, 37.5802946]], [[126.9847249, 37.5802092], [126.9846868, 37.5800541], [126.984557, 37.5800564], [126.9845097, 37.5796493], [126.9845685, 37.5795943], [126.9845097, 37.5796493], [126.984557, 37.5800564], [126.9846868, 37.5800541], [126.9847249, 37.5802092]], [[126.9847249, 37.5802092], [126.9850378, 37.580164], [126.9847249, 37.5802092]]]}, "properties": {"name": "북촌로7길", "touristy_local": -0.25, "historic_contemporary": -0.6, "raw_polished": null, "n_blogs": 15, "quiet_lively": -0.312, "local_chain": -0.01, "park": -0.587, "park_v2": 0.606, "park_canopy": 0.253, "park_traverse": 0.0, "park_dest": 0.0, "park_tier": 0, "park_access": null}}, {"type": "Feature", "geometry": {"type": "MultiLineString", "coordinates": [[[126.9792122, 37.5757089], [126.9795255, 37.5757574]], [[126.97954, 37.5759024], [126.9788782, 37.5758228], [126.9792501, 37.5761501]]]}, "properties": {"name": "사직로", "touristy_local": -1, "historic_contemporary": null, "raw_polished": 1, "n_blogs": 15, "quiet_lively": 0.099, "local_chain": -0.697, "park": 0.063, "park_v2": 0.704, "park_canopy": 0.287, "park_traverse": 0.0, "park_dest": 0.0, "park_tier": 0, "park_access": null}}, {"type": "Feature", "geometry": {"type": "MultiLineString", "coordinates": [[[127.0093916, 37.5739171], [127.0092529, 37.5742431], [127.0093916, 37.5739171]], [[127.009575, 37.5735872], [127.0093916, 37.5739171]], [[127.0093916, 37.5739171], [127.009575, 37.5735872]], [[127.009575, 37.5735872], [127.0097669, 37.5732456]], [[127.0097669, 37.5732456], [127.009575, 37.5735872]], [[127.0097669, 37.5732456], [127.0099485, 37.573288], [127.0100122, 37.573498]], [[127.0100122, 37.573498], [127.0099485, 37.573288], [127.0097669, 37.5732456]], [[127.0098493, 37.5730493], [127.0097669, 37.5732456]], [[127.0097669, 37.5732456], [127.0098493, 37.5730493]], [[127.0099092, 37.5727709], [127.0098493, 37.5730493]], [[127.0098493, 37.5730493], [127.0099092, 37.5727709]], [[127.0099092, 37.5727709], [127.0098712, 37.5723855], [127.0098029, 37.572184], [127.0096484, 37.572149], [127.0098029, 37.572184], [127.0098712, 37.5723855], [127.0099092, 37.5727709]], [[127.0100122, 37.573498], [127.0100604, 37.5736346], [127.0100932, 37.5736755], [127.0100604, 37.5736346], [127.0100122, 37.573498]]]}, "properties": {"name": "낙산성곽1길", "touristy_local": null, "historic_contemporary": 0.333, "raw_polished": 1, "n_blogs": 13, "quiet_lively": -0.867, "local_chain": 0.299, "park": -0.723, "park_v2": 0.56, "park_canopy": 0.224, "park_traverse": 0.0, "park_dest": 0.0, "park_tier": 0, "park_access": null}}, {"type": "Feature", "geometry": {"type": "MultiLineString", "coordinates": [[[127.0067268, 37.5764882], [127.0066783, 37.5765313], [127.0066394, 37.5766021], [127.0066783, 37.5765313], [127.0067268, 37.5764882]], [[127.0070705, 37.5760949], [127.0067268, 37.5764882]], [[127.0067268, 37.5764882], [127.0070705, 37.5760949]], [[127.0068328, 37.5761029], [127.0065311, 37.5760781], [127.0068328, 37.5761029]], [[127.0068328, 37.5761029], [127.0070705, 37.5760949]], [[127.0070705, 37.5760949], [127.0068328, 37.5761029]], [[127.0070705, 37.5760949], [127.0073106, 37.5761273], [127.0074952, 37.5760754], [127.0073106, 37.5761273], [127.0070705, 37.5760949]], [[127.0070705, 37.5760949], [127.0071265, 37.5758642]], [[127.0071265, 37.5758642], [127.0070705, 37.5760949]], [[127.0071606, 37.5756848], [127.0071265, 37.5758642]], [[127.0071265, 37.5758642], [127.0071606, 37.5756848]], [[127.0071265, 37.5758642], [127.0075453, 37.5757893], [127.0071265, 37.5758642]], [[127.0072592, 37.5753606], [127.0071606, 37.5756848]], [[127.0071606, 37.5756848], [127.0072592, 37.5753606]], [[127.0073695, 37.5751669], [127.0072592, 37.5753606]], [[127.0072592, 37.5753606], [127.0073695, 37.5751669]], [[127.0074307, 37.5750705], [127.0073695, 37.5751669]], [[127.0073695, 37.5751669], [127.0074307, 37.5750705]], [[127.0076599, 37.5734311], [127.0074985, 37.5734009], [127.0073717, 37.5732957]], [[127.0073717, 37.5732957], [127.0074985, 37.5734009], [127.0076599, 37.5734311]], [[127.0073717, 37.5732957], [127.007266, 37.5732046], [127.0073717, 37.5732957]], [[127.0074307, 37.5750705], [127.0075752, 37.5748087], [127.0076445, 37.574748]], [[127.0076445, 37.574748], [127.0075752, 37.5748087], [127.0074307, 37.5750705]], [[127.0076021, 37.5736814], [127.0080425, 37.5737458]], [[127.0080425, 37.5737458], [127.0076021, 37.5736814]], [[127.0076021, 37.5736814], [127.0075068, 37.5739883], [127.0074587, 37.57409], [127.0075068, 37.5739883], [127.0076021, 37.5736814]], [[127.0076599, 37.5734311], [127.0076021, 37.5736814]], [[127.0076021, 37.5736814], [127.0076599, 37.5734311]], [[127.0076445, 37.574748], [127.0077386, 37.5748736], [127.0077194, 37.5749979], [127.0076642, 37.5750873], [127.0076662, 37.5751848], [127.0076642, 37.5750873], [127.0077194, 37.5749979], [127.0077386, 37.5748736], [127.0076445, 37.574748]], [[127.0077028, 37.5746968], [127.0076445, 37.574748]], [[127.0076445, 37.574748], [127.0077028, 37.5746968]], [[127.0076599, 37.5734311], [127.0078666, 37.5734457]], [[127.0078666, 37.5734457], [127.0076599, 37.5734311]], [[127.0077028, 37.5746968], [127.007817, 37.5746037], [127.0079004, 37.5744597]], [[127.0079004, 37.5744597], [127.007817, 37.5746037], [127.0077028, 37.5746968]], [[127.0078666, 37.5734457], [127.0081017, 37.5734555]], [[127.0081017, 37.5734555], [127.0078666, 37.5734457]], [[127.0079428, 37.5743391], [127.0079004, 37.5744597]], [[127.0079004, 37.5744597], [127.0079428, 37.5743391]], [[127.0079428, 37.5743391], [127.0079426, 37.5742165]], [[127.0079426, 37.5742165], [127.0079428, 37.5743391]], [[127.0080425, 37.5737458], [127.0079426, 37.5742165]], [[127.0079426, 37.5742165], [127.0080425, 37.5737458]], [[127.0081017, 37.5734555], [127.0080425, 37.5737458]], [[127.0080425, 37.5737458], [127.0081017, 37.5734555]], [[127.0081017, 37.5734555], [127.0082459, 37.5734574]], [[127.0082459, 37.5734574], [127.0081017, 37.5734555]], [[127.0082459, 37.5734574], [127.0086054, 37.5734531], [127.0082459, 37.5734574]]]}, "properties": {"name": "충신길", "touristy_local": 0.5, "historic_contemporary": 0, "raw_polished": null, "n_blogs": 15, "quiet_lively": 0.122, "local_chain": 0.484, "park": -0.958, "park_v2": -0.254, "park_canopy": 0.034, "park_traverse": 0.0, "park_dest": 0.0, "park_tier": 0, "park_access": null}}, {"type": "Feature", "geometry": {"type": "MultiLineString", "coordinates": [[[126.9881679, 37.5801552], [126.9881517, 37.5803312], [126.9884475, 37.5803373], [126.9881517, 37.5803312], [126.9881679, 37.5801552]], [[126.9881679, 37.5801552], [126.9881637, 37.5798644], [126.9878242, 37.5793392], [126.9881637, 37.5798644], [126.9881679, 37.5801552]]]}, "properties": {"name": "창덕궁1가길", "touristy_local": -0.6, "historic_contemporary": -0.6, "raw_polished": 0.333, "n_blogs": 15, "quiet_lively": -0.422, "local_chain": -0.697, "park": -1.0, "park_v2": 0.02, "park_canopy": 0.069, "park_traverse": 0.0, "park_dest": 0.0, "park_tier": 0, "park_access": null}}, {"type": "Feature", "geometry": {"type": "MultiLineString", "coordinates": [[[127.00833, 37.5747094], [127.0082635, 37.5747237], [127.0081873, 37.5745248]], [[127.0081873, 37.5745248], [127.0082635, 37.5747237], [127.00833, 37.5747094]], [[127.0081873, 37.5745248], [127.0080983, 37.5744107], [127.0079428, 37.5743391], [127.0080983, 37.5744107], [127.0081873, 37.5745248]], [[127.0081873, 37.5745248], [127.008291, 37.5745118], [127.0083801, 37.574215], [127.008291, 37.5745118], [127.0081873, 37.5745248]], [[127.00833, 37.5747094], [127.0083233, 37.574813], [127.0081081, 37.5747985], [127.0080976, 37.5748349], [127.0080021, 37.5748437], [127.0079737, 37.5749081], [127.0080021, 37.5748437], [127.0080976, 37.5748349], [127.0081081, 37.5747985], [127.0083233, 37.574813], [127.00833, 37.5747094]], [[127.00833, 37.5747094], [127.0084553, 37.5746432], [127.0086161, 37.5745669], [127.0084553, 37.5746432], [127.00833, 37.5747094]]]}, "properties": {"name": "충신1길", "touristy_local": 0.429, "historic_contemporary": -1, "raw_polished": 0, "n_blogs": 15, "quiet_lively": -0.951, "local_chain": -0.697, "park": -0.986, "park_v2": 0.658, "park_canopy": 0.265, "park_traverse": 0.0, "park_dest": 0.0, "park_tier": 0, "park_access": null}}, {"type": "Feature", "geometry": {"type": "MultiLineString", "coordinates": [[[126.992053, 37.5721407], [126.9922639, 37.5721989], [126.992053, 37.5721407]], [[126.992053, 37.5721407], [126.9920345, 37.5721561], [126.9918851, 37.572581], [126.9920345, 37.5721561], [126.992053, 37.5721407]], [[126.992053, 37.5721407], [126.992082, 37.5720498], [126.9920525, 37.5720403], [126.992251, 37.5714403], [126.9919479, 37.5713713], [126.992251, 37.5714403], [126.9920525, 37.5720403], [126.992082, 37.5720498], [126.992053, 37.5721407]]]}, "properties": {"name": "돈화문로8길", "touristy_local": -0.333, "historic_contemporary": -0.5, "raw_polished": -1, "n_blogs": 15, "quiet_lively": 0.878, "local_chain": 0.095, "park": -1.0, "park_v2": -0.658, "park_canopy": 0.0, "park_traverse": 0.0, "park_dest": 0.0, "park_tier": 0, "park_access": null}}, {"type": "Feature", "geometry": {"type": "MultiLineString", "coordinates": [[[127.0062062, 37.5731313], [127.0060643, 37.5734577], [127.0062062, 37.5731313]], [[127.0062062, 37.5731313], [127.0063438, 37.5728796]], [[127.0063438, 37.5728796], [127.0062062, 37.5731313]], [[127.0063596, 37.5728506], [127.0063438, 37.5728796]], [[127.0063438, 37.5728796], [127.0063596, 37.5728506]], [[127.0064359, 37.5726897], [127.0063596, 37.5728506]], [[127.0063596, 37.5728506], [127.0064359, 37.5726897]], [[127.0064359, 37.5726897], [127.0067902, 37.5728213], [127.0068084, 37.5729434], [127.0067902, 37.5728213], [127.0064359, 37.5726897]], [[127.0064359, 37.5726897], [127.0065536, 37.57243]], [[127.0065536, 37.57243], [127.0064359, 37.5726897]], [[127.0065536, 37.57243], [127.0066287, 37.5722643]], [[127.0066287, 37.5722643], [127.0065536, 37.57243]], [[127.0066665, 37.572181], [127.0066287, 37.5722643]], [[127.0066287, 37.5722643], [127.0066665, 37.572181]], [[127.0066665, 37.572181], [127.0066894, 37.5720896]], [[127.0066894, 37.5720896], [127.0066665, 37.572181]], [[127.0067032, 37.5718111], [127.0066894, 37.5720896]], [[127.0066894, 37.5720896], [127.0067032, 37.5718111]], [[127.0066894, 37.5720896], [127.0069476, 37.5720584], [127.0066894, 37.5720896]], [[127.0067032, 37.5718111], [127.0067463, 37.5713439], [127.0067032, 37.5718111]]]}, "properties": {"name": "종로41길", "touristy_local": 1, "historic_contemporary": -1, "raw_polished": 0, "n_blogs": 15, "quiet_lively": 0.243, "local_chain": -0.089, "park": -1.0, "park_v2": -0.378, "park_canopy": 0.019, "park_traverse": 0.0, "park_dest": 0.0, "park_tier": 0, "park_access": null}}, {"type": "Feature", "geometry": {"type": "LineString", "coordinates": [[126.9813231, 37.5691006], [126.9813597, 37.5691098], [126.98136, 37.5691242], [126.9813597, 37.5691098], [126.9813231, 37.5691006]]}, "properties": {"name": "광통교 진출입 계단 3번", "touristy_local": 0.333, "historic_contemporary": -0.5, "raw_polished": null, "n_blogs": 12, "quiet_lively": 0.346, "local_chain": 0.855, "park": 0.0, "park_v2": 0.984, "park_canopy": 1.0, "park_traverse": 0.0, "park_dest": 0.0, "park_tier": 0, "park_access": null}}, {"type": "Feature", "geometry": {"type": "MultiLineString", "coordinates": [[[127.0075483, 37.585026], [127.0077535, 37.5854063]], [[127.0077535, 37.5854063], [127.0075483, 37.585026]], [[127.0075483, 37.585026], [127.0072043, 37.5850473], [127.0075483, 37.585026]], [[127.0075483, 37.585026], [127.0077111, 37.5849928], [127.0078517, 37.5850492], [127.007998, 37.5850418], [127.0080587, 37.5851561]], [[127.0080587, 37.5851561], [127.007998, 37.5850418], [127.0078517, 37.5850492], [127.0077111, 37.5849928], [127.0075483, 37.585026]], [[127.0077535, 37.5854063], [127.0078016, 37.5854971], [127.0078967, 37.5857157]], [[127.0078967, 37.5857157], [127.0077535, 37.5854063]], [[127.0078967, 37.5857157], [127.0080808, 37.5860543], [127.008244, 37.5863629], [127.0080808, 37.5860543], [127.0078967, 37.5857157]], [[127.0081868, 37.5854191], [127.0079967, 37.5855123], [127.0079068, 37.585608], [127.0078967, 37.5857157]], [[127.0078967, 37.5857157], [127.0079068, 37.585608], [127.0079967, 37.5855123], [127.0081868, 37.5854191]], [[127.0081238, 37.5852814], [127.0080587, 37.5851561]], [[127.0080587, 37.5851561], [127.0081238, 37.5852814]], [[127.0081238, 37.5852814], [127.0081868, 37.5854191]], [[127.0081868, 37.5854191], [127.0081238, 37.5852814]], [[127.0081868, 37.5854191], [127.0082726, 37.5853919], [127.0085617, 37.5853014], [127.0082726, 37.5853919], [127.0081868, 37.5854191]]]}, "properties": {"name": "삼선교로8길", "touristy_local": 0, "historic_contemporary": 0, "raw_polished": -1, "n_blogs": 15, "quiet_lively": -0.293, "local_chain": -0.697, "park": -0.973, "park_v2": -0.202, "park_canopy": 0.043, "park_traverse": 0.0, "park_dest": 0.0, "park_tier": 0, "park_access": null}}, {"type": "Feature", "geometry": {"type": "MultiLineString", "coordinates": [[[126.999522, 37.5767767], [126.9993971, 37.5767328], [126.9990099, 37.5766524], [126.9993971, 37.5767328], [126.999522, 37.5767767]], [[126.9999862, 37.5764055], [126.9996615, 37.5766175], [126.999522, 37.5767767]], [[126.999522, 37.5767767], [126.9996615, 37.5766175], [126.9999862, 37.5764055]], [[126.9999862, 37.5764055], [127.0000832, 37.5766296]], [[127.0000832, 37.5766296], [126.9999862, 37.5764055]], [[126.9999862, 37.5764055], [127.0003088, 37.5762309]], [[127.0003088, 37.5762309], [126.9999862, 37.5764055]], [[127.0000832, 37.5766296], [127.000158, 37.5768062], [127.0001802, 37.5769006], [127.000158, 37.5768062], [127.0000832, 37.5766296]], [[127.0005834, 37.5762823], [127.0003564, 37.5762665], [127.0003088, 37.5762309]], [[127.0003088, 37.5762309], [127.0003564, 37.5762665], [127.0005834, 37.5762823]], [[127.0005536, 37.5765806], [127.000537, 37.5768289], [127.0005536, 37.5765806]], [[127.0005834, 37.5762823], [127.0005536, 37.5765806]], [[127.0005536, 37.5765806], [127.0005834, 37.5762823]], [[127.0005834, 37.5762823], [127.0006438, 37.5762864], [127.0008456, 37.5762644], [127.0006438, 37.5762864], [127.0005834, 37.5762823]]]}, "properties": {"name": "율곡로13가길", "touristy_local": 1, "historic_contemporary": 0, "raw_polished": 1, "n_blogs": 15, "quiet_lively": 0.403, "local_chain": 0.438, "park": -1.0, "park_v2": -0.228, "park_canopy": 0.04, "park_traverse": 0.0, "park_dest": 0.0, "park_tier": 0, "park_access": null}}, {"type": "Feature", "geometry": {"type": "MultiLineString", "coordinates": [[[126.9807917, 37.5810384], [126.9806016, 37.5811669], [126.9807917, 37.5810384]], [[126.9807917, 37.5810384], [126.9807371, 37.5807779], [126.9812132, 37.5807943], [126.9812505, 37.5807508], [126.9812719, 37.5805478]], [[126.9812719, 37.5805478], [126.9812505, 37.5807508], [126.9812132, 37.5807943], [126.9807371, 37.5807779], [126.9807917, 37.5810384]], [[126.9807917, 37.5810384], [126.9808211, 37.5810366], [126.9809834, 37.5811869], [126.9811448, 37.5812706], [126.9812743, 37.5813768], [126.9809834, 37.5811869], [126.9808211, 37.5810366], [126.9807917, 37.5810384]], [[126.9810431, 37.58011], [126.9810652, 37.5802156], [126.9810431, 37.58011]], [[126.9812293, 37.5800521], [126.9810431, 37.58011]], [[126.9810431, 37.58011], [126.9812293, 37.5800521]], [[126.9815044, 37.5803847], [126.9812293, 37.5800521]], [[126.9812293, 37.5800521], [126.9815044, 37.5803847]], [[126.9812293, 37.5800521], [126.9811345, 37.5798792], [126.9812293, 37.5800521]], [[126.9812293, 37.5800521], [126.9813775, 37.5800448], [126.9816088, 37.5800105], [126.9813775, 37.5800448], [126.9812293, 37.5800521]], [[126.9812719, 37.5805478], [126.9815032, 37.580583], [126.9814826, 37.5806492], [126.9815032, 37.580583], [126.9812719, 37.5805478]], [[126.9815044, 37.5803847], [126.9812867, 37.5804563], [126.9812719, 37.5805478]], [[126.9812719, 37.5805478], [126.9812867, 37.5804563], [126.9815044, 37.5803847]], [[126.9815044, 37.5803847], [126.9815507, 37.5804148], [126.981764, 37.5804909], [126.9818844, 37.5805389], [126.9815044, 37.5803847]]]}, "properties": {"name": "삼청로2길", "touristy_local": 0.2, "historic_contemporary": 0, "raw_polished": 1, "n_blogs": 15, "quiet_lively": 0.004, "local_chain": -0.174, "park": -0.429, "park_v2": 0.586, "park_canopy": 0.245, "park_traverse": 0.0, "park_dest": 0.0, "park_tier": 0, "park_access": null}}, {"type": "Feature", "geometry": {"type": "MultiLineString", "coordinates": [[[126.9849866, 37.5748422], [126.9846851, 37.5747678]], [[126.9846851, 37.5747678], [126.9849866, 37.5748422]], [[126.9847926, 37.5751214], [126.9847494, 37.5750643], [126.9847494, 37.5748996], [126.9846851, 37.5747678]], [[126.9846851, 37.5747678], [126.9847494, 37.5748996], [126.9847494, 37.5750643], [126.9847926, 37.5751214]], [[126.9846851, 37.5747678], [126.9842887, 37.5747312], [126.9840589, 37.5746176], [126.9842887, 37.5747312], [126.9846851, 37.5747678]], [[126.9854368, 37.5749737], [126.9852695, 37.5753032], [126.984809, 37.5752085], [126.9847926, 37.5751214]], [[126.9847926, 37.5751214], [126.984809, 37.5752085], [126.9852695, 37.5753032], [126.9854368, 37.5749737]], [[126.9849866, 37.5748422], [126.9852636, 37.5749231]], [[126.9852636, 37.5749231], [126.9849866, 37.5748422]], [[126.9854368, 37.5749737], [126.9852636, 37.5749231]], [[126.9852636, 37.5749231], [126.9854368, 37.5749737]], [[126.9854368, 37.5749737], [126.9855289, 37.5747721], [126.9854368, 37.5749737]]]}, "properties": {"name": "인사동14길", "touristy_local": 0.333, "historic_contemporary": -1, "raw_polished": 1, "n_blogs": 15, "quiet_lively": 0.551, "local_chain": -0.697, "park": -1.0, "park_v2": -0.997, "park_canopy": 0.0, "park_traverse": 0.0, "park_dest": 0.0, "park_tier": 0, "park_access": null}}, {"type": "Feature", "geometry": {"type": "MultiLineString", "coordinates": [[[126.9897823, 37.57288], [126.9895365, 37.572847]], [[126.9895365, 37.572847], [126.9897823, 37.57288]], [[126.9895365, 37.572847], [126.989519, 37.5737252], [126.9895365, 37.572847]], [[126.9895365, 37.572847], [126.9890303, 37.5728605], [126.9888167, 37.5728038], [126.9885717, 37.5726675], [126.9888167, 37.5728038], [126.9890303, 37.5728605], [126.9895365, 37.572847]], [[126.9897823, 37.57288], [126.9899251, 37.5729143]], [[126.9899251, 37.5729143], [126.9897823, 37.57288]], [[126.9897823, 37.57288], [126.9897856, 37.5737219], [126.9897823, 37.57288]], [[126.9901554, 37.5729635], [126.9899251, 37.5729143]], [[126.9899251, 37.5729143], [126.9901554, 37.5729635]], [[126.9901748, 37.5731266], [126.9901554, 37.5729635]], [[126.9901554, 37.5729635], [126.9901748, 37.5731266]], [[126.9901748, 37.5731266], [126.9905858, 37.5732129]], [[126.9905858, 37.5732129], [126.9901748, 37.5731266]], [[126.9901748, 37.5731266], [126.9901687, 37.5737322], [126.9901748, 37.5731266]], [[126.9905858, 37.5732129], [126.9907579, 37.5733099]], [[126.9907579, 37.5733099], [126.9905858, 37.5732129]], [[126.9907579, 37.5733099], [126.9908271, 37.5733587], [126.9909963, 37.5734348], [126.9908271, 37.5733587], [126.9907579, 37.5733099]]]}, "properties": {"name": "수표로28길", "touristy_local": -0.333, "historic_contemporary": 0, "raw_polished": -1, "n_blogs": 15, "quiet_lively": null, "local_chain": -0.319, "park": -1.0, "park_v2": -0.99, "park_canopy": 0.0, "park_traverse": 0.0, "park_dest": 0.0, "park_tier": 0, "park_access": null}}, {"type": "Feature", "geometry": {"type": "MultiLineString", "coordinates": [[[127.0071833, 37.5850216], [127.0072043, 37.5850473]], [[127.0072043, 37.5850473], [127.0071833, 37.5850216]], [[127.0071833, 37.5850216], [127.0071567, 37.584888], [127.0072934, 37.5846369], [127.0073204, 37.5844777]], [[127.0073204, 37.5844777], [127.0072934, 37.5846369], [127.0071567, 37.584888], [127.0071833, 37.5850216]], [[127.0072043, 37.5850473], [127.0072284, 37.5851719], [127.0072122, 37.5854971], [127.0072079, 37.5855996]], [[127.0072079, 37.5855996], [127.0072284, 37.5851719], [127.0072043, 37.5850473]], [[127.0072079, 37.5855996], [127.007203, 37.5857167], [127.0071377, 37.5859981], [127.007203, 37.5857167], [127.0072079, 37.5855996]], [[127.0072079, 37.5855996], [127.0077535, 37.5854063], [127.0072079, 37.5855996]], [[127.0072634, 37.5840178], [127.0074885, 37.5840236], [127.0077719, 37.5841049], [127.0074885, 37.5840236], [127.0072634, 37.5840178]], [[127.0073204, 37.5844777], [127.0071966, 37.5843858], [127.0072634, 37.5840178]], [[127.0072634, 37.5840178], [127.0071966, 37.5843858], [127.0073204, 37.5844777]], [[127.0073268, 37.5836112], [127.0072634, 37.5840178]], [[127.0072634, 37.5840178], [127.0073268, 37.5836112]], [[127.0073268, 37.5836112], [127.0074614, 37.5833908], [127.0074493, 37.5831114], [127.0075195, 37.5828333], [127.0078851, 37.5826794]], [[127.0078851, 37.5826794], [127.0075195, 37.5828333], [127.0074493, 37.5831114], [127.0074614, 37.5833908], [127.0073268, 37.5836112]], [[127.0078851, 37.5826794], [127.0079857, 37.5827876], [127.0079656, 37.5828853], [127.0081929, 37.583099], [127.0079656, 37.5828853], [127.0079857, 37.5827876], [127.0078851, 37.5826794]], [[127.0078851, 37.5826794], [127.0082859, 37.582476], [127.0085992, 37.5824324], [127.0082859, 37.582476], [127.0078851, 37.5826794]]]}, "properties": {"name": "삼선교로4길", "touristy_local": 0.333, "historic_contemporary": 1, "raw_polished": -1, "n_blogs": 15, "quiet_lively": -0.293, "local_chain": -0.697, "park": -0.31, "park_v2": 0.782, "park_canopy": 0.411, "park_traverse": 0.0, "park_dest": 0.0, "park_tier": 0, "park_access": null}}, {"type": "Feature", "geometry": {"type": "MultiLineString", "coordinates": [[[127.0058365, 37.5724534], [127.0062335, 37.5727611]], [[127.0062335, 37.5727611], [127.0058365, 37.5724534]], [[127.0058365, 37.5724534], [127.0055899, 37.5722694], [127.0055038, 37.5721958], [127.0055899, 37.5722694], [127.0058365, 37.5724534]], [[127.0062335, 37.5727611], [127.0062517, 37.5727739], [127.0063596, 37.5728506], [127.0062517, 37.5727739], [127.0062335, 37.5727611]]]}, "properties": {"name": "종로41가길", "touristy_local": 0.5, "historic_contemporary": 0.5, "raw_polished": 0.6, "n_blogs": 15, "quiet_lively": 0.243, "local_chain": -0.697, "park": -1.0, "park_v2": -0.599, "park_canopy": 0.001, "park_traverse": 0.0, "park_dest": 0.0, "park_tier": 0, "park_access": null}}, {"type": "Feature", "geometry": {"type": "MultiLineString", "coordinates": [[[126.9991048, 37.5678379], [126.9996874, 37.5678773]], [[126.9996874, 37.5678773], [127.0011269, 37.5679058]], [[126.9996874, 37.5678773], [126.9996817, 37.5679315], [126.9997135, 37.5679582]], [[126.9997135, 37.5679582], [126.9996817, 37.5679315], [126.9996874, 37.5678773]], [[126.9996874, 37.5678773], [126.9996894, 37.5677587]], [[126.9996894, 37.5677587], [126.9996874, 37.5678773]], [[126.9996894, 37.5677587], [126.9996925, 37.5676604]], [[126.9996925, 37.5676604], [126.9996894, 37.5677587]], [[126.9996925, 37.5676604], [126.9996972, 37.5675776]], [[126.9996972, 37.5675776], [126.9996925, 37.5676604]], [[126.9996972, 37.5675776], [126.9996938, 37.5675066], [126.9996972, 37.5675776]], [[126.9996972, 37.5675776], [126.9998666, 37.5675184], [126.9996972, 37.5675776]], [[126.9997135, 37.5679582], [126.9997377, 37.5680278]], [[126.9997377, 37.5680278], [126.9997135, 37.5679582]], [[126.9997211, 37.568162], [126.9997417, 37.5682493]], [[126.9997417, 37.5682493], [126.9997211, 37.568162]], [[126.9997211, 37.568162], [126.999725, 37.5681302]], [[126.999725, 37.5681302], [126.9997211, 37.568162]], [[126.9997377, 37.5680278], [126.999725, 37.5681302]], [[126.999725, 37.5681302], [126.9997377, 37.5680278]], [[126.9997417, 37.5682493], [126.999749, 37.5682758], [126.9997523, 37.5683271], [126.999749, 37.5682758], [126.9997417, 37.5682493]], [[127.0000927, 37.5679902], [127.0002469, 37.5679789], [127.0000927, 37.5679902]]]}, "properties": {"name": "을지로27가길", "touristy_local": -0.333, "historic_contemporary": 1, "raw_polished": null, "n_blogs": 15, "quiet_lively": null, "local_chain": -0.697, "park": -1.0, "park_v2": -0.984, "park_canopy": 0.0, "park_traverse": 0.0, "park_dest": 0.0, "park_tier": 0, "park_access": null}}, {"type": "Feature", "geometry": {"type": "LineString", "coordinates": [[126.9952829, 37.5705145], [126.9953547, 37.5701501], [126.9953829, 37.5699131], [126.9955413, 37.5687537], [126.9952829, 37.5705145]]}, "properties": {"name": "종로28길", "touristy_local": -0.333, "historic_contemporary": -0.5, "raw_polished": null, "n_blogs": 15, "quiet_lively": 0.878, "local_chain": -0.697, "park": 1.0, "park_v2": 0.906, "park_canopy": 0.794, "park_traverse": 0.0, "park_dest": 0.0, "park_tier": 0, "park_access": null}}, {"type": "Feature", "geometry": {"type": "MultiLineString", "coordinates": [[[127.0049556, 37.5804834], [127.0044295, 37.580483], [127.0049556, 37.5804834]], [[127.0049556, 37.5804834], [127.0057518, 37.5804795], [127.0058651, 37.5805326]], [[127.0058651, 37.5805326], [127.0057518, 37.5804795], [127.0049556, 37.5804834]], [[127.0065665, 37.5803395], [127.0064666, 37.5803632], [127.0062051, 37.5805963], [127.0061032, 37.5806474], [127.0059662, 37.5806262], [127.0058651, 37.5805326]], [[127.0058651, 37.5805326], [127.0059662, 37.5806262], [127.0061032, 37.5806474], [127.0062051, 37.5805963], [127.0064666, 37.5803632], [127.0065665, 37.5803395]], [[127.0065665, 37.5803395], [127.0068425, 37.5789965], [127.0069155, 37.5789013], [127.0070254, 37.5788426], [127.0072116, 37.5788012], [127.0070254, 37.5788426], [127.0069155, 37.5789013], [127.0068425, 37.5789965], [127.0065665, 37.5803395]], [[127.0065665, 37.5803395], [127.0067223, 37.580338], [127.0068256, 37.5802633], [127.0070003, 37.5802282]], [[127.0070003, 37.5802282], [127.0068256, 37.5802633], [127.0067223, 37.580338], [127.0065665, 37.5803395]], [[127.0070003, 37.5802282], [127.0069296, 37.5804002], [127.0068229, 37.5807119], [127.006733, 37.5810637], [127.0065904, 37.5813993], [127.0065956, 37.5814456], [127.0066224, 37.5814908], [127.0067352, 37.5814694], [127.0070323, 37.5812021], [127.0071436, 37.5811664]], [[127.0071436, 37.5811664], [127.0070323, 37.5812021], [127.0067352, 37.5814694], [127.0066224, 37.5814908], [127.0065956, 37.5814456], [127.0065904, 37.5813993], [127.006733, 37.5810637], [127.0068229, 37.5807119], [127.0070003, 37.5802282]], [[127.0071436, 37.5811664], [127.0071912, 37.5813135], [127.0071933, 37.5813769], [127.0071442, 37.5815811], [127.007156, 37.5817283], [127.00724, 37.5817875], [127.0073917, 37.5818107]], [[127.0073917, 37.5818107], [127.007372, 37.5818033], [127.00724, 37.5817875], [127.007156, 37.5817283], [127.0071442, 37.5815811], [127.0071933, 37.5813769], [127.0071912, 37.5813135], [127.0071511, 37.5812044], [127.0071436, 37.5811664]], [[127.0075115, 37.5816674], [127.0073917, 37.5818107]], [[127.0073917, 37.5818107], [127.0075115, 37.5816674]], [[127.0081632, 37.5811881], [127.0078869, 37.5814958], [127.0075115, 37.5816674]], [[127.0075115, 37.5816674], [127.0078869, 37.5814958], [127.0081632, 37.5811881]], [[127.0081632, 37.5811881], [127.0083798, 37.5810072], [127.0084295, 37.5808541]], [[127.0084295, 37.5808541], [127.0083798, 37.5810072], [127.0081632, 37.5811881]], [[127.0084295, 37.5808541], [127.0084533, 37.5806839], [127.0085967, 37.5805469]], [[127.0085967, 37.5805469], [127.0084533, 37.5806839], [127.0084295, 37.5808541]], [[127.0089539, 37.5804586], [127.0085967, 37.5805469]], [[127.0085967, 37.5805469], [127.0089539, 37.5804586]], [[127.0103565, 37.5802111], [127.0099703, 37.5801891], [127.0089539, 37.5804586]], [[127.0089539, 37.5804586], [127.0099703, 37.5801891], [127.0103565, 37.5802111]], [[127.0103565, 37.5802111], [127.0105064, 37.5802597], [127.0103565, 37.5802111]]]}, "properties": {"name": "낙산길", "touristy_local": 0.5, "historic_contemporary": 0, "raw_polished": null, "n_blogs": 15, "quiet_lively": -0.852, "local_chain": -0.697, "park": -0.072, "park_v2": 0.971, "park_canopy": 0.812, "park_traverse": 0.289, "park_dest": 0.289, "park_tier": 2, "park_access": "낙산공원"}}, {"type": "Feature", "geometry": {"type": "MultiLineString", "coordinates": [[[127.0094372, 37.572858], [127.0091746, 37.5729065], [127.0094372, 37.572858]], [[127.0099092, 37.5727709], [127.0094372, 37.572858]], [[127.0094372, 37.572858], [127.0099092, 37.5727709]], [[127.0101147, 37.5727292], [127.0099092, 37.5727709]], [[127.0099092, 37.5727709], [127.0101147, 37.5727292]], [[127.0101147, 37.5727292], [127.0101322, 37.5730966], [127.0101147, 37.5727292]]]}, "properties": {"name": "창신2길", "touristy_local": 0, "historic_contemporary": 0.333, "raw_polished": -1, "n_blogs": 15, "quiet_lively": -0.867, "local_chain": -0.697, "park": -0.795, "park_v2": 0.436, "park_canopy": 0.173, "park_traverse": 0.0, "park_dest": 0.0, "park_tier": 0, "park_access": null}}, {"type": "Feature", "geometry": {"type": "MultiLineString", "coordinates": [[[126.9926508, 37.5693212], [126.9922502, 37.5692801], [126.9926508, 37.5693212]], [[126.9926508, 37.5693212], [126.9926651, 37.569319]], [[126.9926651, 37.569319], [126.9926508, 37.5693212]], [[126.9927758, 37.5693069], [126.9926651, 37.569319]], [[126.9926651, 37.569319], [126.9927758, 37.5693069]], [[126.9927758, 37.5693069], [126.9927832, 37.5690615], [126.9927758, 37.5693069]], [[126.9927758, 37.5693069], [126.9929575, 37.569294]], [[126.9929575, 37.569294], [126.9927758, 37.5693069]], [[126.9929575, 37.569294], [126.9930383, 37.5692976]], [[126.9930383, 37.5692976], [126.9929575, 37.569294]], [[126.9930503, 37.5692981], [126.9930383, 37.5692976]], [[126.9930383, 37.5692976], [126.9930503, 37.5692981]], [[126.993357, 37.569308], [126.9930503, 37.5692981]], [[126.9930503, 37.5692981], [126.993357, 37.569308]], [[126.993357, 37.569308], [126.9937985, 37.5693039]], [[126.9937985, 37.5693039], [126.993357, 37.569308]], [[126.9940383, 37.5693016], [126.9937985, 37.5693039]], [[126.9937985, 37.5693039], [126.9940383, 37.5693016]], [[126.9940383, 37.5693016], [126.9941062, 37.5696396]], [[126.9941062, 37.5696396], [126.9940383, 37.5693016]], [[126.9940383, 37.5693016], [126.9943675, 37.569288]], [[126.9943675, 37.569288], [126.9940383, 37.5693016]], [[126.9941062, 37.5696396], [126.9941085, 37.5696509], [126.9941828, 37.5701135], [126.9941085, 37.5696509], [126.9941062, 37.5696396]], [[126.9945933, 37.5692787], [126.9943675, 37.569288]], [[126.9943675, 37.569288], [126.9945933, 37.5692787]], [[126.9945933, 37.5692787], [126.9950276, 37.5692514], [126.9945933, 37.5692787]]]}, "properties": {"name": "돈화문로2길", "touristy_local": 0, "historic_contemporary": -1, "raw_polished": -1, "n_blogs": 15, "quiet_lively": 0.878, "local_chain": -0.697, "park": -0.908, "park_v2": -0.117, "park_canopy": 0.052, "park_traverse": 0.0, "park_dest": 0.0, "park_tier": 0, "park_access": null}}, {"type": "Feature", "geometry": {"type": "MultiLineString", "coordinates": [[[126.9900889, 37.5716302], [126.9903604, 37.5716617], [126.9904812, 37.5712493], [126.9903604, 37.5716617], [126.9900889, 37.5716302]], [[126.9900889, 37.5716302], [126.9891853, 37.5715615], [126.9900889, 37.5716302]], [[126.9910945, 37.5718761], [126.9914177, 37.5719506]], [[126.9914177, 37.5719506], [126.9910945, 37.5718761]], [[126.9910945, 37.5718761], [126.9910136, 37.5719958], [126.9910945, 37.5718761]], [[126.9910945, 37.5718761], [126.9909752, 37.5717745], [126.9906821, 37.5716755], [126.9909752, 37.5717745], [126.9910945, 37.5718761]], [[126.9914177, 37.5719506], [126.9917455, 37.5720092], [126.9914177, 37.5719506]]]}, "properties": {"name": "돈화문로9길", "touristy_local": 1, "historic_contemporary": -0.6, "raw_polished": -1, "n_blogs": 15, "quiet_lively": null, "local_chain": 0.122, "park": -1.0, "park_v2": -0.423, "park_canopy": 0.014, "park_traverse": 0.0, "park_dest": 0.0, "park_tier": 0, "park_access": null}}, {"type": "Feature", "geometry": {"type": "MultiLineString", "coordinates": [[[127.0091268, 37.5758765], [127.009183, 37.5758766]], [[127.009183, 37.5758766], [127.0091268, 37.5758765]], [[127.0091268, 37.5758765], [127.0089758, 37.575879], [127.0091268, 37.5758765]], [[127.0093063, 37.5758769], [127.009183, 37.5758766]], [[127.009183, 37.5758766], [127.0093063, 37.5758769]], [[127.0093063, 37.5758769], [127.0095116, 37.5758695]], [[127.0095116, 37.5758695], [127.0093063, 37.5758769]], [[127.0095116, 37.5758695], [127.0095319, 37.5760367]], [[127.0095319, 37.5760367], [127.0095116, 37.5758695]], [[127.0096877, 37.5758589], [127.0095116, 37.5758695]], [[127.0095116, 37.5758695], [127.0096877, 37.5758589]], [[127.0095319, 37.5760367], [127.0095538, 37.5762165], [127.009446, 37.57657], [127.0095538, 37.5762165], [127.0095319, 37.5760367]], [[127.0096877, 37.5758589], [127.0099667, 37.5758076]], [[127.0099667, 37.5758076], [127.0096877, 37.5758589]], [[127.0102173, 37.5757303], [127.0099667, 37.5758076]], [[127.0099667, 37.5758076], [127.0102173, 37.5757303]], [[127.0102173, 37.5757303], [127.0104579, 37.5757846], [127.0102173, 37.5757303]]]}, "properties": {"name": "창신7길", "touristy_local": -0.2, "historic_contemporary": -0.5, "raw_polished": null, "n_blogs": 15, "quiet_lively": -0.89, "local_chain": -0.697, "park": -0.873, "park_v2": 0.397, "park_canopy": 0.159, "park_traverse": 0.0, "park_dest": 0.0, "park_tier": 0, "park_access": null}}, {"type": "Feature", "geometry": {"type": "MultiLineString", "coordinates": [[[127.0000423, 37.5820498], [127.0000544, 37.5821591], [127.0000423, 37.5820498]], [[127.0000423, 37.5820498], [126.9996752, 37.5818635], [126.9994074, 37.5818025], [126.9991137, 37.5818256], [126.9985693, 37.5817776], [126.9982629, 37.5818022], [126.9977699, 37.5818997], [126.9982629, 37.5818022], [126.9985693, 37.5817776], [126.9991137, 37.5818256], [126.9994074, 37.5818025], [126.9996752, 37.5818635], [127.0000423, 37.5820498]]]}, "properties": {"name": "창경궁로26길", "touristy_local": 0.333, "historic_contemporary": -1, "raw_polished": -0.5, "n_blogs": 15, "quiet_lively": -0.072, "local_chain": 0.648, "park": -1.0, "park_v2": 0.065, "park_canopy": 0.08, "park_traverse": 0.0, "park_dest": 0.0, "park_tier": 0, "park_access": null}}, {"type": "Feature", "geometry": {"type": "MultiLineString", "coordinates": [[[126.9957456, 37.5666262], [126.9957008, 37.5667429], [126.9957456, 37.5666262]], [[126.9957456, 37.5666262], [126.9958041, 37.5664252], [126.9957456, 37.5666262]], [[126.9953238, 37.5667309], [126.9953384, 37.5665949], [126.9953238, 37.5667309]]]}, "properties": {"name": "공중보행로", "touristy_local": 0, "historic_contemporary": 1, "raw_polished": -1, "n_blogs": 15, "quiet_lively": 0.878, "local_chain": -0.697, "park": 0.0, "park_v2": 0.919, "park_canopy": 0.829, "park_traverse": 0.0, "park_dest": 0.0, "park_tier": 0, "park_access": null}}, {"type": "Feature", "geometry": {"type": "LineString", "coordinates": [[127.0101071, 37.5701259], [127.0100296, 37.5700458], [127.0098758, 37.5700226], [127.0097988, 37.5700745], [127.0096947, 37.5703242]]}, "properties": {"name": "종로46길", "touristy_local": -1, "historic_contemporary": -1, "raw_polished": 1, "n_blogs": 15, "quiet_lively": 0.084, "local_chain": 0.819, "park": 0.514, "park_v2": 0.554, "park_canopy": 0.219, "park_traverse": 0.0, "park_dest": 0.0, "park_tier": 0, "park_access": null}}, {"type": "Feature", "geometry": {"type": "MultiLineString", "coordinates": [[[126.9984072, 37.5752782], [126.9979853, 37.5751418]], [[126.9979853, 37.5751418], [126.9984072, 37.5752782]], [[126.9979853, 37.5751418], [126.9977085, 37.5750655], [126.9974063, 37.5750635], [126.9977085, 37.5750655], [126.9979853, 37.5751418]], [[126.9984072, 37.5752782], [126.999209, 37.5755401]], [[126.999209, 37.5755401], [126.9984072, 37.5752782]], [[126.999209, 37.5755401], [126.9993007, 37.5755796], [126.9993613, 37.5759065], [126.9993007, 37.5755796], [126.999209, 37.5755401]], [[126.999209, 37.5755401], [126.9993387, 37.5752959], [126.999209, 37.5755401]]]}, "properties": {"name": "창경궁로20길", "touristy_local": -0.333, "historic_contemporary": -1, "raw_polished": -0.5, "n_blogs": 15, "quiet_lively": -0.205, "local_chain": -0.257, "park": -1.0, "park_v2": -0.951, "park_canopy": 0.0, "park_traverse": 0.0, "park_dest": 0.0, "park_tier": 0, "park_access": null}}, {"type": "Feature", "geometry": {"type": "MultiLineString", "coordinates": [[[126.983685, 37.5737515], [126.9829707, 37.5737285], [126.983685, 37.5737515]], [[126.983685, 37.5737515], [126.9838, 37.5737442]], [[126.9838, 37.5737442], [126.983685, 37.5737515]], [[126.9838, 37.5737442], [126.9837765, 37.5739382], [126.9838, 37.5737442]], [[126.9838, 37.5737442], [126.9838781, 37.5737392], [126.9843726, 37.5739748], [126.9846443, 37.5741531], [126.9843726, 37.5739748], [126.9838781, 37.5737392], [126.9838, 37.5737442]]]}, "properties": {"name": "인사동11길", "touristy_local": 0, "historic_contemporary": -0.2, "raw_polished": 0, "n_blogs": 15, "quiet_lively": 0.551, "local_chain": -0.697, "park": -1.0, "park_v2": -0.482, "park_canopy": 0.008, "park_traverse": 0.0, "park_dest": 0.0, "park_tier": 0, "park_access": null}}, {"type": "Feature", "geometry": {"type": "MultiLineString", "coordinates": [[[127.004194, 37.5762297], [127.0038969, 37.5761937], [127.0038528, 37.5760479], [127.0038969, 37.5761937], [127.004194, 37.5762297]], [[127.0049878, 37.5761885], [127.004194, 37.5762297]], [[127.004194, 37.5762297], [127.0045776, 37.5761922], [127.0049878, 37.5761885]], [[127.0048003, 37.5768368], [127.0048887, 37.5768376], [127.0058239, 37.5768318], [127.0048887, 37.5768376], [127.0048003, 37.5768368]], [[127.0049878, 37.5761885], [127.0050066, 37.5765521], [127.0049758, 37.5766362], [127.0048003, 37.5768368]], [[127.0048003, 37.5768368], [127.0049758, 37.5766362], [127.0050066, 37.5765521], [127.0049878, 37.5761885]], [[127.0049591, 37.5759695], [127.0052476, 37.5759926], [127.0056101, 37.5760916], [127.0056738, 37.5760576], [127.0056101, 37.5760916], [127.0052476, 37.5759926], [127.0049591, 37.5759695]], [[127.0049591, 37.5759695], [127.0049878, 37.5761885]], [[127.0049878, 37.5761885], [127.0049591, 37.5759695]], [[127.0049591, 37.5759695], [127.0047396, 37.5759446], [127.0044885, 37.5758853], [127.0047396, 37.5759446], [127.0049591, 37.5759695]], [[127.0049591, 37.5759695], [127.0049342, 37.5758391], [127.0048228, 37.5757093], [127.0049342, 37.5758391], [127.0049591, 37.5759695]]]}, "properties": {"name": "율곡로17길", "touristy_local": 0.2, "historic_contemporary": 0.333, "raw_polished": null, "n_blogs": 15, "quiet_lively": -0.323, "local_chain": 0.003, "park": -1.0, "park_v2": -0.945, "park_canopy": 0.0, "park_traverse": 0.0, "park_dest": 0.0, "park_tier": 0, "park_access": null}}, {"type": "Feature", "geometry": {"type": "MultiLineString", "coordinates": [[[127.0044436, 37.5727843], [127.00426, 37.5733928], [127.0042047, 37.5734947], [127.00426, 37.5733928], [127.0044436, 37.5727843]], [[127.0047859, 37.5725611], [127.0044972, 37.5727046], [127.0044436, 37.5727843]], [[127.0044436, 37.5727843], [127.0044972, 37.5727046], [127.0047859, 37.5725611]], [[127.0047859, 37.5725611], [127.0049865, 37.5724611]], [[127.0049865, 37.5724611], [127.0047859, 37.5725611]], [[127.0049865, 37.5724611], [127.0054231, 37.5727911], [127.0056201, 37.5726339]], [[127.0056201, 37.5726339], [127.0054231, 37.5727911], [127.0049865, 37.5724611]], [[127.0052413, 37.5723341], [127.0049865, 37.5724611]], [[127.0049865, 37.5724611], [127.0052413, 37.5723341]], [[127.0052413, 37.5723341], [127.0056201, 37.5726339]], [[127.0056201, 37.5726339], [127.0052413, 37.5723341]], [[127.0055038, 37.5721958], [127.0052413, 37.5723341]], [[127.0052413, 37.5723341], [127.0055038, 37.5721958]], [[127.0058145, 37.5720261], [127.0055038, 37.5721958]], [[127.0055038, 37.5721958], [127.0058145, 37.5720261]], [[127.0056201, 37.5726339], [127.0057041, 37.5725669], [127.0058365, 37.5724534], [127.0057041, 37.5725669], [127.0056201, 37.5726339]], [[127.0062496, 37.5716254], [127.0061325, 37.5717908], [127.0058145, 37.5720261]], [[127.0058145, 37.5720261], [127.0061325, 37.5717908], [127.0062496, 37.5716254]], [[127.0062496, 37.5716254], [127.0063665, 37.571227]], [[127.0063665, 37.571227], [127.0062496, 37.5716254]], [[127.0063665, 37.571227], [127.0063781, 37.5711818], [127.0063665, 37.571227]]]}, "properties": {"name": "종로39길", "touristy_local": 0, "historic_contemporary": -1, "raw_polished": -1, "n_blogs": 15, "quiet_lively": 0.243, "local_chain": 0.049, "park": -1.0, "park_v2": -0.964, "park_canopy": 0.0, "park_traverse": 0.0, "park_dest": 0.0, "park_tier": 0, "park_access": null}}, {"type": "Feature", "geometry": {"type": "MultiLineString", "coordinates": [[[126.9988572, 37.5728767], [126.9984197, 37.5733646], [126.9988572, 37.5728767]], [[126.9989595, 37.5727627], [126.9988572, 37.5728767]], [[126.9988572, 37.5728767], [126.9989595, 37.5727627]], [[126.9989595, 37.5727627], [126.9994605, 37.5729249]], [[126.9994605, 37.5729249], [126.9989595, 37.5727627]], [[126.9989595, 37.5727627], [126.9992413, 37.5724289]], [[126.9992413, 37.5724289], [126.9989595, 37.5727627]], [[126.9992413, 37.5724289], [126.9994477, 37.5722538]], [[126.9994477, 37.5722538], [126.9992413, 37.5724289]], [[126.9994477, 37.5722538], [126.9992108, 37.5721907], [126.9993794, 37.5716517], [126.9992108, 37.5721907], [126.9994477, 37.5722538]], [[126.9995491, 37.5721637], [126.9994477, 37.5722538]], [[126.9994477, 37.5722538], [126.9995491, 37.5721637]], [[126.9996368, 37.5730032], [126.9994605, 37.5729249]], [[126.9994605, 37.5729249], [126.9996368, 37.5730032]], [[126.9994605, 37.5729249], [126.9997161, 37.5726092], [126.9995851, 37.572539], [126.9997161, 37.5726092], [126.9994605, 37.5729249]], [[126.9995491, 37.5721637], [126.9998989, 37.5723173]], [[126.9998989, 37.5723173], [126.9995491, 37.5721637]], [[126.9995491, 37.5721637], [126.9996366, 37.5720347]], [[126.9996366, 37.5720347], [126.9995491, 37.5721637]], [[126.9996366, 37.5720347], [127.0000554, 37.5721226], [126.9999411, 37.5723352]], [[126.9999411, 37.5723352], [127.0000554, 37.5721226], [126.9996366, 37.5720347]], [[126.9998022, 37.5717919], [126.9996366, 37.5720347]], [[126.9996366, 37.5720347], [126.9998022, 37.5717919]], [[126.9996368, 37.5730032], [126.9998469, 37.5731061], [126.9998891, 37.5732551], [126.9998469, 37.5731061], [126.9996368, 37.5730032]], [[127.0001332, 37.5713581], [127.0000115, 37.5714778], [126.9998022, 37.5717919]], [[126.9998022, 37.5717919], [127.0000115, 37.5714778], [127.0001332, 37.5713581]], [[126.9999411, 37.5723352], [126.9998989, 37.5723173]], [[126.9998989, 37.5723173], [126.9999411, 37.5723352]], [[126.9999411, 37.5723352], [127.000018, 37.5723635]], [[127.000018, 37.5723635], [126.9999411, 37.5723352]], [[127.0003042, 37.5723951], [127.000018, 37.5723635]], [[127.000018, 37.5723635], [127.0003042, 37.5723951]], [[127.0001332, 37.5713581], [127.0003186, 37.571423], [127.0003098, 37.571487], [127.0004009, 37.5715246], [127.0003566, 37.5716467], [127.0006714, 37.5716935], [127.0003566, 37.5716467], [127.0004009, 37.5715246], [127.0003098, 37.571487], [127.0003186, 37.571423], [127.0001332, 37.5713581]], [[127.0001332, 37.5713581], [127.0001757, 37.5712739]], [[127.0001757, 37.5712739], [127.0001332, 37.5713581]], [[127.0001757, 37.5712739], [127.0002614, 37.5710605]], [[127.0002614, 37.5710605], [127.0001757, 37.5712739]], [[127.0002614, 37.5710605], [127.0002828, 37.5709983], [127.0002614, 37.5710605]], [[127.0003042, 37.5723951], [127.0004096, 37.5723864], [127.0005492, 37.572331], [127.0004096, 37.5723864], [127.0003042, 37.5723951]]]}, "properties": {"name": "종로31길", "touristy_local": 1, "historic_contemporary": 0.6, "raw_polished": 1, "n_blogs": 15, "quiet_lively": -0.179, "local_chain": 0.306, "park": -1.0, "park_v2": -0.625, "park_canopy": 0.001, "park_traverse": 0.0, "park_dest": 0.0, "park_tier": 0, "park_access": null}}, {"type": "Feature", "geometry": {"type": "LineString", "coordinates": [[126.9919421, 37.5668893], [126.9920061, 37.5663928], [126.9919421, 37.5668893]]}, "properties": {"name": "을지로13길", "touristy_local": -0.5, "historic_contemporary": 0, "raw_polished": -0.5, "n_blogs": 15, "quiet_lively": null, "local_chain": -0.217, "park": -1.0, "park_v2": -0.958, "park_canopy": 0.0, "park_traverse": 0.0, "park_dest": 0.0, "park_tier": 0, "park_access": null}}, {"type": "Feature", "geometry": {"type": "MultiLineString", "coordinates": [[[126.9878242, 37.5793392], [126.987687, 37.5793358]], [[126.987687, 37.5793358], [126.9878242, 37.5793392]], [[126.987687, 37.5793358], [126.9867211, 37.5793403], [126.987687, 37.5793358]], [[126.9885126, 37.5793144], [126.9878242, 37.5793392]], [[126.9878242, 37.5793392], [126.9885126, 37.5793144]], [[126.9892809, 37.5793541], [126.988655, 37.5793422], [126.9885126, 37.5793144]], [[126.9885126, 37.5793144], [126.9892828, 37.579246]]]}, "properties": {"name": "창덕궁1길", "touristy_local": -0.6, "historic_contemporary": -0.5, "raw_polished": 0, "n_blogs": 15, "quiet_lively": -0.354, "local_chain": 0.188, "park": -1.0, "park_v2": -0.072, "park_canopy": 0.057, "park_traverse": 0.0, "park_dest": 0.0, "park_tier": 0, "park_access": null}}, {"type": "Feature", "geometry": {"type": "LineString", "coordinates": [[126.9992192, 37.5664455], [126.9992971, 37.5666317], [126.9992192, 37.5664455]]}, "properties": {"name": "을지로28길", "touristy_local": 0.2, "historic_contemporary": 0, "raw_polished": 0, "n_blogs": 15, "quiet_lively": null, "local_chain": 0.497, "park": -1.0, "park_v2": -0.137, "park_canopy": 0.05, "park_traverse": 0.0, "park_dest": 0.0, "park_tier": 0, "park_access": null}}, {"type": "Feature", "geometry": {"type": "MultiLineString", "coordinates": [[[127.0072476, 37.5673254], [127.0074275, 37.5672447]], [[127.0074275, 37.5672447], [127.0077682, 37.5676672], [127.0074275, 37.5672447]], [[127.0074275, 37.5672447], [127.0082375, 37.5668977]], [[127.0082375, 37.5668977], [127.0081046, 37.566686]], [[127.0096375, 37.569625], [127.0096659, 37.5691351], [127.0096525, 37.5689777], [127.0095653, 37.5687327], [127.0082375, 37.5668977]], [[127.0083079, 37.5668231], [127.0097127, 37.5687616], [127.0098055, 37.568976], [127.0098052, 37.5693376]], [[127.0098052, 37.5693376], [127.0097339, 37.5699616]], [[127.0098052, 37.5693376], [127.0099628, 37.5693375]], [[127.0099628, 37.5693375], [127.0098052, 37.5693376]], [[127.0099628, 37.5693375], [127.0099956, 37.569337]], [[127.0099956, 37.569337], [127.0099628, 37.5693375]], [[127.0099956, 37.569337], [127.0100808, 37.5693369]], [[127.0100808, 37.5693369], [127.0099956, 37.569337]], [[127.0100808, 37.5693369], [127.0104666, 37.5693457], [127.0100808, 37.5693369]]]}, "properties": {"name": "장충단로", "touristy_local": null, "historic_contemporary": 0, "raw_polished": null, "n_blogs": 15, "quiet_lively": 0.084, "local_chain": 0.701, "park": 0.121, "park_v2": 0.671, "park_canopy": 0.273, "park_traverse": 0.0, "park_dest": 0.0, "park_tier": 0, "park_access": null}}, {"type": "Feature", "geometry": {"type": "MultiLineString", "coordinates": [[[126.9921118, 37.5725988], [126.9918851, 37.572581]], [[126.9918851, 37.572581], [126.9921118, 37.5725988]], [[126.9918851, 37.572581], [126.9915676, 37.5725692], [126.9918851, 37.572581]], [[126.9921118, 37.5725988], [126.9921426, 37.5725987]], [[126.9921426, 37.5725987], [126.9921118, 37.5725988]], [[126.9923615, 37.5726009], [126.9921426, 37.5725987]], [[126.9921426, 37.5725987], [126.9923615, 37.5726009]], [[126.9923615, 37.5726009], [126.9933421, 37.5726227], [126.9923615, 37.5726009]]]}, "properties": {"name": "돈화문로10길", "touristy_local": 1, "historic_contemporary": -1, "raw_polished": null, "n_blogs": 15, "quiet_lively": 0.878, "local_chain": -0.056, "park": -0.824, "park_v2": 0.235, "park_canopy": 0.113, "park_traverse": 0.0, "park_dest": 0.0, "park_tier": 0, "park_access": null}}, {"type": "Feature", "geometry": {"type": "MultiLineString", "coordinates": [[[127.0076466, 37.5843855], [127.0086488, 37.5846432]], [[127.0086488, 37.5846432], [127.0076466, 37.5843855]], [[127.0076466, 37.5843855], [127.0074756, 37.5844676], [127.0073204, 37.5844777], [127.0074756, 37.5844676], [127.0076466, 37.5843855]], [[127.0076466, 37.5843855], [127.0077719, 37.5841049], [127.0076466, 37.5843855]], [[127.0078503, 37.5836], [127.0080068, 37.5837337], [127.0083284, 37.5838449]], [[127.0083284, 37.5838449], [127.0080068, 37.5837337], [127.0078503, 37.5836]], [[127.0078503, 37.5836], [127.0076816, 37.5836483], [127.0076121, 37.5839407], [127.0078033, 37.5839934], [127.0076121, 37.5839407], [127.0076816, 37.5836483], [127.0078503, 37.5836]], [[127.0083284, 37.5838449], [127.0084053, 37.5840059], [127.0084418, 37.5842637]], [[127.0084418, 37.5842637], [127.0084053, 37.5840059], [127.0083284, 37.5838449]], [[127.0083284, 37.5838449], [127.0082245, 37.5839968], [127.007978, 37.5839089], [127.0082245, 37.5839968], [127.0083284, 37.5838449]], [[127.0083284, 37.5838449], [127.0082955, 37.583703], [127.0082985, 37.5835998], [127.0082955, 37.583703], [127.0083284, 37.5838449]], [[127.0086488, 37.5846432], [127.0086268, 37.5844303], [127.0084418, 37.5842637]], [[127.0084418, 37.5842637], [127.0086268, 37.5844303], [127.0086488, 37.5846432]], [[127.0086488, 37.5846432], [127.0086071, 37.5848137], [127.0086488, 37.5846432]]]}, "properties": {"name": "삼선교로10마길", "touristy_local": 0, "historic_contemporary": 0, "raw_polished": null, "n_blogs": 14, "quiet_lively": -0.293, "local_chain": -0.697, "park": -0.98, "park_v2": 0.078, "park_canopy": 0.082, "park_traverse": 0.0, "park_dest": 0.0, "park_tier": 0, "park_access": null}}, {"type": "Feature", "geometry": {"type": "LineString", "coordinates": [[127.0103676, 37.5685138], [127.0099126, 37.5687301], [127.0098357, 37.5688506], [127.0098055, 37.568976]]}, "properties": {"name": "마장로", "touristy_local": -1, "historic_contemporary": -1, "raw_polished": -1, "n_blogs": 15, "quiet_lively": null, "local_chain": 0.135, "park": 0.667, "park_v2": 0.821, "park_canopy": 0.536, "park_traverse": 0.0, "park_dest": 0.0, "park_tier": 0, "park_access": null}}, {"type": "Feature", "geometry": {"type": "MultiLineString", "coordinates": [[[126.98398, 37.5695556], [126.9833772, 37.56953]], [[126.9833772, 37.56953], [126.98398, 37.5695556]], [[126.9833772, 37.56953], [126.9828538, 37.5695301], [126.9833772, 37.56953]], [[126.9844468, 37.5695645], [126.98398, 37.5695556]], [[126.98398, 37.5695556], [126.9844468, 37.5695645]], [[126.9844468, 37.5695645], [126.9850996, 37.5695607]], [[126.9850996, 37.5695607], [126.9844468, 37.5695645]], [[126.9850996, 37.5695607], [126.9857526, 37.569559], [126.9850996, 37.5695607]]]}, "properties": {"name": "우정국로2길", "touristy_local": -1, "historic_contemporary": null, "raw_polished": 0, "n_blogs": 15, "quiet_lively": 0.551, "local_chain": 0.293, "park": -1.0, "park_v2": -0.13, "park_canopy": 0.052, "park_traverse": 0.0, "park_dest": 0.0, "park_tier": 0, "park_access": null}}, {"type": "Feature", "geometry": {"type": "MultiLineString", "coordinates": [[[127.0023631, 37.5796053], [127.0025312, 37.5796278]], [[127.0025312, 37.5796278], [127.0023631, 37.5796053]], [[127.0023631, 37.5796053], [127.0021506, 37.5795998], [127.0023631, 37.5796053]], [[127.0025312, 37.5796278], [127.0032816, 37.5797283]], [[127.0032816, 37.5797283], [127.0025312, 37.5796278]], [[127.0025969, 37.5835872], [127.0021623, 37.5832896], [127.001775, 37.5831035], [127.0021623, 37.5832896], [127.0025969, 37.5835872]], [[127.0025969, 37.5835872], [127.0031643, 37.5835177], [127.00336, 37.583462], [127.0035229, 37.5833708]], [[127.0035229, 37.5833708], [127.00336, 37.583462], [127.0031643, 37.5835177], [127.0025969, 37.5835872]], [[127.0033794, 37.5797414], [127.0032816, 37.5797283]], [[127.0032816, 37.5797283], [127.0033794, 37.5797414]], [[127.0033794, 37.5797414], [127.0038525, 37.5798216]], [[127.0038525, 37.5798216], [127.0033794, 37.5797414]], [[127.003546, 37.583349], [127.0035229, 37.5833708]], [[127.0035229, 37.5833708], [127.003546, 37.583349]], [[127.003546, 37.583349], [127.0036331, 37.5833959], [127.0041158, 37.5836124], [127.0036331, 37.5833959], [127.003546, 37.583349]], [[127.003749, 37.5830522], [127.003546, 37.583349]], [[127.003546, 37.583349], [127.003749, 37.5830522]], [[127.003749, 37.5830522], [127.0038547, 37.5828489]], [[127.0038547, 37.5828489], [127.003749, 37.5830522]], [[127.0038525, 37.5798216], [127.0044519, 37.579953]], [[127.0044519, 37.579953], [127.0038525, 37.5798216]], [[127.0038962, 37.5827691], [127.0038547, 37.5828489]], [[127.0038547, 37.5828489], [127.0038962, 37.5827691]], [[127.0042121, 37.5826639], [127.0039518, 37.5827088], [127.0038962, 37.5827691]], [[127.0038962, 37.5827691], [127.0039518, 37.5827088], [127.0042121, 37.5826639]], [[127.0042121, 37.5826639], [127.0041121, 37.5818289], [127.0041529, 37.5814585], [127.0042272, 37.5811901]], [[127.0042272, 37.5811901], [127.0041529, 37.5814585], [127.0041121, 37.5818289], [127.0042121, 37.5826639]], [[127.0042681, 37.5809173], [127.0042272, 37.5811901]], [[127.0042272, 37.5811901], [127.0042681, 37.5809173]], [[127.0042681, 37.5809173], [127.004312, 37.5807433]], [[127.004312, 37.5807433], [127.0042681, 37.5809173]], [[127.0044295, 37.580483], [127.0043611, 37.580549], [127.004312, 37.5807433]], [[127.004312, 37.5807433], [127.0043611, 37.580549], [127.0044295, 37.580483]], [[127.0044295, 37.580483], [127.0044519, 37.579953]], [[127.0044519, 37.579953], [127.0044295, 37.580483]]]}, "properties": {"name": "동숭길", "touristy_local": -1, "historic_contemporary": 1, "raw_polished": 1, "n_blogs": 15, "quiet_lively": -0.928, "local_chain": 0.266, "park": -0.838, "park_v2": 0.443, "park_canopy": 0.155, "park_traverse": 0.047, "park_dest": 0.0, "park_tier": 1, "park_access": "마로니에공원"}}, {"type": "Feature", "geometry": {"type": "MultiLineString", "coordinates": [[[126.989519, 37.5737252], [126.9894302, 37.5737162]], [[126.9894302, 37.5737162], [126.989519, 37.5737252]], [[126.9894302, 37.5737162], [126.9891901, 37.5736917], [126.9894302, 37.5737162]], [[126.989519, 37.5737252], [126.9897856, 37.5737219]], [[126.9897856, 37.5737219], [126.989519, 37.5737252]], [[126.9897856, 37.5737219], [126.9901687, 37.5737322]], [[126.9901687, 37.5737322], [126.9897856, 37.5737219]], [[126.9905858, 37.5732129], [126.9903456, 37.5736025], [126.9903278, 37.573734], [126.9901687, 37.5737322]], [[126.9901687, 37.5737322], [126.9903278, 37.573734], [126.9903456, 37.5736025], [126.9905858, 37.5732129]], [[126.990707, 37.5728886], [126.9905858, 37.5732129]], [[126.9905858, 37.5732129], [126.990707, 37.5728886]], [[126.990707, 37.5728886], [126.9910227, 37.5729706], [126.990707, 37.5728886]], [[126.990707, 37.5728886], [126.9902982, 37.5727195], [126.9902622, 37.5727023], [126.9899785, 37.5725663], [126.990707, 37.5728886]], [[126.9901554, 37.5729635], [126.990278, 37.5729818], [126.9901554, 37.5729635]]]}, "properties": {"name": "돈화문로11다길", "touristy_local": -0.333, "historic_contemporary": 0, "raw_polished": 0, "n_blogs": 15, "quiet_lively": null, "local_chain": 0.03, "park": -1.0, "park_v2": -0.906, "park_canopy": 0.0, "park_traverse": 0.0, "park_dest": 0.0, "park_tier": 0, "park_access": null}}, {"type": "Feature", "geometry": {"type": "MultiLineString", "coordinates": [[[126.9950635, 37.5696626], [126.9952292, 37.5696713]], [[126.9952292, 37.5696713], [126.9950635, 37.5696626]], [[126.9951154, 37.5688273], [126.9950692, 37.569593], [126.9950635, 37.5696626]], [[126.9950635, 37.5696626], [126.9951154, 37.5688273]], [[126.9951154, 37.5688273], [126.9951266, 37.5686267]], [[126.9951266, 37.5686267], [126.9951154, 37.5688273]], [[126.9951266, 37.5686267], [126.9951378, 37.5683275]], [[126.9951378, 37.5683275], [126.9951266, 37.5686267]], [[126.9951378, 37.5683275], [126.9951709, 37.5681089]], [[126.9951709, 37.5681089], [126.9951378, 37.5683275]], [[126.9951709, 37.5681089], [126.9952481, 37.5674398]], [[126.9952481, 37.5674398], [126.9951709, 37.5681089]], [[126.9952292, 37.5696713], [126.9954044, 37.5696844]], [[126.9954044, 37.5696844], [126.9952292, 37.5696713]], [[126.9952481, 37.5674398], [126.9952508, 37.5674154], [126.9953238, 37.5667309], [126.9952508, 37.5674154], [126.9952481, 37.5674398]], [[126.9954855, 37.5688426], [126.9954044, 37.5696844]], [[126.9954044, 37.5696844], [126.9954855, 37.5688426]], [[126.9954855, 37.5688426], [126.9955223, 37.5683519]], [[126.9955223, 37.5683519], [126.9954855, 37.5688426]], [[126.9955223, 37.5683519], [126.9956527, 37.5670519], [126.99567, 37.5668789], [126.9957008, 37.5667429], [126.9955223, 37.5683519]]]}, "properties": {"name": "세운상가 공중보행데크", "touristy_local": -1, "historic_contemporary": -1, "raw_polished": null, "n_blogs": 14, "quiet_lively": 0.878, "local_chain": -0.352, "park": 0.398, "park_v2": 0.886, "park_canopy": 0.772, "park_traverse": 0.024, "park_dest": 0.0, "park_tier": 1, "park_access": "청계천공원"}}, {"type": "Feature", "geometry": {"type": "MultiLineString", "coordinates": [[[126.9851119, 37.5745573], [126.9846577, 37.5743862]], [[126.9846577, 37.5743862], [126.9851119, 37.5745573]], [[126.9846577, 37.5743862], [126.9845456, 37.5743522], [126.9844481, 37.5742863], [126.9845456, 37.5743522], [126.9846577, 37.5743862]], [[126.9851119, 37.5745573], [126.9852526, 37.5746111], [126.985291, 37.574553], [126.9852526, 37.5746111], [126.9851119, 37.5745573]], [[126.9851119, 37.5745573], [126.9849866, 37.5748422], [126.9851119, 37.5745573]], [[126.9851119, 37.5745573], [126.9852171, 37.5743995], [126.9850612, 37.5743105], [126.9850334, 37.5742578], [126.9850612, 37.5743105], [126.9852171, 37.5743995], [126.9851119, 37.5745573]]]}, "properties": {"name": "인사동12길", "touristy_local": 0, "historic_contemporary": -0.333, "raw_polished": 1, "n_blogs": 15, "quiet_lively": 0.551, "local_chain": -0.697, "park": -1.0, "park_v2": -0.899, "park_canopy": 0.0, "park_traverse": 0.0, "park_dest": 0.0, "park_tier": 0, "park_access": null}}, {"type": "Feature", "geometry": {"type": "MultiLineString", "coordinates": [[[126.9943577, 37.5669942], [126.9942504, 37.5670133], [126.9943577, 37.5669942]], [[126.9943577, 37.5669942], [126.9945499, 37.5669674]], [[126.9945499, 37.5669674], [126.9943577, 37.5669942]], [[126.9945322, 37.5667957], [126.9945499, 37.5669674]], [[126.9945499, 37.5669674], [126.9945322, 37.5667957]], [[126.9945322, 37.5667957], [126.99451, 37.5665218], [126.9945322, 37.5667957]], [[126.9945499, 37.5669674], [126.9945772, 37.5672038], [126.9945831, 37.5672912], [126.9945772, 37.5672038], [126.9945499, 37.5669674]]]}, "properties": {"name": "을지로17길", "touristy_local": -1, "historic_contemporary": -1, "raw_polished": -1, "n_blogs": 15, "quiet_lively": null, "local_chain": 0.234, "park": -1.0, "park_v2": -0.039, "park_canopy": 0.059, "park_traverse": 0.0, "park_dest": 0.0, "park_tier": 0, "park_access": null}}, {"type": "Feature", "geometry": {"type": "MultiLineString", "coordinates": [[[126.9878884, 37.5725723], [126.9878099, 37.5725786], [126.9878884, 37.5725723]], [[126.9884272, 37.5725514], [126.9878884, 37.5725723]], [[126.9878884, 37.5725723], [126.9884272, 37.5725514]], [[126.9887084, 37.5725442], [126.9884272, 37.5725514]], [[126.9884272, 37.5725514], [126.9887084, 37.5725442]], [[126.9887084, 37.5725442], [126.9895103, 37.5725572]], [[126.9895103, 37.5725572], [126.9887084, 37.5725442]], [[126.9899785, 37.5725663], [126.9895103, 37.5725572]], [[126.9895103, 37.5725572], [126.9899785, 37.5725663]], [[126.9895103, 37.5725572], [126.9895026, 37.5727876], [126.9895365, 37.572847], [126.9895026, 37.5727876], [126.9895103, 37.5725572]], [[126.9899785, 37.5725663], [126.9903851, 37.5725629]], [[126.9903851, 37.5725629], [126.9899785, 37.5725663]], [[126.9909804, 37.5725565], [126.9903851, 37.5725629]], [[126.9903851, 37.5725629], [126.9909804, 37.5725565]], [[126.9909804, 37.5725565], [126.991067, 37.5725576]], [[126.991067, 37.5725576], [126.9909804, 37.5725565]], [[126.9912389, 37.5725595], [126.991067, 37.5725576]], [[126.991067, 37.5725576], [126.9912389, 37.5725595]], [[126.9912389, 37.5725595], [126.9915676, 37.5725692], [126.9912389, 37.5725595]]]}, "properties": {"name": "돈화문로11길", "touristy_local": -0.5, "historic_contemporary": 0, "raw_polished": -1, "n_blogs": 15, "quiet_lively": 0.551, "local_chain": 0.385, "park": -1.0, "park_v2": -0.436, "park_canopy": 0.013, "park_traverse": 0.0, "park_dest": 0.0, "park_tier": 0, "park_access": null}}, {"type": "Feature", "geometry": {"type": "MultiLineString", "coordinates": [[[127.0053506, 37.5808429], [127.0056138, 37.5810201], [127.0056663, 37.5811093], [127.0058464, 37.581188], [127.0058895, 37.5812505], [127.0058895, 37.5813857], [127.0058895, 37.5812505], [127.0058464, 37.581188], [127.0056663, 37.5811093], [127.0056138, 37.5810201], [127.0053506, 37.5808429]], [[127.0053506, 37.5808429], [127.0051337, 37.5805787], [127.0049556, 37.5804834], [127.0051337, 37.5805787], [127.0053506, 37.5808429]]]}, "properties": {"name": "낙산1길", "touristy_local": -1, "historic_contemporary": null, "raw_polished": -1, "n_blogs": 15, "quiet_lively": -0.928, "local_chain": -0.697, "park": -0.821, "park_v2": 0.319, "park_canopy": 0.133, "park_traverse": 0.0, "park_dest": 0.0, "park_tier": 0, "park_access": null}}, {"type": "Feature", "geometry": {"type": "LineString", "coordinates": [[126.999729, 37.5812482], [126.9996754, 37.5813162], [126.9996365, 37.5813173], [126.9994863, 37.5812928], [126.999442, 37.5813949], [127.0003137, 37.5816021], [127.0004448, 37.5816522], [126.999442, 37.5813949], [126.9994863, 37.5812928], [126.9996754, 37.5813162], [126.999729, 37.5812482]]}, "properties": {"name": "대학로9가길", "touristy_local": 0.5, "historic_contemporary": 0.333, "raw_polished": 0.333, "n_blogs": 15, "quiet_lively": -0.411, "local_chain": 0.023, "park": 0.095, "park_v2": 0.749, "park_canopy": 0.37, "park_traverse": 0.0, "park_dest": 0.0, "park_tier": 0, "park_access": null}}, {"type": "Feature", "geometry": {"type": "MultiLineString", "coordinates": [[[126.9968671, 37.5834377], [126.9967415, 37.5834763], [126.9966861, 37.5835647], [126.9966984, 37.5836072], [126.996659, 37.5836597], [126.996622, 37.5836483], [126.9964333, 37.5838268], [126.996622, 37.5836483], [126.996659, 37.5836597], [126.9966984, 37.5836072], [126.9966861, 37.5835647], [126.9967415, 37.5834763], [126.9968671, 37.5834377]], [[126.9970489, 37.5832566], [126.9968671, 37.5834377]], [[126.9968671, 37.5834377], [126.9970489, 37.5832566]], [[126.9971634, 37.5833245], [126.9970489, 37.5832566]], [[126.9970489, 37.5832566], [126.9971634, 37.5833245]], [[126.9970489, 37.5832566], [126.9969006, 37.5831728], [126.9966853, 37.5830328], [126.9969006, 37.5831728], [126.9970489, 37.5832566]], [[126.9972879, 37.5833889], [126.9971634, 37.5833245]], [[126.9971634, 37.5833245], [126.9972879, 37.5833889]], [[126.9972879, 37.5833889], [126.9974755, 37.5835593]], [[126.9974755, 37.5835593], [126.9972879, 37.5833889]], [[126.9976908, 37.583755], [126.9974755, 37.5835593]], [[126.9974755, 37.5835593], [126.9976908, 37.583755]], [[126.9976908, 37.583755], [126.9978353, 37.5838622], [126.9978792, 37.583944], [126.9978353, 37.5838622], [126.9976908, 37.583755]]]}, "properties": {"name": "성균관로3길", "touristy_local": 1, "historic_contemporary": -0.5, "raw_polished": null, "n_blogs": 15, "quiet_lively": -0.563, "local_chain": 0.372, "park": -1.0, "park_v2": -0.345, "park_canopy": 0.024, "park_traverse": 0.0, "park_dest": 0.0, "park_tier": 0, "park_access": null}}, {"type": "Feature", "geometry": {"type": "MultiLineString", "coordinates": [[[127.0008666, 37.5859301], [127.0004169, 37.5864114], [127.0008666, 37.5859301]], [[127.0008666, 37.5859301], [127.0009143, 37.5858796]], [[127.0009143, 37.5858796], [127.0008666, 37.5859301]], [[127.0009143, 37.5858796], [127.0009322, 37.5858565]], [[127.0009322, 37.5858565], [127.0009143, 37.5858796]], [[127.0009322, 37.5858565], [127.0009615, 37.5857346]], [[127.0011424, 37.5858098], [127.0009322, 37.5858565]]]}, "properties": {"name": "혜화로", "touristy_local": -1, "historic_contemporary": -1, "raw_polished": 1, "n_blogs": 15, "quiet_lively": -0.494, "local_chain": 0.872, "park": -1.0, "park_v2": -0.912, "park_canopy": 0.0, "park_traverse": 0.0, "park_dest": 0.0, "park_tier": 0, "park_access": null}}, {"type": "Feature", "geometry": {"type": "MultiLineString", "coordinates": [[[127.004009, 37.5749213], [127.0043425, 37.5749831], [127.0052839, 37.5750793], [127.0043425, 37.5749831], [127.004009, 37.5749213]], [[127.004009, 37.5749213], [127.0036874, 37.5748617], [127.004009, 37.5749213]], [[127.004009, 37.5749213], [127.0040469, 37.5747987], [127.0040596, 37.5745946], [127.004115, 37.574301], [127.0040469, 37.5747987], [127.004009, 37.5749213]]]}, "properties": {"name": "율곡로20길", "touristy_local": -1, "historic_contemporary": -0.333, "raw_polished": 1, "n_blogs": 14, "quiet_lively": -0.757, "local_chain": -0.697, "park": -1.0, "park_v2": -0.919, "park_canopy": 0.0, "park_traverse": 0.0, "park_dest": 0.0, "park_tier": 0, "park_access": null}}, {"type": "Feature", "geometry": {"type": "MultiLineString", "coordinates": [[[126.9799272, 37.5800832], [126.9798764, 37.5800936], [126.9799272, 37.5800832]], [[126.9799272, 37.5800832], [126.9799897, 37.5800657]], [[126.9799897, 37.5800657], [126.9799272, 37.5800832]], [[126.9811345, 37.5798792], [126.9799897, 37.5800657]], [[126.9799897, 37.5800657], [126.9811345, 37.5798792]], [[126.9811345, 37.5798792], [126.9816955, 37.579756]], [[126.9816955, 37.579756], [126.9811345, 37.5798792]], [[126.9818847, 37.5796962], [126.9816955, 37.579756]], [[126.9816955, 37.579756], [126.9818847, 37.5796962]], [[126.9818847, 37.5796962], [126.9820285, 37.579858], [126.9821834, 37.5800839], [126.9820285, 37.579858], [126.9818847, 37.5796962]], [[126.9822523, 37.5795864], [126.9818847, 37.5796962]], [[126.9818847, 37.5796962], [126.9822523, 37.5795864]], [[126.9822523, 37.5795864], [126.9823876, 37.579633], [126.9828972, 37.5796427], [126.9823876, 37.579633], [126.9822523, 37.5795864]], [[126.9822523, 37.5795864], [126.9824156, 37.5795216], [126.9832843, 37.5794679]], [[126.9832843, 37.5794679], [126.9824156, 37.5795216], [126.9822523, 37.5795864]], [[126.9837057, 37.5794262], [126.9832843, 37.5794679]], [[126.9832843, 37.5794679], [126.9837057, 37.5794262]], [[126.9837057, 37.5794262], [126.9837719, 37.5794156]], [[126.9837719, 37.5794156], [126.9837057, 37.5794262]], [[126.9837719, 37.5794156], [126.984652, 37.5793185]], [[126.984652, 37.5793185], [126.9837719, 37.5794156]], [[126.984652, 37.5793185], [126.9848197, 37.5792958], [126.9849995, 37.5792618], [126.9848197, 37.5792958], [126.984652, 37.5793185]]]}, "properties": {"name": "북촌로5길", "touristy_local": 0.333, "historic_contemporary": 0, "raw_polished": null, "n_blogs": 15, "quiet_lively": -0.141, "local_chain": 0.207, "park": -0.543, "park_v2": 0.534, "park_canopy": 0.214, "park_traverse": 0.0, "park_dest": 0.0, "park_tier": 0, "park_access": null}}, {"type": "Feature", "geometry": {"type": "MultiLineString", "coordinates": [[[126.9868951, 37.5688374], [126.9857361, 37.5688524], [126.9868951, 37.5688374]], [[126.9868951, 37.5688374], [126.9875918, 37.5688157], [126.9868951, 37.5688374]]]}, "properties": {"name": "삼일대로15길", "touristy_local": 1, "historic_contemporary": null, "raw_polished": 1, "n_blogs": 15, "quiet_lively": 0.551, "local_chain": 0.451, "park": -1.0, "park_v2": 0.241, "park_canopy": 0.113, "park_traverse": 0.0, "park_dest": 0.0, "park_tier": 0, "park_access": null}}, {"type": "Feature", "geometry": {"type": "LineString", "coordinates": [[126.9791895, 37.5681223], [126.9792536, 37.5681216], [126.9791895, 37.5681223]]}, "properties": {"name": "세종대로22길", "touristy_local": 1, "historic_contemporary": 0, "raw_polished": 1, "n_blogs": 15, "quiet_lively": null, "local_chain": 0.773, "park": -1.0, "park_v2": -0.026, "park_canopy": 0.06, "park_traverse": 0.0, "park_dest": 0.0, "park_tier": 0, "park_access": null}}, {"type": "Feature", "geometry": {"type": "MultiLineString", "coordinates": [[[126.9984084, 37.5859623], [126.9981318, 37.5858295]], [[126.9981318, 37.5858295], [126.9984084, 37.5859623]], [[126.9981318, 37.5858295], [126.9979477, 37.585741], [126.9981318, 37.5858295]], [[126.9983368, 37.586114], [126.998325, 37.586138], [126.9983313, 37.5863679], [126.998325, 37.586138], [126.9983368, 37.586114]], [[126.9984084, 37.5859623], [126.9983368, 37.586114]], [[126.9983368, 37.586114], [126.9984084, 37.5859623]], [[126.9984084, 37.5859623], [126.9986035, 37.5856347]], [[126.9986035, 37.5856347], [126.9984084, 37.5859623]], [[126.9986035, 37.5856347], [126.9981667, 37.5854374], [126.9986035, 37.5856347]], [[126.9987346, 37.5848398], [126.9986837, 37.5849009], [126.9986327, 37.5855774], [126.9986035, 37.5856347]], [[126.9986035, 37.5856347], [126.9986327, 37.5855774], [126.9986837, 37.5849009], [126.9987346, 37.5848398]], [[126.9987346, 37.5848398], [126.9988208, 37.5847171], [126.998979, 37.5844457], [126.9990739, 37.5841992], [126.9992003, 37.5839892], [126.9994759, 37.5837254], [126.9992003, 37.5839892], [126.9990739, 37.5841992], [126.998979, 37.5844457], [126.9987346, 37.5848398]]]}, "properties": {"name": "창경궁로33길", "touristy_local": 0, "historic_contemporary": -0.143, "raw_polished": -1, "n_blogs": 15, "quiet_lively": -0.97, "local_chain": 0.523, "park": -1.0, "park_v2": -0.893, "park_canopy": 0.0, "park_traverse": 0.0, "park_dest": 0.0, "park_tier": 0, "park_access": null}}, {"type": "Feature", "geometry": {"type": "MultiLineString", "coordinates": [[[126.9840922, 37.5777503], [126.9843796, 37.5778283], [126.9840922, 37.5777503]], [[126.9840922, 37.5777503], [126.9840493, 37.5777414], [126.9839826, 37.577907], [126.9841727, 37.5779479], [126.9839826, 37.577907], [126.9840493, 37.5777414], [126.9840922, 37.5777503]], [[126.9840922, 37.5777503], [126.9841845, 37.5772629]], [[126.9841845, 37.5772629], [126.9840922, 37.5777503]], [[126.9844631, 37.5773171], [126.9841845, 37.5772629]], [[126.9841845, 37.5772629], [126.9844631, 37.5773171]], [[126.9841845, 37.5772629], [126.9839085, 37.5772092], [126.9841845, 37.5772629]], [[126.9844631, 37.5773171], [126.9850711, 37.5774355], [126.985177, 37.57742], [126.9852803, 37.57741], [126.9858367, 37.577516], [126.9852803, 37.57741], [126.9850711, 37.5774355], [126.9844631, 37.5773171]]]}, "properties": {"name": "북촌로1길", "touristy_local": 0.333, "historic_contemporary": -0.333, "raw_polished": null, "n_blogs": 15, "quiet_lively": -0.403, "local_chain": -0.257, "park": -1.0, "park_v2": -0.293, "park_canopy": 0.03, "park_traverse": 0.0, "park_dest": 0.0, "park_tier": 0, "park_access": null}}, {"type": "Feature", "geometry": {"type": "MultiLineString", "coordinates": [[[127.000537, 37.5768289], [127.0001802, 37.5769006], [127.000537, 37.5768289]], [[127.0008456, 37.5762644], [127.0007906, 37.5767756], [127.000537, 37.5768289]], [[127.000537, 37.5768289], [127.0007906, 37.5767756], [127.0008456, 37.5762644]], [[127.0008456, 37.5762644], [127.0008634, 37.5761647], [127.0008884, 37.5760376], [127.0008634, 37.5761647], [127.0008456, 37.5762644]]]}, "properties": {"name": "율곡로13길", "touristy_local": -0.2, "historic_contemporary": 0.333, "raw_polished": null, "n_blogs": 15, "quiet_lively": 0.395, "local_chain": 0.181, "park": -1.0, "park_v2": -0.007, "park_canopy": 0.068, "park_traverse": 0.0, "park_dest": 0.0, "park_tier": 0, "park_access": null}}, {"type": "Feature", "geometry": {"type": "MultiLineString", "coordinates": [[[126.9990286, 37.5687002], [126.9985021, 37.5685259], [126.9981122, 37.568467]], [[126.9981122, 37.568467], [126.9985021, 37.5685259], [126.9990286, 37.5687002]], [[126.9981122, 37.568467], [126.9979624, 37.5684632], [126.9981122, 37.568467]], [[126.9990286, 37.5687002], [126.9992952, 37.5687642]], [[126.9992952, 37.5687642], [126.9990286, 37.5687002]], [[126.9992952, 37.5687642], [126.9996735, 37.5688032]], [[126.9996735, 37.5688032], [126.9992952, 37.5687642]], [[126.9999149, 37.5687258], [126.9997289, 37.5687218], [126.9997166, 37.5688076], [126.9996735, 37.5688032]], [[126.9996735, 37.5688032], [126.9997166, 37.5688076], [126.9997289, 37.5687218], [126.9999149, 37.5687258]], [[126.9999149, 37.5687258], [127.0001061, 37.5687299], [126.9999149, 37.5687258]]]}, "properties": {"name": "창경궁로8길", "touristy_local": 0.333, "historic_contemporary": -1, "raw_polished": -1, "n_blogs": 15, "quiet_lively": 0.878, "local_chain": 0.319, "park": -0.607, "park_v2": 0.678, "park_canopy": 0.28, "park_traverse": 0.0, "park_dest": 0.0, "park_tier": 0, "park_access": null}}, {"type": "Feature", "geometry": {"type": "MultiLineString", "coordinates": [[[127.0031337, 37.5748845], [127.0036335, 37.574905], [127.0036874, 37.5748617], [127.0036335, 37.574905], [127.0031337, 37.5748845]], [[127.0031337, 37.5748845], [127.0027455, 37.576022], [127.0027616, 37.5761341], [127.0027455, 37.576022], [127.0031337, 37.5748845]], [[127.0032728, 37.5745458], [127.0031337, 37.5748845]], [[127.0031337, 37.5748845], [127.0032728, 37.5745458]], [[127.0035599, 37.5741554], [127.0034445, 37.5742782], [127.0032728, 37.5745458]], [[127.0032728, 37.5745458], [127.0034445, 37.5742782], [127.0035599, 37.5741554]], [[127.0036109, 37.5741338], [127.0035599, 37.5741554]], [[127.0035599, 37.5741554], [127.0036109, 37.5741338]], [[127.0036109, 37.5741338], [127.0037554, 37.5740145], [127.0042047, 37.5734947], [127.0037554, 37.5740145], [127.0036109, 37.5741338]]]}, "properties": {"name": "율곡로14길", "touristy_local": 1, "historic_contemporary": -1, "raw_polished": null, "n_blogs": 15, "quiet_lively": -0.574, "local_chain": 0.102, "park": -1.0, "park_v2": -0.879, "park_canopy": 0.0, "park_traverse": 0.0, "park_dest": 0.0, "park_tier": 0, "park_access": null}}, {"type": "Feature", "geometry": {"type": "MultiLineString", "coordinates": [[[126.9798119, 37.5678831], [126.9797921, 37.5673446]], [[126.9797921, 37.5673446], [126.9798119, 37.5678831]], [[126.9797921, 37.5673446], [126.9797857, 37.5668776], [126.9797921, 37.5673446]], [[126.9798081, 37.5683099], [126.9798126, 37.5688956]], [[126.9798126, 37.5688956], [126.9798081, 37.5683099]], [[126.9798081, 37.5683099], [126.9798092, 37.5681897]], [[126.9798092, 37.5681897], [126.9798081, 37.5683099]], [[126.9798119, 37.5678831], [126.9798092, 37.5681897]], [[126.9798092, 37.5681897], [126.9798119, 37.5678831]], [[126.9798126, 37.5688956], [126.9798128, 37.5689321], [126.9798126, 37.5688956]]]}, "properties": {"name": "을지로1길", "touristy_local": -0.333, "historic_contemporary": -0.333, "raw_polished": 0.2, "n_blogs": 15, "quiet_lively": 0.346, "local_chain": 0.786, "park": -0.588, "park_v2": 0.638, "park_canopy": 0.262, "park_traverse": 0.0, "park_dest": 0.0, "park_tier": 0, "park_access": null}}, {"type": "Feature", "geometry": {"type": "MultiLineString", "coordinates": [[[127.0098606, 37.5854008], [127.0098903, 37.5857512], [127.0098297, 37.5863387], [127.0098903, 37.5857512], [127.0098606, 37.5854008]], [[127.0098606, 37.5854008], [127.0098816, 37.5848289], [127.010046, 37.5846444], [127.0102028, 37.5845772], [127.0104926, 37.5845755], [127.0102028, 37.5845772], [127.010046, 37.5846444], [127.0098816, 37.5848289], [127.0098606, 37.5854008]]]}, "properties": {"name": "삼선교로10길", "touristy_local": 0, "historic_contemporary": -1, "raw_polished": null, "n_blogs": 15, "quiet_lively": null, "local_chain": 0.398, "park": -1.0, "park_v2": -0.873, "park_canopy": 0.0, "park_traverse": 0.0, "park_dest": 0.0, "park_tier": 0, "park_access": null}}, {"type": "Feature", "geometry": {"type": "LineString", "coordinates": [[127.0001472, 37.569441], [127.0001605, 37.5693931], [127.0002389, 37.569144], [127.0001605, 37.5693931], [127.0001472, 37.569441]]}, "properties": {"name": "새벽다리", "touristy_local": 0, "historic_contemporary": 0, "raw_polished": -0.333, "n_blogs": 15, "quiet_lively": 0.753, "local_chain": 0.549, "park": 0.0, "park_v2": 0.99, "park_canopy": 0.969, "park_traverse": 0.278, "park_dest": 0.278, "park_tier": 2, "park_access": "청계천공원"}}, {"type": "Feature", "geometry": {"type": "MultiLineString", "coordinates": [[[127.0092784, 37.5752], [127.0095321, 37.5752762]], [[127.0095321, 37.5752762], [127.0092784, 37.5752]], [[127.0092784, 37.5752], [127.0091219, 37.5751692], [127.0092784, 37.5752]], [[127.0095321, 37.5752762], [127.0097071, 37.5753303]], [[127.0097071, 37.5753303], [127.0095321, 37.5752762]], [[127.0096938, 37.5754276], [127.0096213, 37.5756769], [127.0096877, 37.5758589], [127.0096213, 37.5756769], [127.0096938, 37.5754276]], [[127.0096938, 37.5754276], [127.0095181, 37.5753678], [127.0094734, 37.5754757], [127.0092153, 37.575363], [127.0092371, 37.5753214], [127.0091293, 37.5752663], [127.0092371, 37.5753214], [127.0092153, 37.575363], [127.0094734, 37.5754757], [127.0095181, 37.5753678], [127.0096938, 37.5754276]], [[127.0097071, 37.5753303], [127.0096938, 37.5754276]], [[127.0096938, 37.5754276], [127.0097071, 37.5753303]], [[127.0097071, 37.5753303], [127.00977, 37.5750571], [127.0097712, 37.5748997], [127.00977, 37.5750571], [127.0097071, 37.5753303]], [[127.0090932, 37.5756818], [127.0091496, 37.575768], [127.0091268, 37.5758765], [127.0091496, 37.575768], [127.0090932, 37.5756818]], [[127.0091222, 37.5754612], [127.0093413, 37.5755144], [127.0093063, 37.5758769], [127.0093413, 37.5755144], [127.0091222, 37.5754612]], [[127.0095071, 37.5756373], [127.0095116, 37.5758695], [127.0095071, 37.5756373]]]}, "properties": {"name": "창신7가길", "touristy_local": 0.333, "historic_contemporary": -0.143, "raw_polished": 1, "n_blogs": 15, "quiet_lively": -0.84, "local_chain": -0.697, "park": -0.693, "park_v2": 0.645, "park_canopy": 0.265, "park_traverse": 0.0, "park_dest": 0.0, "park_tier": 0, "park_access": null}}, {"type": "Feature", "geometry": {"type": "MultiLineString", "coordinates": [[[126.9883932, 37.567176], [126.9890584, 37.5671929]], [[126.9890584, 37.5671929], [126.9883932, 37.567176]], [[126.9883932, 37.567176], [126.987667, 37.5671653], [126.9883932, 37.567176]], [[126.9883932, 37.567176], [126.9884035, 37.5667147]], [[126.9884035, 37.5667147], [126.9883932, 37.567176]], [[126.9884035, 37.5667147], [126.9884165, 37.5662392], [126.9884035, 37.5667147]], [[126.9890584, 37.5671929], [126.989628, 37.5672074], [126.9890584, 37.5671929]]]}, "properties": {"name": "을지로9길", "touristy_local": -0.333, "historic_contemporary": 0.2, "raw_polished": 0, "n_blogs": 15, "quiet_lively": null, "local_chain": 0.977, "park": -1.0, "park_v2": -0.853, "park_canopy": 0.0, "park_traverse": 0.0, "park_dest": 0.0, "park_tier": 0, "park_access": null}}, {"type": "Feature", "geometry": {"type": "MultiLineString", "coordinates": [[[126.9924143, 37.5722398], [126.9923615, 37.5726009], [126.9924143, 37.5722398]], [[126.9924143, 37.5722398], [126.9924413, 37.572199]], [[126.9924413, 37.572199], [126.9924143, 37.5722398]], [[126.992956, 37.5720131], [126.9927437, 37.5723177], [126.9924413, 37.572199]], [[126.9924413, 37.572199], [126.9927437, 37.5723177], [126.992956, 37.5720131]], [[126.9928097, 37.5718845], [126.9924413, 37.572199]], [[126.9924413, 37.572199], [126.9928097, 37.5718845]], [[126.9928097, 37.5718845], [126.992956, 37.5720131]], [[126.992956, 37.5720131], [126.9928097, 37.5718845]], [[126.992956, 37.5720131], [126.9931084, 37.5718644]], [[126.9931084, 37.5718644], [126.992956, 37.5720131]], [[126.9931084, 37.5718644], [126.9932004, 37.5716207], [126.9932944, 37.5714623]], [[126.9932944, 37.5714623], [126.9931084, 37.5718644]], [[126.9932944, 37.5714623], [126.9936987, 37.571616], [126.9932944, 37.5714623]], [[126.9932944, 37.5714623], [126.9935603, 37.5710237], [126.9936006, 37.5708786], [126.9935603, 37.5710237], [126.9932944, 37.5714623]]]}, "properties": {"name": "돈화문로6나길", "touristy_local": 0, "historic_contemporary": -0.5, "raw_polished": -1, "n_blogs": 15, "quiet_lively": 0.878, "local_chain": -0.697, "park": -1.0, "park_v2": -0.326, "park_canopy": 0.028, "park_traverse": 0.0, "park_dest": 0.0, "park_tier": 0, "park_access": null}}, {"type": "Feature", "geometry": {"type": "MultiLineString", "coordinates": [[[127.0103985, 37.5863801], [127.0100926, 37.5863489]], [[127.0100926, 37.5863489], [127.0103985, 37.5863801]], [[127.0100926, 37.5863489], [127.0098297, 37.5863387], [127.0100926, 37.5863489]], [[127.0103985, 37.5863801], [127.0104618, 37.585418]], [[127.0104618, 37.585418], [127.0103985, 37.5863801]], [[127.0104618, 37.585418], [127.0098606, 37.5854008], [127.0104618, 37.585418]], [[127.0104618, 37.585418], [127.0104509, 37.5847819], [127.0104926, 37.5845755], [127.0104509, 37.5847819], [127.0104618, 37.585418]]]}, "properties": {"name": "삼선교로14길", "touristy_local": null, "historic_contemporary": null, "raw_polished": null, "n_blogs": 15, "quiet_lively": null, "local_chain": 0.418, "park": -1.0, "park_v2": -0.847, "park_canopy": 0.0, "park_traverse": 0.0, "park_dest": 0.0, "park_tier": 0, "park_access": null}}, {"type": "Feature", "geometry": {"type": "LineString", "coordinates": [[127.0101071, 37.5701259], [127.0101427, 37.5701104], [127.0103395, 37.5701133], [127.0101427, 37.5701104], [127.0101071, 37.5701259]]}, "properties": {"name": "종로50다길", "touristy_local": -0.333, "historic_contemporary": -1, "raw_polished": -1, "n_blogs": 15, "quiet_lively": 0.084, "local_chain": 0.799, "park": 0.0, "park_v2": 0.684, "park_canopy": 0.281, "park_traverse": 0.0, "park_dest": 0.0, "park_tier": 0, "park_access": null}}, {"type": "Feature", "geometry": {"type": "LineString", "coordinates": [[126.9989536, 37.5694623], [126.9989696, 37.569318], [126.9989536, 37.5694623]]}, "properties": {"name": "중상5번 출입", "touristy_local": null, "historic_contemporary": -1, "raw_polished": null, "n_blogs": 5, "quiet_lively": 0.878, "local_chain": -0.697, "park": -0.194, "park_v2": 0.743, "park_canopy": 0.345, "park_traverse": 0.0, "park_dest": 0.0, "park_tier": 0, "park_access": null}}, {"type": "Feature", "geometry": {"type": "MultiLineString", "coordinates": [[[127.0008245, 37.579081], [127.0010055, 37.5792343]], [[127.0010055, 37.5792343], [127.0008245, 37.579081]], [[127.0011081, 37.5785356], [127.0008241, 37.5786092], [127.0005315, 37.5787336], [127.0005091, 37.578814], [127.0008245, 37.579081]], [[127.0008245, 37.579081], [127.0005091, 37.578814], [127.0005315, 37.5787336], [127.0008241, 37.5786092], [127.0011081, 37.5785356]], [[127.0010055, 37.5792343], [127.0012789, 37.5794554], [127.0018457, 37.5797155], [127.0021446, 37.5797252], [127.0018457, 37.5797155], [127.0012789, 37.5794554], [127.0010055, 37.5792343]], [[127.0011081, 37.5785356], [127.0012535, 37.5788477], [127.0011081, 37.5785356]], [[127.0012122, 37.5784756], [127.0011081, 37.5785356]], [[127.0011081, 37.5785356], [127.0012122, 37.5784756]], [[127.0012122, 37.5784756], [127.0009348, 37.5783502], [127.0012122, 37.5784756]], [[127.0018075, 37.5782781], [127.001383, 37.5782823], [127.0012122, 37.5784756]], [[127.0012122, 37.5784756], [127.001383, 37.5782823], [127.0018075, 37.5782781]], [[127.0018075, 37.5782781], [127.0019775, 37.5782781], [127.0022068, 37.5782864], [127.0019775, 37.5782781], [127.0018075, 37.5782781]]]}, "properties": {"name": "대학로5길", "touristy_local": -0.333, "historic_contemporary": null, "raw_polished": 0, "n_blogs": 15, "quiet_lively": 0.16, "local_chain": 0.931, "park": -0.978, "park_v2": -0.332, "park_canopy": 0.026, "park_traverse": 0.0, "park_dest": 0.0, "park_tier": 0, "park_access": null}}, {"type": "Feature", "geometry": {"type": "LineString", "coordinates": [[127.0007138, 37.5748527], [127.0008976, 37.5744245], [127.0020522, 37.5736536], [127.0008976, 37.5744245], [127.0007138, 37.5748527]]}, "properties": {"name": "대학로3길", "touristy_local": -1, "historic_contemporary": -0.333, "raw_polished": 1, "n_blogs": 15, "quiet_lively": -0.259, "local_chain": 0.957, "park": -1.0, "park_v2": -0.443, "park_canopy": 0.011, "park_traverse": 0.0, "park_dest": 0.0, "park_tier": 0, "park_access": null}}, {"type": "Feature", "geometry": {"type": "MultiLineString", "coordinates": [[[126.9928374, 37.570856], [126.9922151, 37.5708425], [126.992113, 37.5708077], [126.9922151, 37.5708425], [126.9928374, 37.570856]], [[126.9928374, 37.570856], [126.9929178, 37.5708496]], [[126.9929178, 37.5708496], [126.9928374, 37.570856]], [[126.9929178, 37.5708496], [126.9936006, 37.5708786]], [[126.9936006, 37.5708786], [126.9929178, 37.5708496]], [[126.9936006, 37.5708786], [126.9937629, 37.570887], [126.9936006, 37.5708786]]]}, "properties": {"name": "돈화문로6길", "touristy_local": -1, "historic_contemporary": -0.2, "raw_polished": null, "n_blogs": 15, "quiet_lively": 0.878, "local_chain": -0.003, "park": -1.0, "park_v2": -0.58, "park_canopy": 0.003, "park_traverse": 0.0, "park_dest": 0.0, "park_tier": 0, "park_access": null}}, {"type": "Feature", "geometry": {"type": "MultiLineString", "coordinates": [[[126.9857361, 37.5688524], [126.9857549, 37.5691737]], [[126.9857549, 37.5691737], [126.9857361, 37.5688524]], [[126.9857361, 37.5688524], [126.9857346, 37.5685332], [126.9857361, 37.5688524]], [[126.98575, 37.5700935], [126.9857504, 37.5701257], [126.98575, 37.5700935]], [[126.9857522, 37.5697607], [126.98575, 37.5700935]], [[126.98575, 37.5700935], [126.9857522, 37.5697607]], [[126.9857522, 37.5697607], [126.9844498, 37.5697661], [126.9857522, 37.5697607]], [[126.9857526, 37.569559], [126.9857522, 37.5697607]], [[126.9857522, 37.5697607], [126.9857526, 37.569559]], [[126.9857522, 37.5697607], [126.9869064, 37.5697482], [126.9857522, 37.5697607]], [[126.9857526, 37.569559], [126.9857549, 37.5691737]], [[126.9857549, 37.5691737], [126.9857526, 37.569559]]]}, "properties": {"name": "종로12길", "touristy_local": -1, "historic_contemporary": 0, "raw_polished": null, "n_blogs": 15, "quiet_lively": 0.551, "local_chain": 0.78, "park": -0.937, "park_v2": -0.156, "park_canopy": 0.048, "park_traverse": 0.0, "park_dest": 0.0, "park_tier": 0, "park_access": null}}, {"type": "Feature", "geometry": {"type": "MultiLineString", "coordinates": [[[127.006633, 37.5748288], [127.007083, 37.5749535]], [[127.007083, 37.5749535], [127.006633, 37.5748288]], [[127.006633, 37.5748288], [127.0064245, 37.5747419], [127.006407, 37.574678], [127.0060652, 37.5745169], [127.006407, 37.574678], [127.0064245, 37.5747419], [127.006633, 37.5748288]], [[127.007083, 37.5749535], [127.0071281, 37.5749654], [127.0074307, 37.5750705], [127.0071281, 37.5749654], [127.007083, 37.5749535]], [[127.007083, 37.5749535], [127.007026, 37.5751208], [127.0070111, 37.5753105], [127.007026, 37.5751208], [127.007083, 37.5749535]]]}, "properties": {"name": "율곡로25길", "touristy_local": -0.667, "historic_contemporary": 0, "raw_polished": 1, "n_blogs": 15, "quiet_lively": 0.122, "local_chain": 0.503, "park": -1.0, "park_v2": -0.795, "park_canopy": 0.0, "park_traverse": 0.0, "park_dest": 0.0, "park_tier": 0, "park_access": null}}, {"type": "Feature", "geometry": {"type": "MultiLineString", "coordinates": [[[126.9885854, 37.5696593], [126.9885573, 37.5701832]], [[126.9886689, 37.569311], [126.9885854, 37.5696593]], [[126.9885854, 37.5696593], [126.9886689, 37.569311]], [[126.9886689, 37.569311], [126.9886766, 37.5692327]], [[126.9886766, 37.5692327], [126.9886689, 37.569311]], [[126.9886897, 37.5691634], [126.9886766, 37.5692327]], [[126.9886766, 37.5692327], [126.9886897, 37.5691634]], [[126.9886897, 37.5691634], [126.9888744, 37.5682877], [126.9886897, 37.5691634]]]}, "properties": {"name": "종로16길", "touristy_local": 0, "historic_contemporary": -0.2, "raw_polished": -1, "n_blogs": 15, "quiet_lively": 0.551, "local_chain": 0.714, "park": -0.877, "park_v2": 0.143, "park_canopy": 0.097, "park_traverse": 0.0, "park_dest": 0.0, "park_tier": 0, "park_access": null}}, {"type": "Feature", "geometry": {"type": "MultiLineString", "coordinates": [[[127.0004964, 37.5718872], [127.0002619, 37.5718643]], [[127.0002619, 37.5718643], [127.0004964, 37.5718872]], [[127.0002619, 37.5718643], [127.0003042, 37.5723951], [127.0002619, 37.5718643]], [[127.0002619, 37.5718643], [126.9999609, 37.5718248], [126.9998022, 37.5717919], [126.9999609, 37.5718248], [127.0002619, 37.5718643]], [[127.0004964, 37.5718872], [127.0005238, 37.5722067], [127.0005492, 37.572331], [127.0005238, 37.5722067], [127.0004964, 37.5718872]], [[127.0006714, 37.5716935], [127.0004964, 37.5718872]], [[127.0004964, 37.5718872], [127.0006714, 37.5716935]], [[127.0006714, 37.5716935], [127.000738, 37.5714976], [127.0007807, 37.571454]], [[127.0007807, 37.571454], [127.000738, 37.5714976], [127.0006714, 37.5716935]], [[127.0014466, 37.5713676], [127.0010821, 37.5713324], [127.0010617, 37.5713987], [127.0010048, 37.5713956], [127.0009945, 37.5714604], [127.0007807, 37.571454]], [[127.0007807, 37.571454], [127.0009945, 37.5714604], [127.0010048, 37.5713956], [127.0010617, 37.5713987], [127.0010821, 37.5713324], [127.0014466, 37.5713676]], [[127.0014466, 37.5713676], [127.0019592, 37.5714422], [127.0014466, 37.5713676]]]}, "properties": {"name": "대학로1길", "touristy_local": -0.2, "historic_contemporary": 0, "raw_polished": 0, "n_blogs": 15, "quiet_lively": -0.179, "local_chain": 0.253, "park": -1.0, "park_v2": -0.287, "park_canopy": 0.031, "park_traverse": 0.0, "park_dest": 0.0, "park_tier": 0, "park_access": null}}, {"type": "Feature", "geometry": {"type": "MultiLineString", "coordinates": [[[126.997257, 37.5831901], [126.9971634, 37.5833245], [126.997257, 37.5831901]], [[126.9973558, 37.5830728], [126.997257, 37.5831901]], [[126.997257, 37.5831901], [126.9973558, 37.5830728]], [[126.997707, 37.583046], [126.997563, 37.583177], [126.9975509, 37.5831791], [126.9973558, 37.5830728]], [[126.9973558, 37.5830728], [126.9975509, 37.5831791], [126.997707, 37.583046]], [[126.9973558, 37.5830728], [126.9973826, 37.5830277], [126.9973558, 37.5830728]], [[126.997707, 37.583046], [126.9979671, 37.5832664]], [[126.9979671, 37.5832664], [126.997707, 37.583046]], [[126.9979671, 37.5832664], [126.9980814, 37.5833339]], [[126.9980814, 37.5833339], [126.9979671, 37.5832664]], [[126.9980814, 37.5833339], [126.9982036, 37.5834032]], [[126.9982036, 37.5834032], [126.9980814, 37.5833339]], [[126.9980814, 37.5833339], [126.9978654, 37.5835974], [126.9980814, 37.5833339]], [[126.9982036, 37.5834032], [126.9983229, 37.583477], [126.9982036, 37.5834032]]]}, "properties": {"name": "성균관로1길", "touristy_local": 1, "historic_contemporary": -1, "raw_polished": null, "n_blogs": 15, "quiet_lively": -0.707, "local_chain": -0.115, "park": -1.0, "park_v2": -0.801, "park_canopy": 0.0, "park_traverse": 0.0, "park_dest": 0.0, "park_tier": 0, "park_access": null}}, {"type": "Feature", "geometry": {"type": "MultiLineString", "coordinates": [[[126.9977687, 37.5675875], [126.9975174, 37.5675658], [126.9974933, 37.5675373]], [[126.9974933, 37.5675373], [126.9975174, 37.5675658], [126.9977687, 37.5675875]], [[126.9974933, 37.5675373], [126.9972777, 37.5675535], [126.9968842, 37.5675273], [126.9972777, 37.5675535], [126.9974933, 37.5675373]], [[126.9977687, 37.5675875], [126.998034, 37.5675962], [126.9977687, 37.5675875]]]}, "properties": {"name": "창경궁로7길", "touristy_local": 0, "historic_contemporary": 0, "raw_polished": null, "n_blogs": 15, "quiet_lively": null, "local_chain": -0.217, "park": -1.0, "park_v2": -0.313, "park_canopy": 0.029, "park_traverse": 0.0, "park_dest": 0.0, "park_tier": 0, "park_access": null}}, {"type": "Feature", "geometry": {"type": "MultiLineString", "coordinates": [[[126.9922639, 37.5721989], [126.9924143, 37.5722398], [126.9922639, 37.5721989]], [[126.9922639, 37.5721989], [126.9921426, 37.5725987], [126.9922639, 37.5721989]], [[126.9922639, 37.5721989], [126.9923296, 37.5720142], [126.9924918, 37.5717262]], [[126.9924918, 37.5717262], [126.9923296, 37.5720142], [126.9922639, 37.5721989]], [[126.9924918, 37.5717262], [126.9928097, 37.5718845], [126.9924918, 37.5717262]], [[126.9924918, 37.5717262], [126.9926124, 37.5714448], [126.9929178, 37.5708496], [126.9926124, 37.5714448], [126.9924918, 37.5717262]]]}, "properties": {"name": "돈화문로6가길", "touristy_local": 0, "historic_contemporary": -0.5, "raw_polished": -1, "n_blogs": 15, "quiet_lively": 0.878, "local_chain": -0.372, "park": -1.0, "park_v2": -0.808, "park_canopy": 0.0, "park_traverse": 0.0, "park_dest": 0.0, "park_tier": 0, "park_access": null}}, {"type": "Feature", "geometry": {"type": "LineString", "coordinates": [[126.9844819, 37.5668048], [126.9845027, 37.5671767], [126.9845644, 37.5675663], [126.9845239, 37.5676425], [126.9845644, 37.5675663], [126.9844819, 37.5668048]]}, "properties": {"name": "을지로5길", "touristy_local": -1, "historic_contemporary": -0.333, "raw_polished": 0, "n_blogs": 15, "quiet_lively": null, "local_chain": 0.938, "park": -0.732, "park_v2": 0.352, "park_canopy": 0.145, "park_traverse": 0.0, "park_dest": 0.0, "park_tier": 0, "park_access": null}}, {"type": "Feature", "geometry": {"type": "MultiLineString", "coordinates": [[[127.0057067, 37.571167], [127.0019537, 37.5710814], [126.9980614, 37.570845], [126.9966514, 37.5707153], [126.9942755, 37.5705884], [126.9928637, 37.5705576], [126.9881683, 37.570305], [126.984078, 37.570268], [126.9810009, 37.5703014], [126.9803737, 37.5702647], [126.9793377, 37.570263]], [[126.979338, 37.5701409], [126.9799401, 37.5701333]], [[126.9799166, 37.5695641], [126.9799394, 37.5700551]], [[126.9799394, 37.5700551], [126.9799166, 37.5695641]], [[126.9799166, 37.5695641], [126.9799029, 37.5692619], [126.9799166, 37.5695641]], [[126.9799401, 37.5701333], [126.9799394, 37.5700551]], [[126.9799394, 37.5700551], [126.9799401, 37.5701333]], [[126.9799401, 37.5701333], [126.9822352, 37.5701297], [126.9840326, 37.5701673], [126.9857504, 37.5701257], [126.9860462, 37.5701635], [126.9885573, 37.5701832], [126.9897501, 37.5702354], [126.9924406, 37.570422], [126.9951691, 37.5705072], [126.9974547, 37.5706868], [126.9992219, 37.5707533]], [[126.9981959, 37.5701804], [126.9986758, 37.5702038]], [[126.9986758, 37.5702038], [126.9981959, 37.5701804]], [[126.9981959, 37.5701804], [126.9980049, 37.5701755], [126.9978998, 37.5701432], [126.9980049, 37.5701755], [126.9981959, 37.5701804]], [[126.9989081, 37.5702152], [126.9986758, 37.5702038]], [[126.9986758, 37.5702038], [126.9989081, 37.5702152]], [[126.9992816, 37.5702334], [126.9989081, 37.5702152]], [[126.9989081, 37.5702152], [126.9992816, 37.5702334]], [[126.9992219, 37.5707533], [127.0031094, 37.5709874], [127.005044, 37.5710156], [127.0067077, 37.5710801], [127.0080702, 37.5710649], [127.0087894, 37.5711694], [127.0094099, 37.5713528]], [[126.9992219, 37.5707533], [126.9992294, 37.5707034]], [[126.9992294, 37.5707034], [126.9992219, 37.5707533]], [[126.9992294, 37.5707034], [126.9992308, 37.5706983]], [[126.9992308, 37.5706983], [126.9992294, 37.5707034]], [[126.9992348, 37.5706833], [126.9992308, 37.5706983]], [[126.9992308, 37.5706983], [126.9992348, 37.5706833]], [[126.9992348, 37.5706833], [126.9992409, 37.5706569]], [[126.9992409, 37.5706569], [126.9992348, 37.5706833]], [[126.9992409, 37.5706569], [126.9992725, 37.5703279]], [[126.9992725, 37.5703279], [126.9992409, 37.5706569]], [[126.9992816, 37.5702334], [126.9992725, 37.5703279]], [[126.9992725, 37.5703279], [126.9992816, 37.5702334]], [[126.9992816, 37.5702334], [126.9997236, 37.5702578]], [[126.9997236, 37.5702578], [126.9992816, 37.5702334]], [[126.9992816, 37.5702334], [126.9992976, 37.5700981]], [[126.9992976, 37.5700981], [126.9992816, 37.5702334]], [[126.9992976, 37.5700981], [126.9993098, 37.5699957]], [[126.9993098, 37.5699957], [126.9992976, 37.5700981]], [[126.9993231, 37.5698833], [126.9993098, 37.5699957]], [[126.9993098, 37.5699957], [126.9993231, 37.5698833]], [[126.9993231, 37.5698833], [126.999369, 37.569562]], [[126.999369, 37.569562], [126.9993231, 37.5698833]], [[126.999369, 37.569562], [126.999409, 37.5692996], [126.999369, 37.569562]], [[126.9998463, 37.5702646], [126.9997236, 37.5702578]], [[126.9997236, 37.5702578], [126.9998463, 37.5702646]], [[126.9999861, 37.5702723], [126.9998463, 37.5702646]], [[126.9998463, 37.5702646], [126.9999861, 37.5702723]], [[126.9999861, 37.5702723], [127.0007316, 37.5703259]], [[127.0007316, 37.5703259], [126.9999861, 37.5702723]], [[127.0007316, 37.5703259], [127.0008993, 37.5703379], [127.0007316, 37.5703259]], [[127.0103319, 37.5716747], [127.0084287, 37.5712012], [127.0057067, 37.571167]], [[127.0057067, 37.571167], [127.005702, 37.5715566], [127.0057067, 37.571167]]]}, "properties": {"name": "종로", "touristy_local": 0.5, "historic_contemporary": null, "raw_polished": 1, "n_blogs": 15, "quiet_lively": 0.715, "local_chain": 0.51, "park": -0.718, "park_v2": 0.117, "park_canopy": 0.088, "park_traverse": 0.0, "park_dest": 0.0, "park_tier": 0, "park_access": null}}, {"type": "Feature", "geometry": {"type": "MultiLineString", "coordinates": [[[127.0029616, 37.5826137], [127.0033896, 37.5826266]], [[127.0033896, 37.5826266], [127.0029616, 37.5826137]], [[127.0029616, 37.5826137], [127.0022917, 37.5826335], [127.0029616, 37.5826137]], [[127.0033896, 37.5826266], [127.0037988, 37.5826227], [127.0038564, 37.5826222]], [[127.0038564, 37.5826222], [127.0033896, 37.5826266]], [[127.0038468, 37.5817522], [127.003829, 37.5808672]], [[127.003829, 37.5808672], [127.0038468, 37.5817522]], [[127.0038478, 37.5801632], [127.003829, 37.5808672]], [[127.003829, 37.5808672], [127.0038478, 37.5801632]], [[127.0038468, 37.5817522], [127.0038564, 37.5826222]], [[127.0038564, 37.5826222], [127.0038468, 37.5817522]], [[127.0038478, 37.5801632], [127.0042592, 37.5801633], [127.0038478, 37.5801632]], [[127.0038478, 37.5801632], [127.0038525, 37.5798216], [127.0038478, 37.5801632]], [[127.0038564, 37.5826222], [127.0038628, 37.5827066], [127.0038962, 37.5827691], [127.0038628, 37.5827066], [127.0038564, 37.5826222]]]}, "properties": {"name": "대학로12길", "touristy_local": 1, "historic_contemporary": null, "raw_polished": 1, "n_blogs": 15, "quiet_lively": -0.928, "local_chain": 0.247, "park": -1.0, "park_v2": 0.007, "park_canopy": 0.068, "park_traverse": 0.0, "park_dest": 0.0, "park_tier": 0, "park_access": null}}, {"type": "Feature", "geometry": {"type": "MultiLineString", "coordinates": [[[126.9868951, 37.5688374], [126.9869027, 37.5691743]], [[126.9869027, 37.5691743], [126.9868951, 37.5688374]], [[126.9868951, 37.5688374], [126.986862, 37.5683419], [126.9868951, 37.5688374]], [[126.9868966, 37.5700923], [126.9868986, 37.5701717], [126.9868966, 37.5700923]], [[126.9869064, 37.5697482], [126.9868966, 37.5700923]], [[126.9868966, 37.5700923], [126.9869064, 37.5697482]], [[126.9869027, 37.5691743], [126.9869109, 37.5695694]], [[126.9869109, 37.5695694], [126.9869027, 37.5691743]], [[126.9869109, 37.5695694], [126.9869064, 37.5697482]], [[126.9869064, 37.5697482], [126.9869109, 37.5695694]]]}, "properties": {"name": "종로14길", "touristy_local": 0.333, "historic_contemporary": 0.333, "raw_polished": 1, "n_blogs": 15, "quiet_lively": 0.551, "local_chain": 0.918, "park": -0.88, "park_v2": 0.111, "park_canopy": 0.088, "park_traverse": 0.0, "park_dest": 0.0, "park_tier": 0, "park_access": null}}, {"type": "Feature", "geometry": {"type": "MultiLineString", "coordinates": [[[126.9959967, 37.567125], [126.9960031, 37.5672763], [126.9960162, 37.5674059], [126.9960031, 37.5672763], [126.9959967, 37.567125]], [[126.9960396, 37.5669449], [126.9959967, 37.567125]], [[126.9959967, 37.567125], [126.9960396, 37.5669449]], [[126.9960396, 37.5669449], [126.9962067, 37.566977]], [[126.9962067, 37.566977], [126.9960396, 37.5669449]], [[126.9960396, 37.5669449], [126.995711, 37.5668887], [126.9960396, 37.5669449]], [[126.9963637, 37.5670067], [126.9962067, 37.566977]], [[126.9962067, 37.566977], [126.9963637, 37.5670067]], [[126.9974774, 37.5671659], [126.9963637, 37.5670067]], [[126.9980626, 37.5672512], [126.9974774, 37.5671659]], [[126.9974774, 37.5671659], [126.9974933, 37.5675373], [126.9974774, 37.5671659]]]}, "properties": {"name": "창경궁로5길", "touristy_local": -0.2, "historic_contemporary": -1, "raw_polished": -1, "n_blogs": 15, "quiet_lively": 0.878, "local_chain": 0.016, "park": -0.479, "park_v2": 0.495, "park_canopy": 0.199, "park_traverse": 0.0, "park_dest": 0.0, "park_tier": 0, "park_access": null}}, {"type": "Feature", "geometry": {"type": "LineString", "coordinates": [[127.0039083, 37.5662669], [127.0041169, 37.5665818], [127.0039083, 37.5662669]]}, "properties": {"name": "을지로38길", "touristy_local": -0.143, "historic_contemporary": 0.5, "raw_polished": -0.5, "n_blogs": 15, "quiet_lively": null, "local_chain": -0.697, "park": -0.832, "park_v2": 0.508, "park_canopy": 0.201, "park_traverse": 0.0, "park_dest": 0.0, "park_tier": 0, "park_access": null}}, {"type": "Feature", "geometry": {"type": "MultiLineString", "coordinates": [[[127.0004729, 37.5668157], [127.0004748, 37.5669014], [127.0007995, 37.567536]], [[127.0007995, 37.567536], [127.0010388, 37.5678119]], [[127.001418, 37.567335], [127.0007995, 37.567536]], [[127.0007995, 37.567536], [127.001418, 37.567335]], [[127.0010388, 37.5678119], [127.001514, 37.5683779], [127.0015442, 37.5686703], [127.0015318, 37.5689396]], [[127.0010388, 37.5678119], [127.0017084, 37.5675713], [127.0018259, 37.5677381], [127.0018418, 37.5678577], [127.0018259, 37.5677381], [127.0017084, 37.5675713], [127.0010388, 37.5678119]], [[127.001418, 37.567335], [127.0016649, 37.5672643], [127.0017602, 37.5672645], [127.0020939, 37.5672766], [127.0016649, 37.5672643], [127.001418, 37.567335]], [[127.0015318, 37.5689396], [127.0015053, 37.569358]], [[127.0015318, 37.5689396], [127.0000985, 37.5688954], [127.0015318, 37.5689396]]]}, "properties": {"name": "을지로35길", "touristy_local": -0.2, "historic_contemporary": -0.2, "raw_polished": -1, "n_blogs": 15, "quiet_lively": 0.715, "local_chain": -0.697, "park": -0.915, "park_v2": 0.039, "park_canopy": 0.077, "park_traverse": 0.0, "park_dest": 0.0, "park_tier": 0, "park_access": null}}, {"type": "Feature", "geometry": {"type": "MultiLineString", "coordinates": [[[126.9821567, 37.5788729], [126.9821616, 37.5789276]], [[126.9821567, 37.5788729], [126.9819763, 37.5788928], [126.9821567, 37.5788729]], [[126.9821948, 37.578488], [126.9821394, 37.5786446], [126.9821567, 37.5788729]], [[126.9821616, 37.5789276], [126.9821754, 37.5790336]], [[126.9821616, 37.5789276], [126.9828578, 37.578936]], [[126.9821754, 37.5790336], [126.9821795, 37.5791559]], [[126.9821754, 37.5790336], [126.9819095, 37.5790475], [126.9821754, 37.5790336]], [[126.9821795, 37.5791559], [126.9821795, 37.5792499]], [[126.9821795, 37.5791559], [126.9819505, 37.5791828], [126.9821795, 37.5791559]], [[126.9821795, 37.5792499], [126.982804, 37.5792556], [126.9821795, 37.5792499]], [[126.9821795, 37.5792499], [126.9822523, 37.5795864]], [[126.9821948, 37.578488], [126.9823699, 37.5785895], [126.9828363, 37.578671], [126.9828578, 37.578936]], [[126.9828578, 37.578936], [126.9828363, 37.578671], [126.9825166, 37.5786261], [126.9823699, 37.5785895], [126.9821948, 37.578488]], [[126.9830747, 37.5758348], [126.9830102, 37.5758985], [126.9826109, 37.5769089], [126.982443, 37.5778046], [126.9821948, 37.578488]], [[126.9828578, 37.578936], [126.9831817, 37.5789289]]]}, "properties": {"name": "율곡로3길", "touristy_local": 0, "historic_contemporary": 0.2, "raw_polished": 1, "n_blogs": 15, "quiet_lively": -0.141, "local_chain": 0.286, "park": -0.526, "park_v2": 0.463, "park_canopy": 0.189, "park_traverse": 0.0, "park_dest": 0.0, "park_tier": 0, "park_access": null}}, {"type": "Feature", "geometry": {"type": "MultiLineString", "coordinates": [[[126.9825573, 37.5830197], [126.982547, 37.5825556]], [[126.982547, 37.5825556], [126.9825573, 37.5830197]], [[126.982547, 37.5825556], [126.9824915, 37.5820668], [126.982547, 37.5825556]], [[126.98258, 37.5835097], [126.9825573, 37.5830197]], [[126.9825573, 37.5830197], [126.98258, 37.5835097]], [[126.98258, 37.5835097], [126.9826079, 37.5839889], [126.98258, 37.5835097]], [[126.98258, 37.5835097], [126.9828954, 37.5834876]], [[126.9828954, 37.5834876], [126.98258, 37.5835097]], [[126.98306, 37.5834721], [126.9828954, 37.5834876]], [[126.9828954, 37.5834876], [126.98306, 37.5834721]], [[126.98306, 37.5834721], [126.9832195, 37.5834698]], [[126.9832195, 37.5834698], [126.98306, 37.5834721]], [[126.9833594, 37.5833812], [126.9832195, 37.5834698]], [[126.9832195, 37.5834698], [126.9833594, 37.5833812]], [[126.9833594, 37.5833812], [126.9837201, 37.5834609], [126.9833594, 37.5833812]]]}, "properties": {"name": "북촌로11다길", "touristy_local": 0.333, "historic_contemporary": 0, "raw_polished": 1, "n_blogs": 15, "quiet_lively": -0.624, "local_chain": -0.697, "park": -1.0, "park_v2": 0.137, "park_canopy": 0.097, "park_traverse": 0.0, "park_dest": 0.0, "park_tier": 0, "park_access": null}}, {"type": "Feature", "geometry": {"type": "MultiLineString", "coordinates": [[[126.9830871, 37.5754855], [126.9834422, 37.575289], [126.9838161, 37.5748534], [126.9843672, 37.5743551]], [[126.9843672, 37.5743551], [126.9842371, 37.5742469], [126.983934, 37.5741577], [126.9842371, 37.5742469], [126.9843672, 37.5743551]], [[126.9843672, 37.5743551], [126.9849366, 37.5739674]], [[126.9849366, 37.5739674], [126.985187, 37.5741151], [126.985139, 37.574166], [126.985187, 37.5741151], [126.9849366, 37.5739674]], [[126.9849366, 37.5739674], [126.9851722, 37.573804]], [[126.9851722, 37.573804], [126.9844768, 37.5734061], [126.984355, 37.5735431], [126.9844768, 37.5734061], [126.9851722, 37.573804]], [[126.9851722, 37.573804], [126.985358, 37.5736896]], [[126.985358, 37.5736896], [126.9851444, 37.5735421], [126.9852778, 37.5733849], [126.9851444, 37.5735421], [126.985358, 37.5736896]], [[126.985358, 37.5736896], [126.9858163, 37.573379]], [[126.9855084, 37.5731898], [126.9858163, 37.573379]], [[126.9858163, 37.573379], [126.9855084, 37.5731898]], [[126.9855084, 37.5731898], [126.9852647, 37.5731024], [126.9855084, 37.5731898]], [[126.9858163, 37.573379], [126.9858983, 37.5733092]], [[126.9858983, 37.5733092], [126.986214, 37.5735262], [126.9861617, 37.5735799], [126.9862639, 37.5736377], [126.9861829, 37.5737502], [126.9862146, 37.573774], [126.9861829, 37.5737502], [126.9862639, 37.5736377], [126.9861617, 37.5735799], [126.986214, 37.5735262], [126.9858983, 37.5733092]], [[126.9858983, 37.5733092], [126.9860785, 37.5731572], [126.9864178, 37.5727617]], [[126.9864178, 37.5727617], [126.986779, 37.5728988]], [[126.986779, 37.5728988], [126.9864178, 37.5727617]], [[126.9864178, 37.5727617], [126.9867327, 37.5722442]], [[126.9867327, 37.5722442], [126.9864404, 37.5721486], [126.9864289, 37.5721878], [126.9857225, 37.5719993], [126.9864289, 37.5721878], [126.9864404, 37.5721486], [126.9867327, 37.5722442]], [[126.9867327, 37.5722442], [126.9868471, 37.5720188]], [[126.986779, 37.5728988], [126.9869285, 37.5729828]], [[126.9869285, 37.5729828], [126.986779, 37.5728988]], [[126.986779, 37.5728988], [126.9870073, 37.5725959], [126.986779, 37.5728988]], [[126.9868471, 37.5720188], [126.9875558, 37.5722767], [126.9868471, 37.5720188]], [[126.9868471, 37.5720188], [126.9871718, 37.5714413], [126.9873859, 37.5712809], [126.9875946, 37.5712381]], [[126.9869285, 37.5729828], [126.987045, 37.5730286], [126.9869285, 37.5729828]]]}, "properties": {"name": "인사동길", "touristy_local": 0.333, "historic_contemporary": -0.5, "raw_polished": 1, "n_blogs": 15, "quiet_lively": 0.551, "local_chain": -0.227, "park": -0.985, "park_v2": -0.339, "park_canopy": 0.026, "park_traverse": 0.0, "park_dest": 0.0, "park_tier": 0, "park_access": null}}, {"type": "Feature", "geometry": {"type": "LineString", "coordinates": [[126.9871918, 37.5681953], [126.9873401, 37.5683088], [126.9871918, 37.5681953]]}, "properties": {"name": "삼일교 진출입 계단 7번", "touristy_local": -1, "historic_contemporary": null, "raw_polished": null, "n_blogs": 15, "quiet_lively": 0.551, "local_chain": 0.99, "park": 0.0, "park_v2": 0.951, "park_canopy": 0.933, "park_traverse": 0.0, "park_dest": 0.0, "park_tier": 0, "park_access": null}}, {"type": "Feature", "geometry": {"type": "MultiLineString", "coordinates": [[[126.9980774, 37.5864155], [126.997152, 37.5858544]], [[126.997152, 37.5858544], [126.9980774, 37.5864155]], [[126.997152, 37.5858544], [126.9970983, 37.5859423], [126.9968972, 37.5861038], [126.9970983, 37.5859423], [126.997152, 37.5858544]], [[126.997152, 37.5858544], [126.9969736, 37.5857987], [126.9968737, 37.5857788], [126.9969736, 37.5857987], [126.997152, 37.5858544]], [[126.9980774, 37.5864155], [126.9983313, 37.5863679]], [[126.9983313, 37.5863679], [126.9980774, 37.5864155]], [[126.9983313, 37.5863679], [126.9989659, 37.5863723]], [[126.9989659, 37.5863723], [126.998511, 37.5863623], [126.9983313, 37.5863679]], [[126.999361, 37.5862797], [126.9989659, 37.5863723]], [[126.9989659, 37.5863723], [126.999361, 37.5862797]], [[126.999904, 37.586202], [126.999704, 37.5861787], [126.999361, 37.5862797]], [[126.999361, 37.5862797], [126.999704, 37.5861787], [126.999904, 37.586202]], [[126.999904, 37.586202], [127.0002164, 37.5863475]], [[127.0002164, 37.5863475], [126.999904, 37.586202]], [[126.999904, 37.586202], [127.0000077, 37.5851717], [127.0000357, 37.5851186], [127.0000796, 37.5850719], [127.0001912, 37.5850586], [127.0006017, 37.5850457], [127.0000796, 37.5850719], [127.0000357, 37.5851186], [127.0000077, 37.5851717], [126.999904, 37.586202]], [[127.0002164, 37.5863475], [127.0003301, 37.5864046], [127.0004169, 37.5864114], [127.0003301, 37.5864046], [127.0002164, 37.5863475]]]}, "properties": {"name": "혜화로3길", "touristy_local": 0.5, "historic_contemporary": null, "raw_polished": null, "n_blogs": 15, "quiet_lively": -0.97, "local_chain": 0.878, "park": -1.0, "park_v2": -0.736, "park_canopy": 0.0, "park_traverse": 0.0, "park_dest": 0.0, "park_tier": 0, "park_access": null}}, {"type": "Feature", "geometry": {"type": "MultiLineString", "coordinates": [[[127.0052839, 37.5750793], [127.0052217, 37.5753768], [127.0052839, 37.5750793]], [[127.0054964, 37.5745016], [127.0052839, 37.5750793]], [[127.0052839, 37.5750793], [127.0054964, 37.5745016]], [[127.0054964, 37.5745016], [127.0056949, 37.5740929]], [[127.0056949, 37.5740929], [127.0054964, 37.5745016]], [[127.0056949, 37.5740929], [127.0058055, 37.5738644], [127.0059606, 37.5736458], [127.0058055, 37.5738644], [127.0056949, 37.5740929]], [[127.0046344, 37.5746248], [127.0046535, 37.5743988], [127.0046344, 37.5746248]]]}, "properties": {"name": "율곡로22길", "touristy_local": -0.5, "historic_contemporary": 0, "raw_polished": null, "n_blogs": 15, "quiet_lively": -0.757, "local_chain": -0.697, "park": -1.0, "park_v2": -0.319, "park_canopy": 0.028, "park_traverse": 0.0, "park_dest": 0.0, "park_tier": 0, "park_access": null}}, {"type": "Feature", "geometry": {"type": "MultiLineString", "coordinates": [[[126.9993497, 37.5672092], [126.9987779, 37.567319], [126.9980589, 37.5672956]], [[126.9993497, 37.5672092], [126.999368, 37.5675915], [126.9991093, 37.5676195], [126.999368, 37.5675915], [126.9993497, 37.5672092]], [[127.0003913, 37.5668117], [127.0003776, 37.5670381], [127.000204, 37.5671223], [126.9993497, 37.5672092]]]}, "properties": {"name": "을지로33길", "touristy_local": 0.333, "historic_contemporary": -0.5, "raw_polished": -1, "n_blogs": 15, "quiet_lively": null, "local_chain": 0.26, "park": -1.0, "park_v2": -0.384, "park_canopy": 0.018, "park_traverse": 0.0, "park_dest": 0.0, "park_tier": 0, "park_access": null}}, {"type": "Feature", "geometry": {"type": "MultiLineString", "coordinates": [[[127.0004448, 37.5816522], [127.0003092, 37.5817996], [127.0000423, 37.5820498], [127.0003092, 37.5817996], [127.0004448, 37.5816522]], [[127.0004448, 37.5816522], [127.0005383, 37.5815955], [127.0007625, 37.5816532], [127.0009214, 37.5817378], [127.0019838, 37.5817549], [127.0009214, 37.5817378], [127.0007625, 37.5816532], [127.0005383, 37.5815955], [127.0004448, 37.5816522]]]}, "properties": {"name": "대학로9길", "touristy_local": -0.2, "historic_contemporary": null, "raw_polished": 1, "n_blogs": 15, "quiet_lively": -0.471, "local_chain": 0.569, "park": -1.0, "park_v2": -0.417, "park_canopy": 0.014, "park_traverse": 0.0, "park_dest": 0.0, "park_tier": 0, "park_access": null}}, {"type": "Feature", "geometry": {"type": "MultiLineString", "coordinates": [[[126.9881719, 37.5719824], [126.9882116, 37.5720833]], [[126.9882116, 37.5720833], [126.9881719, 37.5719824]], [[126.9888211, 37.5713936], [126.988765, 37.5715674], [126.9885742, 37.5718611], [126.9881719, 37.5719824]], [[126.9881719, 37.5719824], [126.9885742, 37.5718611], [126.988765, 37.5715674], [126.9888211, 37.5713936]], [[126.9882116, 37.5720833], [126.9884272, 37.5725514], [126.9882116, 37.5720833]], [[126.9888211, 37.5713936], [126.9887902, 37.5706867], [126.9887982, 37.570345], [126.9887902, 37.5706867], [126.9888211, 37.5713936]]]}, "properties": {"name": "종로17길", "touristy_local": 0, "historic_contemporary": 0, "raw_polished": 0, "n_blogs": 15, "quiet_lively": 0.551, "local_chain": -0.069, "park": -0.153, "park_v2": 0.873, "park_canopy": 0.702, "park_traverse": 0.0, "park_dest": 0.0, "park_tier": 0, "park_access": null}}, {"type": "Feature", "geometry": {"type": "MultiLineString", "coordinates": [[[126.9826079, 37.5839889], [126.9825698, 37.5839907], [126.9826079, 37.5839889]], [[126.9826079, 37.5839889], [126.9829222, 37.5839683]], [[126.9829222, 37.5839683], [126.9826079, 37.5839889]], [[126.9829222, 37.5839683], [126.9832198, 37.5839575]], [[126.9832198, 37.5839575], [126.9829222, 37.5839683]], [[126.98346, 37.5844274], [126.9833301, 37.5843844], [126.9833076, 37.5843491], [126.9832572, 37.5840153], [126.9832198, 37.5839575]], [[126.9832198, 37.5839575], [126.9832572, 37.5840153], [126.9833076, 37.5843491], [126.9833301, 37.5843844], [126.98346, 37.5844274]], [[126.9832198, 37.5839575], [126.9832195, 37.5834698], [126.9832198, 37.5839575]], [[126.9832198, 37.5839575], [126.9836765, 37.58394], [126.9832198, 37.5839575]], [[126.984098, 37.5840455], [126.9837758, 37.5843758], [126.98346, 37.5844274]], [[126.98346, 37.5844274], [126.9837758, 37.5843758], [126.984098, 37.5840455]], [[126.9835192, 37.5829869], [126.9833794, 37.5833189], [126.9833594, 37.5833812], [126.9833794, 37.5833189], [126.9835192, 37.5829869]], [[126.9835192, 37.5829869], [126.9837317, 37.5824495]], [[126.9837317, 37.5824495], [126.9835192, 37.5829869]], [[126.9835857, 37.5823494], [126.9837317, 37.5824495]], [[126.9837317, 37.5824495], [126.9835857, 37.5823494]], [[126.9836216, 37.5822091], [126.983551, 37.5823256], [126.9835857, 37.5823494]], [[126.9835857, 37.5823494], [126.983551, 37.5823256], [126.9836216, 37.5822091]], [[126.9843284, 37.581863], [126.9837976, 37.5820356], [126.9836216, 37.5822091]], [[126.9836216, 37.5822091], [126.9837976, 37.5820356], [126.9843284, 37.581863]], [[126.984098, 37.5840455], [126.9844394, 37.5842217]], [[126.9844394, 37.5842217], [126.984098, 37.5840455]], [[126.9841516, 37.5836781], [126.9841836, 37.583926], [126.984098, 37.5840455]], [[126.984098, 37.5840455], [126.9841836, 37.583926], [126.9841516, 37.5836781]], [[126.9841516, 37.5836781], [126.9842978, 37.5834776], [126.9841516, 37.5836781]], [[126.9843284, 37.581863], [126.9844388, 37.58181], [126.9845149, 37.5817312], [126.9846784, 37.5814818], [126.9850747, 37.581459], [126.9846784, 37.5814818], [126.9845149, 37.5817312], [126.9844388, 37.58181], [126.9843284, 37.581863]], [[126.9844394, 37.5842217], [126.9846278, 37.5841439], [126.9851629, 37.584048], [126.9846278, 37.5841439], [126.9844394, 37.5842217]]]}, "properties": {"name": "북촌로11길", "touristy_local": -0.333, "historic_contemporary": -0.2, "raw_polished": null, "n_blogs": 15, "quiet_lively": -0.783, "local_chain": 0.201, "park": -0.625, "park_v2": 0.547, "park_canopy": 0.217, "park_traverse": 0.0, "park_dest": 0.0, "park_tier": 0, "park_access": null}}, {"type": "Feature", "geometry": {"type": "MultiLineString", "coordinates": [[[126.9893293, 37.5771444], [126.9893297, 37.5773717], [126.9893293, 37.5771444]], [[126.9893293, 37.5771444], [126.9893166, 37.5763695], [126.9892565, 37.5755238], [126.9893166, 37.5763695], [126.9893293, 37.5771444]], [[126.9886832, 37.5759677], [126.9889116, 37.5759741], [126.9889138, 37.5760985], [126.9889116, 37.5759741], [126.9886832, 37.5759677]]]}, "properties": {"name": "율곡로6길", "touristy_local": 0.2, "historic_contemporary": -0.333, "raw_polished": 1, "n_blogs": 15, "quiet_lively": -0.449, "local_chain": -0.339, "park": -0.943, "park_v2": -0.02, "park_canopy": 0.062, "park_traverse": 0.0, "park_dest": 0.0, "park_tier": 0, "park_access": null}}, {"type": "Feature", "geometry": {"type": "MultiLineString", "coordinates": [[[126.9990462, 37.5683118], [126.9990286, 37.5687002], [126.9989784, 37.5689366]], [[126.9994051, 37.5683414], [126.9990462, 37.5683118]], [[126.9990462, 37.5683118], [126.9994051, 37.5683414]], [[126.9991609, 37.566751], [126.9991048, 37.5678379], [126.9990462, 37.5683118]], [[126.9994051, 37.5683414], [126.9995228, 37.5684155], [126.9996705, 37.5684262], [126.9997247, 37.5684187], [126.9997523, 37.5683271]], [[126.9997523, 37.5683271], [126.9997247, 37.5684187], [126.9996705, 37.5684262], [126.9995228, 37.5684155], [126.9994685, 37.5683773], [126.9994051, 37.5683414]], [[126.9997523, 37.5683271], [126.9999057, 37.5683005]], [[126.9999057, 37.5683005], [126.9997523, 37.5683271]], [[126.9999057, 37.5683005], [126.9999931, 37.5683087]], [[126.9999931, 37.5683087], [126.9999057, 37.5683005]], [[126.9999931, 37.5683087], [127.0000395, 37.5683172], [127.0001269, 37.5683411], [127.0000395, 37.5683172], [126.9999931, 37.5683087]]]}, "properties": {"name": "을지로27길", "touristy_local": 0.2, "historic_contemporary": 0, "raw_polished": -1, "n_blogs": 15, "quiet_lively": 0.878, "local_chain": -0.181, "park": -0.873, "park_v2": -0.046, "park_canopy": 0.058, "park_traverse": 0.0, "park_dest": 0.0, "park_tier": 0, "park_access": null}}, {"type": "Feature", "geometry": {"type": "MultiLineString", "coordinates": [[[126.9840635, 37.5749863], [126.9842854, 37.5750793]], [[126.9842854, 37.5750793], [126.9840635, 37.5749863]], [[126.9840635, 37.5749863], [126.9839133, 37.5748788], [126.9838161, 37.5748534], [126.9839133, 37.5748788], [126.9840635, 37.5749863]], [[126.9842854, 37.5750793], [126.9844732, 37.5751515], [126.9845958, 37.5751478], [126.9844732, 37.5751515], [126.9842854, 37.5750793]], [[126.9842854, 37.5750793], [126.9841084, 37.5754922], [126.9841687, 37.5755134], [126.984049, 37.5758884], [126.9841687, 37.5755134], [126.9841084, 37.5754922], [126.9842854, 37.5750793]]]}, "properties": {"name": "인사동16길", "touristy_local": 0.333, "historic_contemporary": -0.2, "raw_polished": 1, "n_blogs": 15, "quiet_lively": 0.551, "local_chain": -0.697, "park": -1.0, "park_v2": -0.43, "park_canopy": 0.014, "park_traverse": 0.0, "park_dest": 0.0, "park_tier": 0, "park_access": null}}, {"type": "Feature", "geometry": {"type": "MultiLineString", "coordinates": [[[127.0004444, 37.5707753], [127.000396, 37.5708321], [127.0004444, 37.5707753]], [[127.0004444, 37.5707753], [127.0004581, 37.5707592]], [[127.0004581, 37.5707592], [127.0004444, 37.5707753]], [[127.0008098, 37.5704232], [127.0004581, 37.5707592]], [[127.0004581, 37.5707592], [127.0008098, 37.5704232]], [[127.0008993, 37.5703379], [127.0008098, 37.5704232]], [[127.0008098, 37.5704232], [127.0008993, 37.5703379]], [[127.0008993, 37.5703379], [127.0009715, 37.570269]], [[127.0009715, 37.570269], [127.0008993, 37.5703379]], [[127.0011007, 37.5701456], [127.0009715, 37.570269]], [[127.0009715, 37.570269], [127.0011007, 37.5701456]], [[127.0012316, 37.5700207], [127.0011007, 37.5701456]], [[127.0011007, 37.5701456], [127.0012316, 37.5700207]], [[127.0012316, 37.5700207], [127.0013234, 37.5699261]], [[127.0013234, 37.5699261], [127.0012316, 37.5700207]], [[127.0013234, 37.5699261], [127.0015026, 37.5697415]], [[127.0015026, 37.5697415], [127.0013234, 37.5699261]], [[127.0015026, 37.5697415], [127.0015376, 37.5697055], [127.0015026, 37.5697415]]]}, "properties": {"name": "종로32길", "touristy_local": -1, "historic_contemporary": -1, "raw_polished": null, "n_blogs": 15, "quiet_lively": 0.715, "local_chain": 0.056, "park": -0.843, "park_v2": 0.3, "park_canopy": 0.12, "park_traverse": 0.0, "park_dest": 0.0, "park_tier": 0, "park_access": null}}, {"type": "Feature", "geometry": {"type": "MultiLineString", "coordinates": [[[127.0077532, 37.5834741], [127.0076525, 37.5834943], [127.0074983, 37.5836622], [127.0073268, 37.5836112], [127.0074983, 37.5836622], [127.0076525, 37.5834943], [127.0077532, 37.5834741]], [[127.0080063, 37.5833828], [127.0077532, 37.5834741]], [[127.0077532, 37.5834741], [127.0078819, 37.5834104], [127.0080063, 37.5833828]], [[127.0081929, 37.583099], [127.0082413, 37.5832212], [127.0080063, 37.5833828]], [[127.0080063, 37.5833828], [127.0082413, 37.5832212], [127.0081929, 37.583099]], [[127.0081929, 37.583099], [127.0083271, 37.5829969], [127.0083299, 37.5829189], [127.0085992, 37.5824324], [127.0083299, 37.5829189], [127.0083271, 37.5829969], [127.0081929, 37.583099]]]}, "properties": {"name": "삼선교로4나길", "touristy_local": 0, "historic_contemporary": 0, "raw_polished": -1, "n_blogs": 15, "quiet_lively": -0.293, "local_chain": -0.697, "park": -0.278, "park_v2": 0.795, "park_canopy": 0.481, "park_traverse": 0.0, "park_dest": 0.0, "park_tier": 0, "park_access": null}}, {"type": "Feature", "geometry": {"type": "MultiLineString", "coordinates": [[[127.0099021, 37.5743725], [127.0098522, 37.5747955], [127.0099021, 37.5743725]], [[127.0099572, 37.5739064], [127.0099021, 37.5743725]], [[127.0099021, 37.5743725], [127.0099572, 37.5739064]], [[127.0099572, 37.5739064], [127.0096808, 37.5739257], [127.0097018, 37.5742779], [127.0096511, 37.5747202], [127.0096056, 37.5748339], [127.0096511, 37.5747202], [127.0097018, 37.5742779], [127.0096808, 37.5739257], [127.0099572, 37.5739064]], [[127.0099572, 37.5739064], [127.0099747, 37.573758], [127.0100867, 37.5737053], [127.0100932, 37.5736755], [127.0100867, 37.5737053], [127.0099747, 37.573758], [127.0099572, 37.5739064]]]}, "properties": {"name": "창신4나길", "touristy_local": 0, "historic_contemporary": -1, "raw_polished": 1, "n_blogs": 15, "quiet_lively": -0.73, "local_chain": -0.697, "park": -1.0, "park_v2": 0.28, "park_canopy": 0.117, "park_traverse": 0.0, "park_dest": 0.0, "park_tier": 0, "park_access": null}}, {"type": "Feature", "geometry": {"type": "LineString", "coordinates": [[127.0079289, 37.57199], [127.0079942, 37.5719569], [127.0082071, 37.5721852], [127.0079942, 37.5719569], [127.0079289, 37.57199]]}, "properties": {"name": "종로43길", "touristy_local": -1, "historic_contemporary": -0.6, "raw_polished": -1, "n_blogs": 15, "quiet_lively": 0.243, "local_chain": 0.997, "park": -0.628, "park_v2": 0.482, "park_canopy": 0.192, "park_traverse": 0.0, "park_dest": 0.0, "park_tier": 0, "park_access": null}}, {"type": "Feature", "geometry": {"type": "MultiLineString", "coordinates": [[[127.0084174, 37.5777005], [127.0084775, 37.577922], [127.0084758, 37.5780117], [127.0084209, 37.5781197], [127.008159, 37.5784549], [127.0081201, 37.5785432], [127.008191, 37.5791423], [127.0083369, 37.5793868], [127.008597, 37.5796462], [127.0087361, 37.5798093], [127.0088344, 37.5799719], [127.0089539, 37.5804586], [127.0088344, 37.5799719], [127.0087361, 37.5798093], [127.0083369, 37.5793868], [127.008191, 37.5791423], [127.0081201, 37.5785432], [127.008159, 37.5784549], [127.0084758, 37.5780117], [127.0084174, 37.5777005]], [[127.0087532, 37.576996], [127.0087138, 37.5770413], [127.0087164, 37.5772067], [127.0085756, 37.5774398], [127.0084457, 37.5775776], [127.0084174, 37.5777005]], [[127.0084174, 37.5777005], [127.0084457, 37.5775776], [127.0085756, 37.5774398], [127.0087164, 37.5772067], [127.0087138, 37.5770413], [127.0087532, 37.576996]], [[127.0087225, 37.5722608], [127.0086863, 37.5723169], [127.0085727, 37.5724578], [127.0086863, 37.5723169], [127.0087225, 37.5722608]], [[127.0089299, 37.571879], [127.0088024, 37.5720155], [127.0087551, 37.5721841], [127.0087225, 37.5722608]], [[127.0087225, 37.5722608], [127.0088024, 37.5720155], [127.0089299, 37.571879]], [[127.0087532, 37.576996], [127.008711, 37.5769728], [127.0086924, 37.5767177], [127.0086076, 37.5763969], [127.0085493, 37.5759804], [127.0085533, 37.5758323], [127.0086196, 37.5755982], [127.0087925, 37.5752543]], [[127.0087925, 37.5752543], [127.0086196, 37.5755982], [127.0085533, 37.5758323], [127.0085493, 37.5759804], [127.0086076, 37.5763969], [127.0086924, 37.5767177], [127.008711, 37.5769728], [127.0087532, 37.576996]], [[127.0089518, 37.5743157], [127.0090517, 37.5745817], [127.0090435, 37.5748263], [127.0089647, 37.5749845], [127.0087925, 37.5752543]], [[127.0087925, 37.5752543], [127.0090435, 37.5748263], [127.0090517, 37.5745817], [127.0089518, 37.5743157]], [[127.0089299, 37.571879], [127.0090843, 37.5717778], [127.0091775, 37.571675]], [[127.0091775, 37.571675], [127.0090843, 37.5717778], [127.0089299, 37.571879]], [[127.0089518, 37.5743157], [127.0088409, 37.5741488], [127.0088519, 37.573994], [127.0089475, 37.5738173], [127.0089603, 37.5737272], [127.0090106, 37.5736724], [127.0089486, 37.5734914]], [[127.0089486, 37.5734914], [127.0090106, 37.5736724], [127.0089603, 37.5737272], [127.0089475, 37.5738173], [127.0088519, 37.573994], [127.0088409, 37.5741488], [127.0089518, 37.5743157]], [[127.0089486, 37.5734914], [127.0089229, 37.5734171], [127.0089453, 37.5731879], [127.0089315, 37.5729683], [127.0089073, 37.5729152], [127.0089208, 37.5727302], [127.0091058, 37.5726218], [127.0092531, 37.5726165]], [[127.0092531, 37.5726165], [127.0091058, 37.5726218], [127.0089208, 37.5727302], [127.0089073, 37.5729152], [127.0089453, 37.5731879], [127.0089229, 37.5734171], [127.0089486, 37.5734914]], [[127.0092549, 37.5715539], [127.0091775, 37.571675]], [[127.0091775, 37.571675], [127.0092549, 37.5715539]], [[127.0093327, 37.5725426], [127.0092531, 37.5726165]], [[127.0092531, 37.5726165], [127.0093327, 37.5725426]], [[127.0092549, 37.5715539], [127.0093483, 37.5715366], [127.0097331, 37.5716141]], [[127.0097331, 37.5716141], [127.0093483, 37.5715366], [127.0092549, 37.5715539]], [[127.0093327, 37.5725426], [127.0094372, 37.572858], [127.0093327, 37.5725426]], [[127.0096484, 37.572149], [127.0095392, 37.5723324], [127.0093327, 37.5725426]], [[127.0093327, 37.5725426], [127.0095392, 37.5723324], [127.0096484, 37.572149]], [[127.0096484, 37.572149], [127.0097412, 37.5719486], [127.0097331, 37.5716141]], [[127.0097331, 37.5716141], [127.0097412, 37.5719486], [127.0096484, 37.572149]], [[127.0097331, 37.5716141], [127.0097474, 37.5715402], [127.0097331, 37.5716141]]]}, "properties": {"name": "낙산성곽길", "touristy_local": -0.2, "historic_contemporary": -1, "raw_polished": null, "n_blogs": 15, "quiet_lively": -0.73, "local_chain": 0.944, "park": 0.06, "park_v2": 0.945, "park_canopy": 0.891, "park_traverse": 0.058, "park_dest": 0.0, "park_tier": 1, "park_access": "흥인지문공원"}}, {"type": "Feature", "geometry": {"type": "MultiLineString", "coordinates": [[[126.9903265, 37.5693951], [126.9907587, 37.5693501]], [[126.9907587, 37.5693501], [126.9903265, 37.5693951]], [[126.9903265, 37.5693951], [126.9895131, 37.5692323], [126.9903265, 37.5693951]], [[126.9907587, 37.5693501], [126.9907926, 37.5694735], [126.9907885, 37.5697575], [126.9907926, 37.5694735], [126.9907587, 37.5693501]], [[126.9907587, 37.5693501], [126.9910916, 37.5693077], [126.9912107, 37.569344], [126.9910916, 37.5693077], [126.9907587, 37.5693501]]]}, "properties": {"name": "수표로18길", "touristy_local": -1, "historic_contemporary": null, "raw_polished": null, "n_blogs": 15, "quiet_lively": null, "local_chain": 0.22, "park": -1.0, "park_v2": -0.749, "park_canopy": 0.0, "park_traverse": 0.0, "park_dest": 0.0, "park_tier": 0, "park_access": null}}, {"type": "Feature", "geometry": {"type": "MultiLineString", "coordinates": [[[126.9793666, 37.5848085], [126.9793514, 37.5849683], [126.9798861, 37.5850155], [126.9793514, 37.5849683], [126.9793666, 37.5848085]], [[126.9793666, 37.5848085], [126.9794105, 37.5847456]], [[126.9794105, 37.5847456], [126.9793666, 37.5848085]], [[126.979432, 37.5844736], [126.9794105, 37.5847456]], [[126.9794105, 37.5847456], [126.979432, 37.5844736]], [[126.979432, 37.5844736], [126.9794498, 37.5842806]], [[126.9794498, 37.5842806], [126.979432, 37.5844736]], [[126.9794498, 37.5842806], [126.9798198, 37.5843068], [126.9794498, 37.5842806]], [[126.9795434, 37.5841161], [126.9794498, 37.5842806]], [[126.9794498, 37.5842806], [126.9795434, 37.5841161]], [[126.9795458, 37.5838596], [126.9794508, 37.5836648], [126.9794635, 37.5834416]], [[126.9795458, 37.5838596], [126.9795434, 37.5841161]], [[126.9795434, 37.5841161], [126.9795458, 37.5838596]], [[126.9806455, 37.5838666], [126.9797525, 37.583897], [126.9795458, 37.5838596]], [[126.9806455, 37.5838666], [126.9807102, 37.5838107], [126.9808622, 37.5835245]], [[126.9808622, 37.5835245], [126.9807102, 37.5838107], [126.9806455, 37.5838666]], [[126.9819089, 37.583815], [126.9814755, 37.5838529], [126.9806455, 37.5838666]], [[126.9808622, 37.5835245], [126.9807239, 37.5834383], [126.9806824, 37.5834737], [126.9807239, 37.5834383], [126.9808622, 37.5835245]], [[126.9809575, 37.5834257], [126.9808622, 37.5835245]], [[126.9808622, 37.5835245], [126.9809575, 37.5834257]], [[126.9809575, 37.5834257], [126.9812438, 37.5833462], [126.9809575, 37.5834257]]]}, "properties": {"name": "삼청로7길", "touristy_local": 0.333, "historic_contemporary": 0, "raw_polished": null, "n_blogs": 15, "quiet_lively": 0.004, "local_chain": -0.697, "park": -0.504, "park_v2": 0.573, "park_canopy": 0.233, "park_traverse": 0.0, "park_dest": 0.0, "park_tier": 0, "park_access": null}}, {"type": "Feature", "geometry": {"type": "MultiLineString", "coordinates": [[[126.9795464, 37.5704077], [126.9793361, 37.5704153], [126.9795464, 37.5704077]], [[126.9809987, 37.570395], [126.9795464, 37.5704077]], [[126.9795464, 37.5704077], [126.9809987, 37.570395]], [[126.9809987, 37.570395], [126.9821444, 37.5704]], [[126.9821444, 37.5704], [126.9809987, 37.570395]], [[126.9821444, 37.5704], [126.9821889, 37.5703983]], [[126.9821889, 37.5703983], [126.9821444, 37.5704]], [[126.9821889, 37.5703983], [126.9826368, 37.570493], [126.982739, 37.5705707], [126.9828275, 37.5707027], [126.9828605, 37.5709039], [126.9828275, 37.5707027], [126.982739, 37.5705707], [126.9826368, 37.570493], [126.9821889, 37.5703983]]]}, "properties": {"name": "피마길", "touristy_local": 0.333, "historic_contemporary": -0.714, "raw_polished": -0.667, "n_blogs": 15, "quiet_lively": 0.7, "local_chain": -0.697, "park": -1.0, "park_v2": -0.143, "park_canopy": 0.049, "park_traverse": 0.0, "park_dest": 0.0, "park_tier": 0, "park_access": null}}, {"type": "Feature", "geometry": {"type": "MultiLineString", "coordinates": [[[126.9798764, 37.5800936], [126.9795888, 37.5792383], [126.9795463, 37.5789859], [126.979472, 37.5780014], [126.9794829, 37.5764019], [126.9792501, 37.5761501]], [[126.97954, 37.5759024], [126.9795775, 37.5761366]], [[126.9795427, 37.5778364], [126.9796323, 37.5792004], [126.9799878, 37.5802505]], [[126.9795775, 37.5761366], [126.9795427, 37.5778364]], [[126.9795427, 37.5778364], [126.9796031, 37.5778198]], [[126.9796031, 37.5778198], [126.9795427, 37.5778364]], [[126.9799148, 37.5759551], [126.9797842, 37.5760575], [126.9795775, 37.5761366]], [[126.9796779, 37.5778097], [126.9796031, 37.5778198]], [[126.9796031, 37.5778198], [126.9796779, 37.5778097]], [[126.9804216, 37.5777095], [126.9796779, 37.5778097]], [[126.9796779, 37.5778097], [126.9804216, 37.5777095]], [[126.9799878, 37.5802505], [126.9802278, 37.5808894]], [[126.9799878, 37.5802505], [126.9800554, 37.5802413]], [[126.9800554, 37.5802413], [126.9799878, 37.5802505]], [[126.9805256, 37.5805696], [126.9805122, 37.5803719], [126.9805659, 37.5803198], [126.9805645, 37.5802571], [126.9803805, 37.5802897], [126.9803532, 37.5801946], [126.9800554, 37.5802413]], [[126.9800554, 37.5802413], [126.9803532, 37.5801946], [126.9803805, 37.5802897], [126.9805645, 37.5802571], [126.9805659, 37.5803198], [126.9805122, 37.5803719], [126.9805256, 37.5805696]], [[126.9802278, 37.5808894], [126.9801809, 37.5806461]], [[126.9801809, 37.5806461], [126.9802278, 37.5808894]], [[126.9805256, 37.5805696], [126.9801809, 37.5806461]], [[126.9801809, 37.5806461], [126.9805256, 37.5805696]], [[126.9802278, 37.5808894], [126.9802423, 37.5809256]], [[126.9802423, 37.5809256], [126.9802626, 37.5810095]], [[126.9802423, 37.5809256], [126.9802713, 37.5809129]], [[126.9802713, 37.5809129], [126.9802423, 37.5809256]], [[126.9802626, 37.5810095], [126.9806016, 37.5811669]], [[126.9806016, 37.5811669], [126.9802626, 37.5810095]], [[126.9802713, 37.5809129], [126.9805488, 37.5808608], [126.9805863, 37.5809586], [126.9805488, 37.5808608], [126.9802713, 37.5809129]], [[126.9804216, 37.5777095], [126.9804243, 37.5780774], [126.9804216, 37.5777095]], [[126.9804216, 37.5777095], [126.9806577, 37.5776777], [126.9804216, 37.5777095]], [[126.9805256, 37.5805696], [126.9805704, 37.5806157], [126.9807766, 37.580584], [126.9808537, 37.5805291], [126.9807766, 37.580584], [126.9805704, 37.5806157], [126.9805256, 37.5805696]], [[126.9806016, 37.5811669], [126.9810216, 37.5814153]], [[126.9810216, 37.5814153], [126.9806016, 37.5811669]], [[126.9818111, 37.5857697], [126.9816901, 37.5857755], [126.9815394, 37.5858884], [126.9813472, 37.5862106], [126.9809562, 37.5861917], [126.9807832, 37.586099]], [[126.9807832, 37.586099], [126.9809562, 37.5861917], [126.9813472, 37.5862106], [126.9815394, 37.5858884], [126.9816901, 37.5857755], [126.9818111, 37.5857697]], [[126.9807832, 37.586099], [126.9807355, 37.5857759], [126.9806609, 37.585494], [126.9807355, 37.5857759], [126.9807832, 37.586099]], [[126.98085, 37.5816062], [126.9806255, 37.5817973], [126.980337, 37.581978], [126.9806255, 37.5817973], [126.98085, 37.5816062]], [[126.98085, 37.5816062], [126.9806581, 37.5814849], [126.98085, 37.5816062]], [[126.98085, 37.5816062], [126.9810216, 37.5814153]], [[126.9810216, 37.5814153], [126.98085, 37.5816062]], [[126.9811153, 37.5814955], [126.9810216, 37.5814153]], [[126.9810216, 37.5814153], [126.9811153, 37.5814955]], [[126.9811153, 37.5814955], [126.9812469, 37.5816325]], [[126.9812469, 37.5816325], [126.9811153, 37.5814955]], [[126.981214, 37.5819999], [126.9812865, 37.5820829], [126.981214, 37.5819999]], [[126.981214, 37.5819999], [126.9814073, 37.5819064]], [[126.9814073, 37.5819064], [126.981214, 37.5819999]], [[126.9812469, 37.5816325], [126.9814073, 37.5819064]], [[126.9814073, 37.5819064], [126.9812469, 37.5816325]], [[126.9812469, 37.5816325], [126.9810728, 37.581737], [126.9811032, 37.5817861], [126.9810728, 37.581737], [126.9812469, 37.5816325]], [[126.9815947, 37.5821314], [126.9814073, 37.5819064]], [[126.9814073, 37.5819064], [126.9815947, 37.5821314]], [[126.9817327, 37.5822858], [126.9815947, 37.5821314]], [[126.9815947, 37.5821314], [126.9817327, 37.5822858]], [[126.9815947, 37.5821314], [126.9812433, 37.582275], [126.9813394, 37.5824875], [126.9812433, 37.582275], [126.9815947, 37.5821314]], [[126.9816866, 37.5863541], [126.9816885, 37.5863874], [126.9816866, 37.5863541]], [[126.9816909, 37.5862259], [126.9816866, 37.5863541]], [[126.9816866, 37.5863541], [126.9816909, 37.5862259]], [[126.9816909, 37.5862259], [126.9819862, 37.5862282], [126.9816909, 37.5862259]], [[126.9816909, 37.5862259], [126.9817085, 37.5860204], [126.9817581, 37.5858939]], [[126.9817581, 37.5858939], [126.9817085, 37.5860204], [126.9816909, 37.5862259]], [[126.9817327, 37.5822858], [126.9818299, 37.5824533], [126.9818388, 37.5826845]], [[126.9818388, 37.5826845], [126.9818299, 37.5824533], [126.9817327, 37.5822858]], [[126.9818111, 37.5857697], [126.9817581, 37.5858939]], [[126.9817581, 37.5858939], [126.9818111, 37.5857697]], [[126.9818111, 37.5857697], [126.9819687, 37.5855098], [126.9819917, 37.5853962], [126.9820188, 37.5851596]], [[126.9820188, 37.5851596], [126.9820127, 37.5851886], [126.9819917, 37.5853962], [126.9819687, 37.5855098], [126.9818111, 37.5857697]], [[126.9818142, 37.5831259], [126.9821376, 37.58313], [126.9818142, 37.5831259]], [[126.9818142, 37.5831259], [126.981894, 37.5833977]], [[126.981894, 37.5833977], [126.9818142, 37.5831259]], [[126.9818244, 37.5829314], [126.9818142, 37.5831259]], [[126.9818142, 37.5831259], [126.9818244, 37.5829314]], [[126.9818244, 37.5829314], [126.9820681, 37.582941], [126.9818244, 37.5829314]], [[126.9818388, 37.5826845], [126.9818244, 37.5829314]], [[126.9818244, 37.5829314], [126.9818388, 37.5826845]], [[126.9818388, 37.5826845], [126.9814389, 37.5827813], [126.9811465, 37.5828975], [126.9814389, 37.5827813], [126.9818388, 37.5826845]], [[126.9819089, 37.583815], [126.9818825, 37.5834788]], [[126.9818825, 37.5834788], [126.9819089, 37.583815]], [[126.9818825, 37.5834788], [126.981894, 37.5833977]], [[126.981894, 37.5833977], [126.9818825, 37.5834788]], [[126.981894, 37.5833977], [126.982073, 37.5834078], [126.981894, 37.5833977]], [[126.9819089, 37.583815], [126.9820937, 37.5844451]], [[126.9820937, 37.5844451], [126.9819089, 37.583815]], [[126.9819089, 37.583815], [126.9821391, 37.5837748], [126.9819089, 37.583815]], [[126.9820188, 37.5851596], [126.9818919, 37.5851986], [126.9818046, 37.5852001], [126.9818919, 37.5851986], [126.9820188, 37.5851596]], [[126.9820218, 37.5850625], [126.9820188, 37.5851596]], [[126.9820188, 37.5851596], [126.9820218, 37.5850625]], [[126.9820218, 37.5850625], [126.9823712, 37.5851149], [126.9824181, 37.5851624], [126.9825946, 37.5850867], [126.982786, 37.5852685], [126.9830294, 37.585327], [126.982786, 37.5852685], [126.9825946, 37.5850867], [126.9824181, 37.5851624], [126.9823712, 37.5851149], [126.9820218, 37.5850625]], [[126.9820218, 37.5850625], [126.9821256, 37.5848361]], [[126.9821256, 37.5848361], [126.9820218, 37.5850625]], [[126.9820937, 37.5844451], [126.9821284, 37.5845475]], [[126.9821284, 37.5845475], [126.9820937, 37.5844451]], [[126.9822764, 37.5843184], [126.9823032, 37.5844098], [126.9820937, 37.5844451]], [[126.9820937, 37.5844451], [126.9823032, 37.5844098], [126.9822764, 37.5843184]], [[126.9821256, 37.5848361], [126.9823956, 37.5848554], [126.9825176, 37.5849053], [126.9826986, 37.5848995], [126.9825176, 37.5849053], [126.9823956, 37.5848554], [126.9821256, 37.5848361]], [[126.9821292, 37.5847023], [126.9821256, 37.5848361]], [[126.9821256, 37.5848361], [126.9821292, 37.5847023]], [[126.9821292, 37.5847023], [126.9821284, 37.5845475]], [[126.9821284, 37.5845475], [126.9821292, 37.5847023]], [[126.9821284, 37.5845475], [126.9823056, 37.5845285], [126.9825517, 37.5845129], [126.9825971, 37.5846445], [126.9825517, 37.5845129], [126.9821284, 37.5845475]], [[126.9821292, 37.5847023], [126.9818126, 37.5847465], [126.9817688, 37.5846303], [126.9818126, 37.5847465], [126.9821292, 37.5847023]], [[126.9822764, 37.5843184], [126.9821954, 37.5841098], [126.9825796, 37.5840441], [126.9821954, 37.5841098], [126.9822764, 37.5843184]]]}, "properties": {"name": "삼청로", "touristy_local": 0, "historic_contemporary": 0.143, "raw_polished": 1, "n_blogs": 15, "quiet_lively": -0.091, "local_chain": 0.036, "park": -0.305, "park_v2": 0.593, "park_canopy": 0.245, "park_traverse": 0.0, "park_dest": 0.0, "park_tier": 0, "park_access": null}}, {"type": "Feature", "geometry": {"type": "MultiLineString", "coordinates": [[[127.0099053, 37.5766452], [127.0099, 37.5767705], [127.0099053, 37.5766452]], [[127.0099053, 37.5766452], [127.0094626, 37.5766597], [127.0099053, 37.5766452]], [[127.0099053, 37.5766452], [127.0099548, 37.5761952]], [[127.0099548, 37.5761952], [127.0099053, 37.5766452]], [[127.0099548, 37.5761952], [127.0099995, 37.575958], [127.0099667, 37.5758076], [127.0099995, 37.575958], [127.0099548, 37.5761952]]]}, "properties": {"name": "창신9길", "touristy_local": 0, "historic_contemporary": -0.333, "raw_polished": -0.333, "n_blogs": 15, "quiet_lively": -0.829, "local_chain": -0.697, "park": -1.0, "park_v2": -0.528, "park_canopy": 0.006, "park_traverse": 0.0, "park_dest": 0.0, "park_tier": 0, "park_access": null}}, {"type": "Feature", "geometry": {"type": "MultiLineString", "coordinates": [[[126.9979367, 37.5666342], [126.9981329, 37.5666429]], [[126.9981329, 37.5666429], [126.9979367, 37.5666342]], [[126.9979367, 37.5666342], [126.9961317, 37.5665406], [126.9954133, 37.5665038], [126.9961317, 37.5665406], [126.9979367, 37.5666342]], [[126.9984714, 37.5666544], [126.9981329, 37.5666429]], [[126.9981329, 37.5666429], [126.9984714, 37.5666544]], [[127.0021323, 37.5668515], [127.0004125, 37.5667384], [126.9984714, 37.5666544]], [[126.9984714, 37.5666544], [127.0004125, 37.5667384], [127.0021323, 37.5668515]], [[127.0021323, 37.5668515], [127.0023989, 37.5668582], [127.0021323, 37.5668515]]]}, "properties": {"name": "을지로지하상가", "touristy_local": -1, "historic_contemporary": -1, "raw_polished": -0.333, "n_blogs": 15, "quiet_lively": null, "local_chain": -0.24, "park": -0.64, "park_v2": 0.43, "park_canopy": 0.171, "park_traverse": 0.0, "park_dest": 0.0, "park_tier": 0, "park_access": null}}, {"type": "Feature", "geometry": {"type": "MultiLineString", "coordinates": [[[126.9926457, 37.5663018], [126.9924368, 37.5681812]], [[126.9926457, 37.5663018], [126.9926514, 37.5662633], [126.9926457, 37.5663018]]]}, "properties": {"name": "충무로", "touristy_local": 1, "historic_contemporary": 0, "raw_polished": null, "n_blogs": 15, "quiet_lively": null, "local_chain": 0.556, "park": -0.831, "park_v2": -0.124, "park_canopy": 0.052, "park_traverse": 0.0, "park_dest": 0.0, "park_tier": 0, "park_access": null}}, {"type": "Feature", "geometry": {"type": "MultiLineString", "coordinates": [[[126.9819124, 37.5820757], [126.9819794, 37.5824043], [126.9820633, 37.5824011], [126.9820578, 37.582745], [126.982215, 37.5827782], [126.9820578, 37.582745], [126.9820633, 37.5824011], [126.9819794, 37.5824043], [126.9819124, 37.5820757]], [[126.9819124, 37.5820757], [126.981838, 37.5820648], [126.9816271, 37.5818219], [126.981838, 37.5820648], [126.9819124, 37.5820757]], [[126.982082, 37.5819651], [126.9819124, 37.5820757]], [[126.9819124, 37.5820757], [126.982082, 37.5819651]], [[126.982082, 37.5819651], [126.9821193, 37.5819402], [126.9821583, 37.5818698], [126.9821193, 37.5819402], [126.982082, 37.5819651]]]}, "properties": {"name": "삼청로4길", "touristy_local": -0.333, "historic_contemporary": -0.333, "raw_polished": null, "n_blogs": 15, "quiet_lively": -0.118, "local_chain": -0.266, "park": -1.0, "park_v2": -0.788, "park_canopy": 0.0, "park_traverse": 0.0, "park_dest": 0.0, "park_tier": 0, "park_access": null}}, {"type": "Feature", "geometry": {"type": "MultiLineString", "coordinates": [[[126.9886377, 37.5754109], [126.9885177, 37.5753914]], [[126.9885177, 37.5753914], [126.9886377, 37.5754109]], [[126.9885177, 37.5753914], [126.9869025, 37.5751383], [126.9885177, 37.5753914]], [[126.9892565, 37.5755238], [126.9886377, 37.5754109]], [[126.9886377, 37.5754109], [126.9892565, 37.5755238]], [[126.9886377, 37.5754109], [126.9886832, 37.5759677]], [[126.9886832, 37.5759677], [126.9886377, 37.5754109]], [[126.9886832, 37.5759677], [126.9886841, 37.5760411], [126.9886832, 37.5759677]], [[126.9892565, 37.5755238], [126.9897042, 37.5755617]], [[126.9897042, 37.5755617], [126.9892565, 37.5755238]], [[126.9896401, 37.5759353], [126.9895859, 37.5759507], [126.9895865, 37.5761652], [126.9895859, 37.5759507], [126.9896401, 37.5759353]], [[126.9896401, 37.5759353], [126.9897042, 37.5755617]], [[126.9897042, 37.5755617], [126.9896401, 37.5759353]], [[126.9897042, 37.5755617], [126.9900129, 37.5755819]], [[126.9900129, 37.5755819], [126.9897042, 37.5755617]], [[126.9897042, 37.5755617], [126.9897436, 37.5751479], [126.9897042, 37.5755617]], [[126.9903175, 37.5756019], [126.9900129, 37.5755819]], [[126.9900129, 37.5755819], [126.9903175, 37.5756019]], [[126.9903175, 37.5756019], [126.9906216, 37.5756569], [126.9903175, 37.5756019]]]}, "properties": {"name": "삼일대로32길", "touristy_local": 0.5, "historic_contemporary": -0.333, "raw_polished": 1, "n_blogs": 15, "quiet_lively": 0.551, "local_chain": 0.273, "park": -0.906, "park_v2": -0.059, "park_canopy": 0.058, "park_traverse": 0.0, "park_dest": 0.0, "park_tier": 0, "park_access": null}}, {"type": "Feature", "geometry": {"type": "LineString", "coordinates": [[126.9901753, 37.5680396], [126.990217, 37.5681124], [126.9901753, 37.5680396]]}, "properties": {"name": "수표교 진출입 계단 10번", "touristy_local": -1, "historic_contemporary": -1, "raw_polished": null, "n_blogs": 15, "quiet_lively": null, "local_chain": -0.697, "park": 0.0, "park_v2": 0.912, "park_canopy": 0.823, "park_traverse": 0.0, "park_dest": 0.0, "park_tier": 0, "park_access": null}}, {"type": "Feature", "geometry": {"type": "MultiLineString", "coordinates": [[[127.0076153, 37.5751979], [127.0076143, 37.5752816], [127.007718, 37.5753713], [127.0076143, 37.5752816], [127.0076153, 37.5751979]], [[127.0076153, 37.5751979], [127.0075014, 37.5752293], [127.0076153, 37.5751979]], [[127.0076153, 37.5751979], [127.0076662, 37.5751848]], [[127.0076662, 37.5751848], [127.0076153, 37.5751979]], [[127.0079142, 37.575144], [127.0076662, 37.5751848]], [[127.0076662, 37.5751848], [127.0079142, 37.575144]], [[127.0077214, 37.5755072], [127.0076625, 37.5756529], [127.0077214, 37.5755072]], [[127.0077214, 37.5755072], [127.0076431, 37.5754889], [127.0075078, 37.5754788], [127.0076431, 37.5754889], [127.0077214, 37.5755072]], [[127.0079142, 37.575144], [127.0078603, 37.5753809], [127.0077214, 37.5755072]], [[127.0077214, 37.5755072], [127.0078603, 37.5753809], [127.0079142, 37.575144]], [[127.0079493, 37.5750515], [127.0078771, 37.574956]], [[127.0078771, 37.574956], [127.0079493, 37.5750515]], [[127.0078771, 37.574956], [127.0078012, 37.574872], [127.0078897, 37.5748061], [127.0080206, 37.5747401], [127.0080472, 37.5745312], [127.0080065, 37.5744835], [127.0079004, 37.5744597], [127.0080065, 37.5744835], [127.0080472, 37.5745312], [127.0080206, 37.5747401], [127.0078012, 37.574872], [127.0078771, 37.574956]], [[127.0079737, 37.5749081], [127.0078771, 37.574956]], [[127.0078771, 37.574956], [127.0079737, 37.5749081]], [[127.0079142, 37.575144], [127.0079493, 37.5750515]], [[127.0079493, 37.5750515], [127.0079142, 37.575144]], [[127.0079737, 37.5749081], [127.0080144, 37.5749698], [127.0081607, 37.5749247], [127.0084555, 37.5750085], [127.0084534, 37.5750584], [127.0086318, 37.5751478], [127.0084534, 37.5750584], [127.0084555, 37.5750085], [127.0081607, 37.5749247], [127.0080144, 37.5749698], [127.0079737, 37.5749081]]]}, "properties": {"name": "충신2길", "touristy_local": 0.6, "historic_contemporary": -1, "raw_polished": -1, "n_blogs": 15, "quiet_lively": 0.122, "local_chain": -0.697, "park": -0.956, "park_v2": 0.182, "park_canopy": 0.101, "park_traverse": 0.0, "park_dest": 0.0, "park_tier": 0, "park_access": null}}, {"type": "Feature", "geometry": {"type": "LineString", "coordinates": [[127.004312, 37.5807433], [127.0047568, 37.5808076], [127.0053506, 37.5808429], [127.0047568, 37.5808076], [127.004312, 37.5807433]]}, "properties": {"name": "동숭2길", "touristy_local": 1, "historic_contemporary": 1, "raw_polished": null, "n_blogs": 15, "quiet_lively": -0.928, "local_chain": -0.697, "park": -1.0, "park_v2": -0.547, "park_canopy": 0.005, "park_traverse": 0.0, "park_dest": 0.0, "park_tier": 0, "park_access": null}}, {"type": "Feature", "geometry": {"type": "MultiLineString", "coordinates": [[[127.0035302, 37.5755977], [127.0034457, 37.5759725], [127.0034437, 37.5761028], [127.0034457, 37.5759725], [127.0035302, 37.5755977]], [[127.0036874, 37.5748617], [127.0035302, 37.5755977]], [[127.0035302, 37.5755977], [127.0036874, 37.5748617]], [[127.0036874, 37.5748617], [127.0037431, 37.5742038]], [[127.0037431, 37.5742038], [127.0036874, 37.5748617]], [[127.0037431, 37.5742038], [127.0036109, 37.5741338], [127.0037431, 37.5742038]]]}, "properties": {"name": "율곡로16길", "touristy_local": -0.333, "historic_contemporary": -0.143, "raw_polished": null, "n_blogs": 15, "quiet_lively": -0.574, "local_chain": -0.247, "park": -1.0, "park_v2": -0.769, "park_canopy": 0.0, "park_traverse": 0.0, "park_dest": 0.0, "park_tier": 0, "park_access": null}}, {"type": "Feature", "geometry": {"type": "MultiLineString", "coordinates": [[[127.0065311, 37.5760781], [127.0064701, 37.5763701], [127.0065311, 37.5760781]], [[127.0065816, 37.5758366], [127.0065311, 37.5760781]], [[127.0065311, 37.5760781], [127.0065816, 37.5758366]], [[127.0065816, 37.5758366], [127.0068421, 37.5758668], [127.0068636, 37.5759019], [127.0068328, 37.5761029], [127.0068636, 37.5759019], [127.0068421, 37.5758668], [127.0065816, 37.5758366]], [[127.0066229, 37.5756385], [127.0065816, 37.5758366]], [[127.0065816, 37.5758366], [127.0066229, 37.5756385]], [[127.0066229, 37.5756385], [127.0071606, 37.5756848], [127.0066229, 37.5756385]], [[127.0066229, 37.5756385], [127.0063794, 37.5756134], [127.0066229, 37.5756385]]]}, "properties": {"name": "율곡로23가길", "touristy_local": null, "historic_contemporary": 1, "raw_polished": 1, "n_blogs": 15, "quiet_lively": 0.122, "local_chain": -0.697, "park": -1.0, "park_v2": -0.775, "park_canopy": 0.0, "park_traverse": 0.0, "park_dest": 0.0, "park_tier": 0, "park_access": null}}, {"type": "Feature", "geometry": {"type": "MultiLineString", "coordinates": [[[127.0056739, 37.5756408], [127.0059994, 37.5757162]], [[127.0059994, 37.5757162], [127.0056739, 37.5756408]], [[127.0056739, 37.5756408], [127.0056262, 37.575747], [127.0055202, 37.5759954], [127.0056262, 37.575747], [127.0056739, 37.5756408]], [[127.0058811, 37.5751894], [127.0056739, 37.5756408]], [[127.0056739, 37.5756408], [127.0057344, 37.5754908], [127.0058811, 37.5751894]], [[127.0058811, 37.5751894], [127.0062179, 37.575318], [127.0064552, 37.575414], [127.0062179, 37.575318], [127.0058811, 37.5751894]], [[127.0058811, 37.5751894], [127.0059016, 37.5751481], [127.0059819, 37.5749891], [127.0059016, 37.5751481], [127.0058811, 37.5751894]], [[127.0059994, 37.5757162], [127.0063025, 37.5757809], [127.0059994, 37.5757162]]]}, "properties": {"name": "율곡로19가길", "touristy_local": null, "historic_contemporary": 0.333, "raw_polished": 0, "n_blogs": 15, "quiet_lively": -0.323, "local_chain": -0.697, "park": -1.0, "park_v2": -0.782, "park_canopy": 0.0, "park_traverse": 0.0, "park_dest": 0.0, "park_tier": 0, "park_access": null}}, {"type": "Feature", "geometry": {"type": "LineString", "coordinates": [[126.9896642, 37.5682765], [126.9896719, 37.5681964], [126.9896642, 37.5682765]]}, "properties": {"name": "탈출 사다리", "touristy_local": null, "historic_contemporary": null, "raw_polished": -1, "n_blogs": 12, "quiet_lively": null, "local_chain": null, "park": 0.0, "park_v2": 0.958, "park_canopy": 0.971, "park_traverse": 0.0, "park_dest": 0.0, "park_tier": 0, "park_access": null}}, {"type": "Feature", "geometry": {"type": "MultiLineString", "coordinates": [[[126.9905206, 37.5707067], [126.9913967, 37.5707612]], [[126.9913967, 37.5707612], [126.9905206, 37.5707067]], [[126.9905206, 37.5707067], [126.9904984, 37.5709578], [126.9907327, 37.5709981], [126.9904984, 37.5709578], [126.9905206, 37.5707067]], [[126.9905206, 37.5707067], [126.9901281, 37.570687], [126.9894269, 37.5706449], [126.9901281, 37.570687], [126.9905206, 37.5707067]], [[126.9917646, 37.5707877], [126.9913967, 37.5707612]], [[126.9913967, 37.5707612], [126.9917646, 37.5707877]], [[126.9917646, 37.5707877], [126.992113, 37.5708077], [126.9917646, 37.5707877]]]}, "properties": {"name": "돈화문로5길", "touristy_local": -0.333, "historic_contemporary": -0.333, "raw_polished": -1, "n_blogs": 15, "quiet_lively": 0.878, "local_chain": 0.359, "park": -1.0, "park_v2": -0.56, "park_canopy": 0.004, "park_traverse": 0.0, "park_dest": 0.0, "park_tier": 0, "park_access": null}}, {"type": "Feature", "geometry": {"type": "MultiLineString", "coordinates": [[[126.9810112, 37.5730969], [126.9812545, 37.5735061], [126.9813683, 37.573989]], [[126.9813683, 37.573989], [126.9812545, 37.5735061], [126.9810112, 37.5730969]], [[126.9810112, 37.5730969], [126.9808656, 37.5727907], [126.9804786, 37.572379], [126.9808656, 37.5727907], [126.9810112, 37.5730969]], [[126.9817506, 37.5748414], [126.9816671, 37.574731], [126.9813683, 37.573989]], [[126.9813683, 37.573989], [126.9816671, 37.574731], [126.9817506, 37.5748414]], [[126.9819183, 37.5750979], [126.9818077, 37.575001], [126.9817506, 37.5748414]], [[126.9817506, 37.5748414], [126.9818077, 37.575001], [126.9819183, 37.5750979]], [[126.9819183, 37.5750979], [126.9825218, 37.5753986], [126.9819183, 37.5750979]], [[126.9819183, 37.5750979], [126.9820632, 37.5749814], [126.9824457, 37.5748867], [126.9820632, 37.5749814], [126.9819183, 37.5750979]]]}, "properties": {"name": "율곡로4길", "touristy_local": -1, "historic_contemporary": -1, "raw_polished": null, "n_blogs": 14, "quiet_lively": 0.346, "local_chain": 0.839, "park": -0.687, "park_v2": 0.612, "park_canopy": 0.257, "park_traverse": 0.0, "park_dest": 0.0, "park_tier": 0, "park_access": null}}, {"type": "Feature", "geometry": {"type": "MultiLineString", "coordinates": [[[127.0042776, 37.5833354], [127.0046224, 37.5834968], [127.0048452, 37.5836355], [127.005013, 37.5838099]], [[127.005013, 37.5838099], [127.0048452, 37.5836355], [127.0042776, 37.5833354]], [[127.0042776, 37.5833354], [127.0040416, 37.5831857], [127.003749, 37.5830522], [127.0040416, 37.5831857], [127.0042776, 37.5833354]], [[127.005013, 37.5838099], [127.005099, 37.5839215]], [[127.005099, 37.5839215], [127.005013, 37.5838099]], [[127.005013, 37.5838099], [127.0053809, 37.5837259], [127.0055639, 37.5837784], [127.0056196, 37.5838667]], [[127.0056196, 37.5838667], [127.0055639, 37.5837784], [127.0053809, 37.5837259], [127.005013, 37.5838099]], [[127.005099, 37.5839215], [127.0051463, 37.5839989]], [[127.0051463, 37.5839989], [127.005099, 37.5839215]], [[127.005099, 37.5839215], [127.0048292, 37.584155], [127.005099, 37.5839215]], [[127.0052841, 37.5846762], [127.0054022, 37.5845908], [127.0054606, 37.5844837], [127.005442, 37.5843744], [127.0051463, 37.5839989]], [[127.0051463, 37.5839989], [127.005442, 37.5843744], [127.0054606, 37.5844837], [127.0054022, 37.5845908], [127.0052841, 37.5846762]], [[127.0052841, 37.5846762], [127.0051292, 37.5847883], [127.0051268, 37.5848175], [127.005213, 37.5848739], [127.0058213, 37.5850785], [127.005213, 37.5848739], [127.0051268, 37.5848175], [127.0051292, 37.5847883], [127.0052841, 37.5846762]], [[127.0056196, 37.5838667], [127.0056912, 37.5839255], [127.0058026, 37.5839718], [127.0056912, 37.5839255], [127.0056196, 37.5838667]], [[127.0038547, 37.5828489], [127.0040416, 37.582982], [127.0043686, 37.5831181], [127.0040416, 37.582982], [127.0038547, 37.5828489]]]}, "properties": {"name": "동숭4길", "touristy_local": 1, "historic_contemporary": -0.2, "raw_polished": 0, "n_blogs": 15, "quiet_lively": -0.681, "local_chain": -0.023, "park": -0.961, "park_v2": -0.111, "park_canopy": 0.053, "park_traverse": 0.0, "park_dest": 0.0, "park_tier": 0, "park_access": null}}, {"type": "Feature", "geometry": {"type": "MultiLineString", "coordinates": [[[126.9912165, 37.5700054], [126.9903797, 37.5699465]], [[126.9903797, 37.5699465], [126.9912165, 37.5700054]], [[126.9903797, 37.5699465], [126.9894978, 37.5698609], [126.9903797, 37.5699465]], [[126.9912165, 37.5700054], [126.9917828, 37.5700001]], [[126.9917828, 37.5700001], [126.9912165, 37.5700054]], [[126.9917828, 37.5700001], [126.9922156, 37.5699961], [126.9917828, 37.5700001]], [[126.9907885, 37.5697575], [126.9910912, 37.569798], [126.9912213, 37.5697988], [126.9910912, 37.569798], [126.9907885, 37.5697575]]]}, "properties": {"name": "수표로20길", "touristy_local": -0.333, "historic_contemporary": 0, "raw_polished": -1, "n_blogs": 15, "quiet_lively": 0.878, "local_chain": 0.53, "park": -1.0, "park_v2": -0.71, "park_canopy": 0.0, "park_traverse": 0.0, "park_dest": 0.0, "park_tier": 0, "park_access": null}}, {"type": "Feature", "geometry": {"type": "MultiLineString", "coordinates": [[[126.9885546, 37.5809192], [126.9884921, 37.5808185], [126.9884475, 37.5803373]], [[126.9884475, 37.5803373], [126.9884921, 37.5808185], [126.9885546, 37.5809192]], [[126.9885546, 37.5809192], [126.9886042, 37.580749], [126.9887243, 37.5805893], [126.9887249, 37.5804945], [126.9886704, 37.5803335], [126.9887628, 37.5800445], [126.9885299, 37.5800105], [126.9884475, 37.5803373]], [[126.9884475, 37.5803373], [126.9885299, 37.5800105], [126.9887628, 37.5800445], [126.9886704, 37.5803335], [126.9887249, 37.5804945], [126.9887243, 37.5805893], [126.9886042, 37.580749], [126.9885546, 37.5809192]], [[126.9885717, 37.581028], [126.9885546, 37.5809192]], [[126.9885546, 37.5809192], [126.9885717, 37.581028]], [[126.9885717, 37.581028], [126.9886795, 37.5812041], [126.9887891, 37.581382], [126.9886795, 37.5812041], [126.9885717, 37.581028]], [[126.9885717, 37.581028], [126.9887004, 37.5810257], [126.9885717, 37.581028]]]}, "properties": {"name": "창덕궁3가길", "touristy_local": -0.333, "historic_contemporary": -1, "raw_polished": -1, "n_blogs": 15, "quiet_lively": -0.422, "local_chain": 0.691, "park": -0.744, "park_v2": 0.202, "park_canopy": 0.103, "park_traverse": 0.0, "park_dest": 0.0, "park_tier": 0, "park_access": null}}, {"type": "Feature", "geometry": {"type": "MultiLineString", "coordinates": [[[126.9933717, 37.5667414], [126.9936561, 37.5667498], [126.9936696, 37.566809], [126.9945322, 37.5667957], [126.9936696, 37.566809], [126.9936561, 37.5667498], [126.9933717, 37.5667414]], [[126.9934196, 37.5671991], [126.9933615, 37.5669588], [126.9933717, 37.5667414]], [[126.9933717, 37.5667414], [126.9933615, 37.5669588], [126.9934196, 37.5671991]], [[126.9933717, 37.5667414], [126.9934151, 37.5664679], [126.9933717, 37.5667414]], [[126.9934802, 37.5674185], [126.9934196, 37.5671991]], [[126.9934196, 37.5671991], [126.9934802, 37.5674185]], [[126.9936693, 37.5678048], [126.9934802, 37.5674185]], [[126.9934802, 37.5674185], [126.9936693, 37.5678048]], [[126.9934802, 37.5674185], [126.9936881, 37.5674119], [126.9937581, 37.567584], [126.9940124, 37.5675424], [126.9940332, 37.5676603]], [[126.9940332, 37.5676603], [126.9940124, 37.5675424], [126.9937581, 37.567584], [126.9936881, 37.5674119], [126.9934802, 37.5674185]], [[126.9936693, 37.5678048], [126.9937431, 37.5680712], [126.9937493, 37.5682942], [126.9937431, 37.5680712], [126.9936693, 37.5678048]], [[126.9936693, 37.5678048], [126.9940468, 37.5677378]], [[126.9940468, 37.5677378], [126.9936693, 37.5678048]], [[126.9940468, 37.5677378], [126.9940332, 37.5676603]], [[126.9940332, 37.5676603], [126.9940468, 37.5677378]], [[126.9940468, 37.5677378], [126.9941892, 37.5677388], [126.9943995, 37.5677576], [126.9941892, 37.5677388], [126.9940468, 37.5677378]]]}, "properties": {"name": "을지로15길", "touristy_local": 0.333, "historic_contemporary": 0.333, "raw_polished": 0, "n_blogs": 15, "quiet_lively": 0.878, "local_chain": 0.622, "park": -0.956, "park_v2": -0.195, "park_canopy": 0.044, "park_traverse": 0.0, "park_dest": 0.0, "park_tier": 0, "park_access": null}}, {"type": "Feature", "geometry": {"type": "MultiLineString", "coordinates": [[[127.005791, 37.5693886], [127.0025818, 37.5694051], [127.0025716, 37.5694056], [127.0025818, 37.5694051], [127.005791, 37.5693886]], [[127.005791, 37.5693886], [127.006451, 37.5693851], [127.0064542, 37.5693452], [127.0066628, 37.5693434], [127.0067262, 37.5694012], [127.0093444, 37.5695149], [127.0093915, 37.5695392], [127.0093444, 37.5695149], [127.0067262, 37.5694012], [127.0066628, 37.5693434], [127.0064542, 37.5693452], [127.006451, 37.5693851], [127.005791, 37.5693886]]]}, "properties": {"name": "평화시장 2층 3층 연결 통로", "touristy_local": null, "historic_contemporary": -1, "raw_polished": null, "n_blogs": 11, "quiet_lively": 0.243, "local_chain": -0.036, "park": 0.0, "park_v2": 0.834, "park_canopy": 0.552, "park_traverse": 0.0, "park_dest": 0.0, "park_tier": 0, "park_access": null}}, {"type": "Feature", "geometry": {"type": "LineString", "coordinates": [[126.9851722, 37.5790633], [126.9857438, 37.5792189], [126.9864417, 37.5793398], [126.9867211, 37.5793403], [126.9864417, 37.5793398], [126.9857438, 37.5792189], [126.9851722, 37.5790633]]}, "properties": {"name": "북촌로4길", "touristy_local": -0.6, "historic_contemporary": 0.333, "raw_polished": null, "n_blogs": 15, "quiet_lively": -0.354, "local_chain": -0.201, "park": -1.0, "park_v2": -0.567, "park_canopy": 0.003, "park_traverse": 0.0, "park_dest": 0.0, "park_tier": 0, "park_access": null}}, {"type": "Feature", "geometry": {"type": "MultiLineString", "coordinates": [[[126.9964773, 37.5682962], [126.9963636, 37.5683561], [126.996307, 37.5685161], [126.9963636, 37.5683561], [126.9964773, 37.5682962]], [[126.9965353, 37.5682732], [126.9964773, 37.5682962]], [[126.9964773, 37.5682962], [126.9965353, 37.5682732]], [[126.9965353, 37.5682732], [126.9967255, 37.5682434], [126.9968141, 37.568279], [126.9970076, 37.5682332]], [[126.9970076, 37.5682332], [126.9968141, 37.568279], [126.9967255, 37.5682434], [126.9965353, 37.5682732]], [[126.9970076, 37.5682332], [126.9970994, 37.5681663]], [[126.9970994, 37.5681663], [126.9970076, 37.5682332]], [[126.9972787, 37.5680619], [126.9970994, 37.5681663]], [[126.9970994, 37.5681663], [126.9972787, 37.5680619]], [[126.9972787, 37.5680619], [126.9975599, 37.5679481]], [[126.9975599, 37.5679481], [126.9972787, 37.5680619]], [[126.9977687, 37.5675875], [126.9977425, 37.567856], [126.9975599, 37.5679481]], [[126.9975599, 37.5679481], [126.9977425, 37.567856], [126.9977687, 37.5675875]], [[126.9977687, 37.5675875], [126.9977876, 37.5673675], [126.9978317, 37.5672156], [126.9977876, 37.5673675], [126.9977687, 37.5675875]]]}, "properties": {"name": "창경궁로5가길", "touristy_local": 0.5, "historic_contemporary": 0.333, "raw_polished": 1, "n_blogs": 15, "quiet_lively": 0.878, "local_chain": -0.306, "park": -0.848, "park_v2": 0.384, "park_canopy": 0.151, "park_traverse": 0.0, "park_dest": 0.0, "park_tier": 0, "park_access": null}}, {"type": "Feature", "geometry": {"type": "MultiLineString", "coordinates": [[[127.0049369, 37.5727477], [127.0052756, 37.5729106]], [[127.0052756, 37.5729106], [127.0049369, 37.5727477]], [[127.0049369, 37.5727477], [127.0047812, 37.5726632], [127.0047859, 37.5725611], [127.0047812, 37.5726632], [127.0049369, 37.5727477]], [[127.0052756, 37.5729106], [127.0054305, 37.5729651]], [[127.0054305, 37.5729651], [127.0052756, 37.5729106]], [[127.0052756, 37.5729106], [127.0052046, 37.573023], [127.0052756, 37.5729106]], [[127.005449, 37.5729716], [127.0054305, 37.5729651]], [[127.0054305, 37.5729651], [127.005449, 37.5729716]], [[127.005449, 37.5729716], [127.0055607, 37.5730129], [127.0056134, 37.5729855], [127.0056806, 37.5730311]], [[127.0056806, 37.5730311], [127.0056134, 37.5729855], [127.0055607, 37.5730129], [127.005449, 37.5729716]], [[127.005449, 37.5729716], [127.0057961, 37.5726906], [127.0059191, 37.5727675], [127.0057926, 37.5730297]], [[127.0057926, 37.5730297], [127.0059191, 37.5727675], [127.0057961, 37.5726906], [127.005449, 37.5729716]], [[127.0056806, 37.5730311], [127.005608, 37.5730986], [127.0054512, 37.5733206], [127.005608, 37.5730986], [127.0056806, 37.5730311]], [[127.0056806, 37.5730311], [127.0057926, 37.5730297]], [[127.0057926, 37.5730297], [127.0056806, 37.5730311]], [[127.0057926, 37.5730297], [127.0060943, 37.5731037]], [[127.0060943, 37.5731037], [127.0057926, 37.5730297]], [[127.0060943, 37.5731037], [127.0062062, 37.5731313], [127.0060943, 37.5731037]]]}, "properties": {"name": "종로41나길", "touristy_local": -1, "historic_contemporary": null, "raw_polished": null, "n_blogs": 15, "quiet_lively": 0.243, "local_chain": -0.697, "park": -1.0, "park_v2": -0.371, "park_canopy": 0.02, "park_traverse": 0.0, "park_dest": 0.0, "park_tier": 0, "park_access": null}}, {"type": "Feature", "geometry": {"type": "MultiLineString", "coordinates": [[[127.0087257, 37.5864424], [127.0084104, 37.5864008], [127.008244, 37.5863629], [127.0084104, 37.5864008], [127.0087257, 37.5864424]], [[127.0087257, 37.5864424], [127.0087901, 37.5861963]], [[127.0087901, 37.5861963], [127.0087257, 37.5864424]], [[127.0087901, 37.5861963], [127.0086955, 37.5861336], [127.0089129, 37.5859119], [127.0086955, 37.5861336], [127.0087901, 37.5861963]]]}, "properties": {"name": "삼선교로10나길", "touristy_local": 0, "historic_contemporary": 0, "raw_polished": null, "n_blogs": 15, "quiet_lively": null, "local_chain": -0.697, "park": -1.0, "park_v2": -0.73, "park_canopy": 0.0, "park_traverse": 0.0, "park_dest": 0.0, "park_tier": 0, "park_access": null}}, {"type": "Feature", "geometry": {"type": "MultiLineString", "coordinates": [[[126.9844468, 37.5695645], [126.9844498, 37.5697661]], [[126.9844498, 37.5697661], [126.9844468, 37.5695645]], [[126.9844468, 37.5695645], [126.9844472, 37.5691915]], [[126.9844472, 37.5691915], [126.9844468, 37.5695645]], [[126.9844471, 37.5698328], [126.9844485, 37.5701031]], [[126.9844485, 37.5701031], [126.9844471, 37.5698328]], [[126.9844471, 37.5698328], [126.9844498, 37.5697661]], [[126.9844498, 37.5697661], [126.9844471, 37.5698328]], [[126.9844472, 37.5691915], [126.9844223, 37.5687888], [126.9844472, 37.5691915]], [[126.9844485, 37.5701031], [126.9844491, 37.570153], [126.9844485, 37.5701031]]]}, "properties": {"name": "종로10길", "touristy_local": 0, "historic_contemporary": 0.5, "raw_polished": 1, "n_blogs": 15, "quiet_lively": 0.551, "local_chain": 0.911, "park": -0.834, "park_v2": 0.287, "park_canopy": 0.118, "park_traverse": 0.0, "park_dest": 0.0, "park_tier": 0, "park_access": null}}, {"type": "Feature", "geometry": {"type": "MultiLineString", "coordinates": [[[127.0052988, 37.583305], [127.0053255, 37.5834072], [127.0054772, 37.5834312], [127.0055379, 37.5834808], [127.0056196, 37.5838667], [127.0055379, 37.5834808], [127.0054772, 37.5834312], [127.0053255, 37.5834072], [127.0052988, 37.583305]], [[127.0052988, 37.583305], [127.0050485, 37.5833095], [127.0049818, 37.5831454], [127.0050485, 37.5833095], [127.0052988, 37.583305]], [[127.0052988, 37.583305], [127.0055758, 37.5832884], [127.0055948, 37.5833545], [127.0058455, 37.5833671], [127.0055948, 37.5833545], [127.0055758, 37.5832884], [127.0052988, 37.583305]]]}, "properties": {"name": "동숭4다길", "touristy_local": -1, "historic_contemporary": 1, "raw_polished": null, "n_blogs": 15, "quiet_lively": -0.548, "local_chain": -0.697, "park": -1.0, "park_v2": 0.221, "park_canopy": 0.112, "park_traverse": 0.0, "park_dest": 0.0, "park_tier": 0, "park_access": null}}, {"type": "Feature", "geometry": {"type": "MultiLineString", "coordinates": [[[127.0057319, 37.5796513], [127.0057377, 37.5798093], [127.0056043, 37.5799499], [127.0044519, 37.579953], [127.0056043, 37.5799499], [127.0057377, 37.5798093], [127.0057319, 37.5796513]], [[127.0057319, 37.5796513], [127.005741, 37.5793875]], [[127.005741, 37.5793875], [127.0057319, 37.5796513]], [[127.005741, 37.5793875], [127.0057553, 37.579108], [127.0059026, 37.578957], [127.0057553, 37.579108], [127.005741, 37.5793875]]]}, "properties": {"name": "동숭1길", "touristy_local": 1, "historic_contemporary": 0, "raw_polished": -1, "n_blogs": 15, "quiet_lively": -0.958, "local_chain": 0.72, "park": -1.0, "park_v2": -0.489, "park_canopy": 0.008, "park_traverse": 0.0, "park_dest": 0.0, "park_tier": 0, "park_access": null}}, {"type": "Feature", "geometry": {"type": "MultiLineString", "coordinates": [[[127.0047211, 37.5671046], [127.0045614, 37.5667988]], [[127.0045614, 37.5667988], [127.0047211, 37.5671046]], [[127.0045614, 37.5667988], [127.0044869, 37.5666359], [127.0045614, 37.5667988]], [[127.0048184, 37.5672911], [127.0047211, 37.5671046]], [[127.0047211, 37.5671046], [127.0048184, 37.5672911]], [[127.0048184, 37.5672911], [127.0053587, 37.5683199], [127.0048184, 37.5672911]]]}, "properties": {"name": "을지로39길", "touristy_local": 0.333, "historic_contemporary": -1, "raw_polished": -1, "n_blogs": 15, "quiet_lively": null, "local_chain": 0.97, "park": -0.284, "park_v2": 0.801, "park_canopy": 0.501, "park_traverse": 0.0, "park_dest": 0.0, "park_tier": 0, "park_access": null}}, {"type": "Feature", "geometry": {"type": "MultiLineString", "coordinates": [[[126.9791406, 37.568985], [126.9827654, 37.5687357], [126.9866336, 37.5680147], [126.9890236, 37.5679639]], [[126.9902318, 37.5683619], [126.9888744, 37.5682877], [126.9873401, 37.5683088], [126.986862, 37.5683419], [126.9827849, 37.5690741], [126.9791699, 37.5692947]], [[126.9890236, 37.5679639], [126.9924368, 37.5681812], [126.9961068, 37.5684966]], [[126.9890236, 37.5679639], [126.9890584, 37.5671929], [126.9890236, 37.5679639]], [[126.9906058, 37.5683966], [126.9902318, 37.5683619]], [[126.9902318, 37.5683619], [126.9902125, 37.5685416], [126.9902318, 37.5683619]], [[126.9905825, 37.5685702], [126.9905403, 37.568858], [126.9905825, 37.5685702]], [[126.9906058, 37.5683966], [126.9905825, 37.5685702]], [[126.9905825, 37.5685702], [126.9906058, 37.5683966]], [[126.991869, 37.5685019], [126.9906058, 37.5683966]], [[127.0100567, 37.5699499], [127.0095408, 37.5699576], [127.0077726, 37.5698511], [127.0064106, 37.5698159], [127.0022844, 37.569787], [127.0015376, 37.5697055], [126.999409, 37.5692996], [126.998408, 37.5690713], [126.9972482, 37.568884], [126.9963666, 37.5687834], [126.9950818, 37.5687294], [126.991869, 37.5685019]], [[126.991869, 37.5685019], [126.9917591, 37.5689526], [126.991869, 37.5685019]], [[126.9961068, 37.5684966], [126.9979425, 37.5687042], [126.9989784, 37.5689366], [126.9996291, 37.5690427]], [[126.9961068, 37.5684966], [126.9962052, 37.5677243], [126.9961068, 37.5684966]], [[126.9996291, 37.5690427], [127.0015053, 37.569358], [127.0023465, 37.5694622], [127.0066192, 37.5695061]], [[126.9996291, 37.5690427], [126.9996735, 37.5688032], [126.9996291, 37.5690427]], [[127.0066192, 37.5695061], [127.0093587, 37.5696263], [127.0099523, 37.5696151]], [[127.0066192, 37.5695061], [127.0066027, 37.5694054], [127.0066452, 37.5680707], [127.0066027, 37.5694054], [127.0066192, 37.5695061]]]}, "properties": {"name": "청계천로", "touristy_local": -1, "historic_contemporary": null, "raw_polished": 1, "n_blogs": 15, "quiet_lively": 0.346, "local_chain": 0.727, "park": 0.751, "park_v2": 0.866, "park_canopy": 0.693, "park_traverse": 0.0, "park_dest": 0.0, "park_tier": 0, "park_access": null}}, {"type": "Feature", "geometry": {"type": "MultiLineString", "coordinates": [[[127.0017953, 37.5662533], [127.0023119, 37.5662534], [127.0017953, 37.5662533]], [[127.0017953, 37.5662533], [127.0015261, 37.5662532], [127.0017953, 37.5662533]]]}, "properties": {"name": "동호로35길", "touristy_local": -1, "historic_contemporary": -1, "raw_polished": null, "n_blogs": 15, "quiet_lively": null, "local_chain": null, "park": -1.0, "park_v2": -0.632, "park_canopy": 0.0, "park_traverse": 0.0, "park_dest": 0.0, "park_tier": 0, "park_access": null}}, {"type": "Feature", "geometry": {"type": "MultiLineString", "coordinates": [[[126.9984197, 37.5733646], [126.9975895, 37.5733619]], [[126.9975895, 37.5733619], [126.997544, 37.5733609], [126.996636, 37.573362], [126.9966047, 37.573362], [126.997544, 37.5733609], [126.9975895, 37.5733619]], [[126.9984197, 37.5733646], [126.998676, 37.5733565]], [[126.998676, 37.5733565], [126.9984197, 37.5733646]], [[126.9993783, 37.5733254], [126.998676, 37.5733565]], [[126.998676, 37.5733565], [126.9993783, 37.5733254]], [[126.9994697, 37.5733128], [126.9993783, 37.5733254]], [[126.9993783, 37.5733254], [126.9994697, 37.5733128]], [[126.9994697, 37.5733128], [126.9996368, 37.5730032], [126.9994697, 37.5733128]], [[126.9998891, 37.5732551], [126.9994697, 37.5733128]], [[126.9994697, 37.5733128], [126.9998891, 37.5732551]], [[127.0001927, 37.5732134], [126.9998891, 37.5732551]], [[126.9998891, 37.5732551], [127.0001927, 37.5732134]], [[127.0020377, 37.5733186], [127.0004673, 37.5731844], [127.0001927, 37.5732134]], [[127.0001927, 37.5732134], [127.0004673, 37.5731844], [127.0020377, 37.5733186]], [[127.0020377, 37.5733186], [127.0037763, 37.5734738]], [[127.0037763, 37.5734738], [127.0020377, 37.5733186]], [[127.0042047, 37.5734947], [127.0037763, 37.5734738]], [[127.0037763, 37.5734738], [127.0042047, 37.5734947]], [[127.0042047, 37.5734947], [127.0046369, 37.5734866]], [[127.0046369, 37.5734866], [127.0042047, 37.5734947]], [[127.0046369, 37.5734866], [127.0056809, 37.5735214], [127.0058957, 37.5735383], [127.0056809, 37.5735214], [127.0046369, 37.5734866]], [[127.0065233, 37.5739851], [127.0065477, 37.5739153], [127.0065196, 37.5737612], [127.0063587, 37.5736379], [127.006147, 37.5735671]], [[127.0061482, 37.5735381], [127.0064336, 37.5736092], [127.0067241, 37.5736033], [127.0068598, 37.5735615], [127.0070571, 37.5734309]]]}, "properties": {"name": "김상옥로", "touristy_local": 1, "historic_contemporary": 0.333, "raw_polished": 0.333, "n_blogs": 15, "quiet_lively": -0.179, "local_chain": 0.661, "park": -0.944, "park_v2": -0.248, "park_canopy": 0.036, "park_traverse": 0.0, "park_dest": 0.0, "park_tier": 0, "park_access": null}}, {"type": "Feature", "geometry": {"type": "MultiLineString", "coordinates": [[[126.9857809, 37.5679113], [126.9857828, 37.5679761], [126.9857809, 37.5679113]], [[126.9857809, 37.5679113], [126.9857719, 37.5676134], [126.9857785, 37.56679], [126.9857719, 37.5676134], [126.9857809, 37.5679113]]]}, "properties": {"name": "을지로7길", "touristy_local": 0.333, "historic_contemporary": -1, "raw_polished": 0, "n_blogs": 15, "quiet_lively": 0.551, "local_chain": 0.885, "park": -0.795, "park_v2": 0.423, "park_canopy": 0.17, "park_traverse": 0.0, "park_dest": 0.0, "park_tier": 0, "park_access": null}}, {"type": "Feature", "geometry": {"type": "MultiLineString", "coordinates": [[[126.999744, 37.5827972], [126.999726, 37.5827892]], [[126.999726, 37.5827892], [126.999744, 37.5827972]], [[126.999726, 37.5827892], [126.9996029, 37.5827229], [126.999726, 37.5827892]], [[126.999744, 37.5827972], [126.999868, 37.5828485]], [[126.999868, 37.5828485], [126.999744, 37.5827972]], [[126.999868, 37.5828485], [126.9999666, 37.58289]], [[126.9999666, 37.58289], [126.999868, 37.5828485]], [[127.000075, 37.5829382], [126.9999666, 37.58289]], [[126.9999666, 37.58289], [127.000075, 37.5829382]], [[127.000075, 37.5829382], [127.0002072, 37.5829402]], [[127.0002072, 37.5829402], [127.000075, 37.5829382]], [[127.000727, 37.5829055], [127.0002072, 37.5829402]], [[127.0002072, 37.5829402], [127.000727, 37.5829055]], [[127.000727, 37.5829055], [127.0007311, 37.5830438]], [[127.0007311, 37.5830438], [127.000727, 37.5829055]], [[127.000727, 37.5829055], [127.0007309, 37.5827514]], [[127.0007309, 37.5827514], [127.000727, 37.5829055]], [[127.0007479, 37.5826394], [127.0007309, 37.5827514]], [[127.0007309, 37.5827514], [127.0007479, 37.5826394]], [[127.0008733, 37.5832345], [127.0008811, 37.5830515], [127.0007311, 37.5830438]], [[127.0007311, 37.5830438], [127.0008811, 37.5830515], [127.0008733, 37.5832345]], [[127.0007479, 37.5826394], [127.0007496, 37.5825281]], [[127.0007496, 37.5825281], [127.0007479, 37.5826394]], [[127.0007496, 37.5825281], [127.0007825, 37.5823403], [127.0007953, 37.5822878], [127.0007825, 37.5823403], [127.0007496, 37.5825281]], [[127.0008394, 37.5833527], [127.000805, 37.5834562], [127.0007914, 37.5835191], [127.000805, 37.5834562], [127.0008394, 37.5833527]], [[127.0008733, 37.5832345], [127.0008394, 37.5833527]], [[127.0008394, 37.5833527], [127.0008733, 37.5832345]]]}, "properties": {"name": "대명1길", "touristy_local": 0, "historic_contemporary": 0, "raw_polished": -1, "n_blogs": 15, "quiet_lively": -0.072, "local_chain": 0.109, "park": -1.0, "park_v2": -0.704, "park_canopy": 0.0, "park_traverse": 0.0, "park_dest": 0.0, "park_tier": 0, "park_access": null}}, {"type": "Feature", "geometry": {"type": "MultiLineString", "coordinates": [[[126.9792501, 37.5761501], [126.9792122, 37.5757089]], [[126.9795255, 37.5757574], [126.9798502, 37.575818], [126.9806597, 37.5758037], [126.9820354, 37.575618]], [[126.9834764, 37.575731], [126.9829568, 37.5756319], [126.9826048, 37.5756482], [126.9807812, 37.5759255], [126.9799611, 37.5759563], [126.97954, 37.5759024]], [[126.981784, 37.5752849], [126.981921, 37.575363], [126.9820354, 37.575618]], [[126.9820354, 37.575618], [126.981921, 37.575363], [126.981784, 37.5752849]], [[126.981784, 37.5752849], [126.9816059, 37.5751834], [126.981784, 37.5752849]], [[126.981784, 37.5752849], [126.981856, 37.5752014], [126.9817789, 37.5751318], [126.981856, 37.5752014], [126.981784, 37.5752849]], [[126.9820354, 37.575618], [126.9829896, 37.5754681], [126.9834448, 37.5755813], [126.9837503, 37.5757245], [126.9838771, 37.5758216]], [[126.9834764, 37.575731], [126.9830747, 37.5758348]], [[126.9838771, 37.5758216], [126.9834764, 37.575731]], [[126.9838771, 37.5758216], [126.984049, 37.5758884]], [[126.984049, 37.5758884], [126.9838771, 37.5758216]], [[126.984049, 37.5758884], [126.9843539, 37.5759937]], [[126.9843539, 37.5759937], [126.984049, 37.5758884]], [[126.9843539, 37.5759937], [126.984825, 37.5761783], [126.985489, 37.5765164]], [[126.985489, 37.5765164], [126.984825, 37.5761783], [126.9843539, 37.5759937]], [[126.9845958, 37.5751478], [126.9845476, 37.5755645], [126.9843539, 37.5759937]], [[126.9843539, 37.5759937], [126.9845476, 37.5755645], [126.9845958, 37.5751478]], [[126.9845958, 37.5751478], [126.9846333, 37.5751574], [126.9846391, 37.5751056], [126.9847926, 37.5751214], [126.9846391, 37.5751056], [126.9846333, 37.5751574], [126.9845958, 37.5751478]], [[126.985489, 37.5765164], [126.9858933, 37.5766819]], [[126.9858933, 37.5766819], [126.985489, 37.5765164]], [[126.9861959, 37.5768371], [126.9858933, 37.5766819]], [[126.9858933, 37.5766819], [126.9861959, 37.5768371]], [[126.9868906, 37.5771453], [126.9861959, 37.5768371]], [[126.9861959, 37.5768371], [126.9868906, 37.5771453]], [[126.9868906, 37.5771453], [126.9870392, 37.5771987]], [[126.9870392, 37.5771987], [126.9868906, 37.5771453]], [[126.9873755, 37.5773126], [126.9870392, 37.5771987]], [[126.9870392, 37.5771987], [126.9873755, 37.5773126]], [[126.9873755, 37.5773126], [126.9875378, 37.5773334]], [[126.9875378, 37.5773334], [126.9873755, 37.5773126]], [[126.9875378, 37.5773334], [126.9881623, 37.5773608]], [[126.9881623, 37.5773608], [126.9875378, 37.5773334]], [[126.9881623, 37.5773608], [126.9886983, 37.5773677]], [[126.9886983, 37.5773677], [126.9881623, 37.5773608]], [[126.9888922, 37.5773702], [126.9886983, 37.5773677]], [[126.9886983, 37.5773677], [126.9888922, 37.5773702]], [[126.9888922, 37.5773702], [126.9891608, 37.5773684]], [[126.9891608, 37.5773684], [126.9888922, 37.5773702]], [[126.9893297, 37.5773717], [126.9891608, 37.5773684]], [[126.9891608, 37.5773684], [126.9893297, 37.5773717]], [[126.9893297, 37.5773717], [126.9896726, 37.577359]], [[126.9896726, 37.577359], [126.9893297, 37.5773717]], [[126.9896726, 37.577359], [126.9900424, 37.5773574]], [[126.9900424, 37.5773574], [126.9896726, 37.577359]], [[126.9901197, 37.5773626], [126.9900424, 37.5773574]], [[126.9900424, 37.5773574], [126.9901197, 37.5773626]], [[126.9901197, 37.5773626], [126.9901685, 37.5773657]], [[126.9901685, 37.5773657], [126.9901197, 37.5773626]], [[126.9909311, 37.5775178], [126.990211, 37.5774019], [126.9901685, 37.5773657]], [[126.9901685, 37.5773657], [126.9902519, 37.5773374], [126.9913674, 37.5774608]], [[126.9913674, 37.5774608], [126.9918575, 37.5775195]], [[126.9913674, 37.5774608], [126.9916115, 37.5773384]], [[126.9916115, 37.5773384], [126.9913674, 37.5774608]], [[126.9916115, 37.5773384], [126.9915217, 37.5772351], [126.9914468, 37.5772077], [126.9913167, 37.5769525], [126.9914792, 37.5768799], [126.991408, 37.5767157], [126.9914792, 37.5768799], [126.9913167, 37.5769525], [126.9914468, 37.5772077], [126.9915217, 37.5772351], [126.9916115, 37.5773384]], [[126.9957892, 37.5763509], [126.9968609, 37.5759678], [126.9970026, 37.5759617]], [[126.9970026, 37.5759617], [126.996912, 37.5760678], [126.9963299, 37.5762433], [126.9967582, 37.5762899], [126.9969595, 37.5763891], [126.9970929, 37.5765536], [126.9972323, 37.5768442]], [[126.9973226, 37.5758958], [126.9970026, 37.5759617]], [[126.9970026, 37.5759617], [126.9973226, 37.5758958]], [[126.9973226, 37.5758958], [126.9975837, 37.5758912]], [[126.9975837, 37.5758912], [126.9973226, 37.5758958]], [[126.9975837, 37.5758912], [126.9977768, 37.575888]], [[126.9977768, 37.575888], [126.9975837, 37.5758912]], [[126.9977768, 37.575888], [126.9978681, 37.5754019], [126.9979853, 37.5751418], [126.9978681, 37.5754019], [126.9977768, 37.575888]], [[126.9979955, 37.5758843], [126.9977768, 37.575888]], [[126.9977768, 37.575888], [126.9979955, 37.5758843]], [[126.9993613, 37.5759065], [126.99884, 37.57587], [126.9979955, 37.5758843]], [[126.9979955, 37.5758843], [126.99884, 37.57587], [126.9993613, 37.5759065]], [[127.0001174, 37.5759659], [126.9993613, 37.5759065]], [[126.9993613, 37.5759065], [127.0001174, 37.5759659]], [[127.0001174, 37.5759659], [127.0002233, 37.5759757]], [[127.0002233, 37.5759757], [127.0001174, 37.5759659]], [[127.0001174, 37.5759659], [127.0001363, 37.5760971], [127.0003088, 37.5762309], [127.0001363, 37.5760971], [127.0001174, 37.5759659]], [[127.0008884, 37.5760376], [127.0002233, 37.5759757]], [[127.0002233, 37.5759757], [127.0008884, 37.5760376]], [[127.0008884, 37.5760376], [127.0010831, 37.5760555]], [[127.0010831, 37.5760555], [127.0008884, 37.5760376]], [[127.0021526, 37.5761203], [127.0010831, 37.5760555]], [[127.0010831, 37.5760555], [127.0021526, 37.5761203]], [[127.0010831, 37.5760555], [127.0011704, 37.5759125], [127.0013391, 37.5749625], [127.0011704, 37.5759125], [127.0010831, 37.5760555]], [[127.0021526, 37.5761203], [127.0027616, 37.5761341]], [[127.0027616, 37.5761341], [127.0021526, 37.5761203]], [[127.0027616, 37.5761341], [127.0027447, 37.5768298], [127.0027616, 37.5761341]], [[127.0034437, 37.5761028], [127.0027616, 37.5761341]], [[127.0027616, 37.5761341], [127.0034437, 37.5761028]], [[127.0034437, 37.5761028], [127.003338, 37.5768767], [127.0034437, 37.5761028]], [[127.0034437, 37.5761028], [127.0038528, 37.5760479]], [[127.0038528, 37.5760479], [127.0034437, 37.5761028]], [[127.0044885, 37.5758853], [127.0038528, 37.5760479]], [[127.0038528, 37.5760479], [127.0044885, 37.5758853]], [[127.0044885, 37.5758853], [127.0041217, 37.5757602]], [[127.0041217, 37.5757602], [127.0044885, 37.5758853]], [[127.0041217, 37.5757602], [127.0037604, 37.5756365], [127.0035302, 37.5755977], [127.0037604, 37.5756365], [127.0041217, 37.5757602]], [[127.0041217, 37.5757602], [127.0042385, 37.5754918], [127.0040897, 37.5754323], [127.0042385, 37.5754918], [127.0041217, 37.5757602]], [[127.0048228, 37.5757093], [127.0044885, 37.5758853]], [[127.0044885, 37.5758853], [127.0048228, 37.5757093]], [[127.00498, 37.57561], [127.0048228, 37.5757093]], [[127.0048228, 37.5757093], [127.00498, 37.57561]], [[127.00498, 37.57561], [127.0052217, 37.5753768]], [[127.0052217, 37.5753768], [127.00498, 37.57561]], [[127.0052217, 37.5753768], [127.0055101, 37.5750986]], [[127.0055101, 37.5750986], [127.0052217, 37.5753768]], [[127.0055101, 37.5750986], [127.0057236, 37.5751314], [127.0058811, 37.5751894], [127.0057236, 37.5751314], [127.0055101, 37.5750986]], [[127.0057133, 37.5749025], [127.0055101, 37.5750986]], [[127.0055101, 37.5750986], [127.0057133, 37.5749025]], [[127.0057133, 37.5749025], [127.0059242, 37.5746807]], [[127.0059242, 37.5746807], [127.0057133, 37.5749025]], [[127.0060652, 37.5745169], [127.0059242, 37.5746807]], [[127.0059242, 37.5746807], [127.0060652, 37.5745169]], [[127.0063659, 37.5741678], [127.0060652, 37.5745169]], [[127.0060652, 37.5745169], [127.0063659, 37.5741678]], [[127.0065233, 37.5739851], [127.0063659, 37.5741678]], [[127.0063659, 37.5741678], [127.0065233, 37.5739851]], [[127.0065233, 37.5739851], [127.0066396, 37.5738709]], [[127.0066396, 37.5738709], [127.0065233, 37.5739851]], [[127.0070571, 37.5734309], [127.0066396, 37.5738709]], [[127.0066396, 37.5738709], [127.0070571, 37.5734309]], [[127.007266, 37.5732046], [127.0070571, 37.5734309]], [[127.0070571, 37.5734309], [127.007266, 37.5732046]], [[127.0071299, 37.5736203], [127.007153, 37.5736317], [127.0071546, 37.573772], [127.0072955, 37.5739684], [127.0072791, 37.5740536], [127.0072955, 37.5739684], [127.0071546, 37.573772], [127.007153, 37.5736317], [127.0071299, 37.5736203]], [[127.0071299, 37.5736203], [127.007102, 37.5736066], [127.0071299, 37.5736203]], [[127.007266, 37.5732046], [127.0074403, 37.5730157]], [[127.0074403, 37.5730157], [127.007266, 37.5732046]], [[127.0074403, 37.5730157], [127.0079605, 37.5724523]], [[127.0079605, 37.5724523], [127.0074403, 37.5730157]], [[127.0079911, 37.5724191], [127.0079605, 37.5724523]], [[127.0079605, 37.5724523], [127.0079911, 37.5724191]], [[127.0079911, 37.5724191], [127.0082071, 37.5721852]], [[127.0082071, 37.5721852], [127.0079911, 37.5724191]], [[127.0082809, 37.5721052], [127.0082071, 37.5721852]], [[127.0082071, 37.5721852], [127.0082809, 37.5721052]], [[127.0082809, 37.5721052], [127.0086223, 37.5717354]], [[127.0086223, 37.5717354], [127.0082809, 37.5721052]], [[127.0086223, 37.5717354], [127.008653, 37.5717021]], [[127.008653, 37.5717021], [127.0086223, 37.5717354]], [[127.0088654, 37.5714727], [127.008653, 37.5717021]], [[127.008653, 37.5717021], [127.0088654, 37.5714727]], [[127.0089827, 37.571345], [127.0088654, 37.5714727]], [[127.0088654, 37.5714727], [127.0089827, 37.571345]], [[127.0089827, 37.571345], [127.008998, 37.5712311], [127.0095197, 37.5703966], [127.0095977, 37.5699559]], [[127.0097339, 37.5699616], [127.0096671, 37.5703999], [127.0091352, 37.5712719], [127.0089827, 37.571345]], [[126.9841939, 37.5764232], [126.9844023, 37.5765118], [126.9844775, 37.5763988], [126.9846791, 37.5764772], [126.9847799, 37.5762841], [126.9846791, 37.5764772], [126.9844775, 37.5763988], [126.9844023, 37.5765118], [126.9841939, 37.5764232]], [[127.006653, 37.5740725], [127.0067758, 37.5741412], [127.0067953, 37.5741402], [127.0067758, 37.5741412], [127.006653, 37.5740725]]]}, "properties": {"name": "율곡로", "touristy_local": -1, "historic_contemporary": 0, "raw_polished": 1, "n_blogs": 15, "quiet_lively": 0.061, "local_chain": 0.602, "park": -0.627, "park_v2": 0.417, "park_canopy": 0.17, "park_traverse": 0.0, "park_dest": 0.0, "park_tier": 0, "park_access": null}}, {"type": "Feature", "geometry": {"type": "MultiLineString", "coordinates": [[[127.006846, 37.5744249], [127.0064942, 37.5742399]], [[127.0064942, 37.5742399], [127.0065359, 37.5742633], [127.006846, 37.5744249]], [[127.0064942, 37.5742399], [127.0064509, 37.5742156], [127.0063659, 37.5741678], [127.0064509, 37.5742156], [127.0064942, 37.5742399]], [[127.006846, 37.5744249], [127.0072503, 37.57455]], [[127.0072503, 37.57455], [127.006846, 37.5744249]], [[127.006846, 37.5744249], [127.006633, 37.5748288], [127.006846, 37.5744249]], [[127.0072503, 37.57455], [127.0073162, 37.5745714], [127.0077028, 37.5746968], [127.0073162, 37.5745714], [127.0072503, 37.57455]], [[127.0072503, 37.57455], [127.007083, 37.5749535], [127.0072503, 37.57455]]]}, "properties": {"name": "율곡로27길", "touristy_local": -0.2, "historic_contemporary": -0.5, "raw_polished": -1, "n_blogs": 15, "quiet_lively": -0.053, "local_chain": 0.984, "park": -1.0, "park_v2": -0.619, "park_canopy": 0.001, "park_traverse": 0.0, "park_dest": 0.0, "park_tier": 0, "park_access": null}}, {"type": "Feature", "geometry": {"type": "MultiLineString", "coordinates": [[[127.0041158, 37.5836124], [127.0048292, 37.584155]], [[127.0048292, 37.584155], [127.0041158, 37.5836124]], [[127.0041158, 37.5836124], [127.0042776, 37.5833354], [127.0041158, 37.5836124]], [[127.0048292, 37.584155], [127.0052895, 37.5845249], [127.0052054, 37.5845855], [127.0052841, 37.5846762], [127.0052054, 37.5845855], [127.0052895, 37.5845249], [127.0048292, 37.584155]]]}, "properties": {"name": "동숭4가길", "touristy_local": 1, "historic_contemporary": null, "raw_polished": null, "n_blogs": 15, "quiet_lively": -0.681, "local_chain": -0.188, "park": -1.0, "park_v2": -0.606, "park_canopy": 0.001, "park_traverse": 0.0, "park_dest": 0.0, "park_tier": 0, "park_access": null}}, {"type": "Feature", "geometry": {"type": "LineString", "coordinates": [[126.9869691, 37.5705421], [126.9868782, 37.5707814], [126.9866193, 37.5710889], [126.9868449, 37.5711941], [126.9868041, 37.5714536], [126.9870865, 37.5715711], [126.9868041, 37.5714536], [126.9868449, 37.5711941], [126.9866193, 37.5710889], [126.9868782, 37.5707814], [126.9869691, 37.5705421]]}, "properties": {"name": "인사동1길", "touristy_local": -0.2, "historic_contemporary": -0.5, "raw_polished": 1, "n_blogs": 15, "quiet_lively": 0.551, "local_chain": 0.668, "park": -1.0, "park_v2": -0.391, "park_canopy": 0.018, "park_traverse": 0.0, "park_dest": 0.0, "park_tier": 0, "park_access": null}}, {"type": "Feature", "geometry": {"type": "LineString", "coordinates": [[127.0012223, 37.5858136], [127.0012466, 37.5859439], [127.0012223, 37.5858136]]}, "properties": {"name": "창경궁로35길", "touristy_local": 1, "historic_contemporary": 1, "raw_polished": 0, "n_blogs": 15, "quiet_lively": -0.494, "local_chain": -0.697, "park": -1.0, "park_v2": -0.723, "park_canopy": 0.0, "park_traverse": 0.0, "park_dest": 0.0, "park_tier": 0, "park_access": null}}, {"type": "Feature", "geometry": {"type": "MultiLineString", "coordinates": [[[126.9884035, 37.5667147], [126.9886846, 37.566725]], [[126.9886846, 37.566725], [126.9884035, 37.5667147]], [[126.9884035, 37.5667147], [126.9876406, 37.5666628], [126.9884035, 37.5667147]], [[126.9886846, 37.566725], [126.9896637, 37.5667609], [126.9886846, 37.566725]]]}, "properties": {"name": "삼일대로12길", "touristy_local": 0, "historic_contemporary": -0.333, "raw_polished": 1, "n_blogs": 15, "quiet_lively": null, "local_chain": 0.74, "park": -1.0, "park_v2": -0.717, "park_canopy": 0.0, "park_traverse": 0.0, "park_dest": 0.0, "park_tier": 0, "park_access": null}}, {"type": "Feature", "geometry": {"type": "MultiLineString", "coordinates": [[[127.0072791, 37.5740536], [127.0067914, 37.5739214]], [[127.0067914, 37.5739214], [127.0072791, 37.5740536]], [[127.0067914, 37.5739214], [127.0066396, 37.5738709], [127.0067914, 37.5739214]], [[127.0074587, 37.57409], [127.0072791, 37.5740536]], [[127.0072791, 37.5740536], [127.0074587, 37.57409]], [[127.0074587, 37.57409], [127.0075531, 37.5741068], [127.0079426, 37.5742165], [127.0075531, 37.5741068], [127.0074587, 37.57409]], [[127.0074587, 37.57409], [127.0072503, 37.57455], [127.0074587, 37.57409]]]}, "properties": {"name": "율곡로29길", "touristy_local": 0.2, "historic_contemporary": -1, "raw_polished": -1, "n_blogs": 15, "quiet_lively": 0.061, "local_chain": -0.095, "park": -1.0, "park_v2": -0.45, "park_canopy": 0.011, "park_traverse": 0.0, "park_dest": 0.0, "park_tier": 0, "park_access": null}}, {"type": "Feature", "geometry": {"type": "MultiLineString", "coordinates": [[[126.9889657, 37.5746219], [126.9890129, 37.5746717], [126.9889717, 37.5749207], [126.9886293, 37.574886], [126.9885177, 37.5753914], [126.9886293, 37.574886], [126.9889717, 37.5749207], [126.9890129, 37.5746717], [126.9889657, 37.5746219]], [[126.9889657, 37.5746219], [126.9891266, 37.5745953], [126.9893804, 37.5746399]], [[126.9893804, 37.5746399], [126.9891266, 37.5745953], [126.9889657, 37.5746219]], [[126.9893804, 37.5746399], [126.9893908, 37.574772], [126.9894547, 37.5747793], [126.9894648, 37.5748295], [126.9897183, 37.5748565], [126.9894648, 37.5748295], [126.9894547, 37.5747793], [126.9893908, 37.574772], [126.9893804, 37.5746399]], [[126.9897992, 37.5746404], [126.9894049, 37.5745262], [126.9893804, 37.5746399]], [[126.9893804, 37.5746399], [126.9894049, 37.5745262], [126.9897992, 37.5746404]], [[126.9897992, 37.5746404], [126.9905414, 37.5748597], [126.9897992, 37.5746404]]]}, "properties": {"name": "삼일대로32가길", "touristy_local": 0.333, "historic_contemporary": 0, "raw_polished": 0.333, "n_blogs": 15, "quiet_lively": 0.551, "local_chain": 0.536, "park": -0.973, "park_v2": -0.404, "park_canopy": 0.016, "park_traverse": 0.0, "park_dest": 0.0, "park_tier": 0, "park_access": null}}, {"type": "Feature", "geometry": {"type": "MultiLineString", "coordinates": [[[126.9873063, 37.5833845], [126.9877339, 37.583386]], [[126.9877339, 37.583386], [126.9873063, 37.5833845]], [[126.9873063, 37.5833845], [126.9870305, 37.5833619], [126.9870401, 37.5830926], [126.9870305, 37.5833619], [126.9873063, 37.5833845]], [[126.9877339, 37.583386], [126.988095, 37.5833949], [126.9880938, 37.5835336], [126.988095, 37.5833949], [126.9877339, 37.583386]], [[126.9877339, 37.583386], [126.9877208, 37.5835829], [126.9879842, 37.583613], [126.9877208, 37.5835829], [126.9877339, 37.583386]], [[126.9877339, 37.583386], [126.9877484, 37.583088], [126.9877339, 37.583386]]]}, "properties": {"name": "창덕궁7길", "touristy_local": -1, "historic_contemporary": -0.2, "raw_polished": null, "n_blogs": 15, "quiet_lively": -0.392, "local_chain": 0.431, "park": -0.871, "park_v2": 0.358, "park_canopy": 0.145, "park_traverse": 0.0, "park_dest": 0.0, "park_tier": 0, "park_access": null}}, {"type": "Feature", "geometry": {"type": "MultiLineString", "coordinates": [[[127.0027447, 37.5768298], [127.003338, 37.5768767]], [[127.003338, 37.5768767], [127.0027447, 37.5768298]], [[127.0027447, 37.5768298], [127.0021925, 37.5767555], [127.0027447, 37.5768298]], [[127.0041923, 37.5768448], [127.0034283, 37.5768304], [127.003338, 37.5768767]], [[127.003338, 37.5768767], [127.0034283, 37.5768304], [127.0041923, 37.5768448]], [[127.0041923, 37.5768448], [127.004194, 37.5762297], [127.0041923, 37.5768448]], [[127.0046042, 37.5768392], [127.0041923, 37.5768448]], [[127.0041923, 37.5768448], [127.0046042, 37.5768392]], [[127.0044641, 37.5796906], [127.0046811, 37.579694], [127.004718, 37.5796704], [127.0057319, 37.5796513], [127.004718, 37.5796704], [127.0046811, 37.579694], [127.0044641, 37.5796906]], [[127.0044641, 37.5796906], [127.0044519, 37.579953], [127.0044641, 37.5796906]], [[127.0044641, 37.5796906], [127.0044698, 37.5791262]], [[127.0044698, 37.5791262], [127.0044641, 37.5796906]], [[127.0050693, 37.579131], [127.0044698, 37.5791262]], [[127.0044698, 37.5791262], [127.0050693, 37.579131]], [[127.0044698, 37.5791262], [127.0044831, 37.5788295]], [[127.0044831, 37.5788295], [127.0044698, 37.5791262]], [[127.0044831, 37.5788295], [127.0045016, 37.5783852]], [[127.0045016, 37.5783852], [127.0044831, 37.5788295]], [[127.0045016, 37.5783852], [127.0045274, 37.5780328]], [[127.0045274, 37.5780328], [127.0045016, 37.5783852]], [[127.0045016, 37.5783852], [127.0049125, 37.5783836], [127.0055658, 37.5786041], [127.0049125, 37.5783836], [127.0045016, 37.5783852]], [[127.0045274, 37.5780328], [127.0045855, 37.5770347]], [[127.0045855, 37.5770347], [127.0045274, 37.5780328]], [[127.0046042, 37.5768392], [127.0045855, 37.5770347]], [[127.0045855, 37.5770347], [127.0046042, 37.5768392]], [[127.0050693, 37.579131], [127.005418, 37.579134], [127.0053993, 37.5795263], [127.005418, 37.579134], [127.0050693, 37.579131]]]}, "properties": {"name": "이화장길", "touristy_local": 0, "historic_contemporary": -1, "raw_polished": null, "n_blogs": 15, "quiet_lively": -0.046, "local_chain": 0.391, "park": -1.0, "park_v2": -0.352, "park_canopy": 0.023, "park_traverse": 0.0, "park_dest": 0.0, "park_tier": 0, "park_access": null}}, {"type": "Feature", "geometry": {"type": "LineString", "coordinates": [[127.0025807, 37.5811213], [127.0022413, 37.583011], [127.0024834, 37.5831178], [127.0028387, 37.5831682], [127.0032746, 37.5831227], [127.0033487, 37.5830765], [127.0033889, 37.5829239], [127.0034104, 37.5817586], [127.0033794, 37.5797414]]}, "properties": {"name": "대학로8가길", "touristy_local": -1, "historic_contemporary": 0.333, "raw_polished": 1, "n_blogs": 15, "quiet_lively": -0.814, "local_chain": 0.576, "park": -0.509, "park_v2": 0.567, "park_canopy": 0.225, "park_traverse": 0.0, "park_dest": 0.0, "park_tier": 0, "park_access": null}}, {"type": "Feature", "geometry": {"type": "MultiLineString", "coordinates": [[[126.9891901, 37.5736917], [126.989053, 37.5741513], [126.9891901, 37.5736917]], [[126.9891901, 37.5736917], [126.9887818, 37.5735793], [126.9879858, 37.5734061], [126.9881477, 37.5731403], [126.9885717, 37.5726675], [126.9881477, 37.5731403], [126.9879858, 37.5734061], [126.9891901, 37.5736917]]]}, "properties": {"name": "삼일대로28길", "touristy_local": 0.5, "historic_contemporary": 0.2, "raw_polished": null, "n_blogs": 15, "quiet_lively": 0.551, "local_chain": 0.609, "park": -1.0, "park_v2": -0.463, "park_canopy": 0.009, "park_traverse": 0.0, "park_dest": 0.0, "park_tier": 0, "park_access": null}}, {"type": "Feature", "geometry": {"type": "MultiLineString", "coordinates": [[[127.0047699, 37.5729834], [127.0052452, 37.5732174]], [[127.0052452, 37.5732174], [127.0047699, 37.5729834]], [[127.0047699, 37.5729834], [127.0047649, 37.5730153], [127.0046942, 37.5731533], [127.0046369, 37.5734866], [127.0046942, 37.5731533], [127.0047699, 37.5729834]], [[127.0047699, 37.5729834], [127.0047216, 37.5729599], [127.0044436, 37.5727843], [127.0047216, 37.5729599], [127.0047699, 37.5729834]], [[127.0047699, 37.5729834], [127.0047758, 37.5729492], [127.0049369, 37.5727477], [127.0047758, 37.5729492], [127.0047699, 37.5729834]], [[127.0054512, 37.5733206], [127.0052452, 37.5732174]], [[127.0052452, 37.5732174], [127.0054512, 37.5733206]], [[127.0054512, 37.5733206], [127.0058113, 37.5734638]], [[127.0058113, 37.5734638], [127.0054512, 37.5733206]], [[127.0058113, 37.5734638], [127.0059116, 37.5735029], [127.0058113, 37.5734638]]]}, "properties": {"name": "종로39가길", "touristy_local": 0, "historic_contemporary": -1, "raw_polished": -1, "n_blogs": 15, "quiet_lively": 0.061, "local_chain": 0.411, "park": -1.0, "park_v2": -0.306, "park_canopy": 0.029, "park_traverse": 0.0, "park_dest": 0.0, "park_tier": 0, "park_access": null}}, {"type": "Feature", "geometry": {"type": "MultiLineString", "coordinates": [[[127.0089343, 37.5761223], [127.0092061, 37.5762977]], [[127.0092061, 37.5762977], [127.0089343, 37.5761223]], [[127.0089758, 37.575879], [127.0089343, 37.5761223]], [[127.0089343, 37.5761223], [127.0089758, 37.575879]], [[127.0089758, 37.575879], [127.0090932, 37.5756818]], [[127.0090932, 37.5756818], [127.0089758, 37.575879]], [[127.0090932, 37.5756818], [127.0091222, 37.5754612]], [[127.0091222, 37.5754612], [127.0090932, 37.5756818]], [[127.0091219, 37.5751692], [127.0091293, 37.5752663]], [[127.0091293, 37.5752663], [127.0091219, 37.5751692]], [[127.0091219, 37.5751692], [127.0092391, 37.5747188]], [[127.0092391, 37.5747188], [127.0091219, 37.5751692]], [[127.0091293, 37.5752663], [127.0091222, 37.5754612]], [[127.0091222, 37.5754612], [127.0091293, 37.5752663]], [[127.0091707, 37.5735181], [127.0092079, 37.5739498]], [[127.0092079, 37.5739498], [127.0091707, 37.5735181]], [[127.0091707, 37.5735181], [127.0092014, 37.5730564]], [[127.0092014, 37.5730564], [127.0091707, 37.5735181]], [[127.0091746, 37.5729065], [127.0092014, 37.5730564]], [[127.0092014, 37.5730564], [127.0091746, 37.5729065]], [[127.0091746, 37.5729065], [127.0091567, 37.5727514], [127.0092531, 37.5726165], [127.0091567, 37.5727514], [127.0091746, 37.5729065]], [[127.0091919, 37.5760428], [127.0092554, 37.5761697], [127.0092061, 37.5762977]], [[127.0092061, 37.5762977], [127.0092554, 37.5761697], [127.0091919, 37.5760428]], [[127.0091919, 37.5760428], [127.009183, 37.5758766], [127.0091919, 37.5760428]], [[127.0093249, 37.576544], [127.0093378, 37.5763828], [127.0092061, 37.5762977]], [[127.0092061, 37.5762977], [127.0093378, 37.5763828], [127.0093249, 37.576544]], [[127.0092529, 37.5742431], [127.0092079, 37.5739498]], [[127.0092079, 37.5739498], [127.0092529, 37.5742431]], [[127.0092391, 37.5747188], [127.0092517, 37.5743019]], [[127.0092517, 37.5743019], [127.0092391, 37.5747188]], [[127.0092529, 37.5742431], [127.0092517, 37.5743019]], [[127.0092517, 37.5743019], [127.0092529, 37.5742431]], [[127.0093249, 37.576544], [127.0092405, 37.5767191], [127.0090474, 37.577562], [127.0087524, 37.5782985], [127.0086102, 37.5787598], [127.0085852, 37.5789587], [127.0092343, 37.5791963], [127.0093391, 37.5791896], [127.0092343, 37.5791963], [127.0085852, 37.5789587], [127.0086102, 37.5787598], [127.0087524, 37.5782985], [127.0090474, 37.577562], [127.0092405, 37.5767191], [127.0093249, 37.576544]]]}, "properties": {"name": "낙산성곽동길", "touristy_local": -1, "historic_contemporary": -0.333, "raw_polished": 1, "n_blogs": 15, "quiet_lively": -0.84, "local_chain": 0.076, "park": -0.472, "park_v2": 0.808, "park_canopy": 0.519, "park_traverse": 0.0, "park_dest": 0.0, "park_tier": 0, "park_access": null}}, {"type": "Feature", "geometry": {"type": "MultiLineString", "coordinates": [[[126.9839618, 37.5835113], [126.9837201, 37.5834609]], [[126.9837201, 37.5834609], [126.9839618, 37.5835113]], [[126.9839045, 37.5829704], [126.9837201, 37.5834609]], [[126.9837201, 37.5834609], [126.9839045, 37.5829704]], [[126.9838163, 37.5825138], [126.9840029, 37.5827087], [126.9839985, 37.5827781], [126.9839045, 37.5829704]], [[126.9839045, 37.5829704], [126.9839985, 37.5827781], [126.9840029, 37.5827087], [126.9838163, 37.5825138]], [[126.9838163, 37.5825138], [126.9837317, 37.5824495], [126.9838163, 37.5825138]], [[126.9838163, 37.5825138], [126.983932, 37.5822109], [126.9843099, 37.5822078]], [[126.9843099, 37.5822078], [126.983932, 37.5822109], [126.9838163, 37.5825138]], [[126.9839618, 37.5835113], [126.984111, 37.5831132], [126.9841063, 37.5830122], [126.9839045, 37.5829704]], [[126.9839045, 37.5829704], [126.9841063, 37.5830122], [126.984111, 37.5831132], [126.9839618, 37.5835113]], [[126.9843099, 37.5822078], [126.9843117, 37.5823258], [126.9844077, 37.5823261], [126.9844055, 37.582416], [126.9844077, 37.5823261], [126.9843117, 37.5823258], [126.9843099, 37.5822078]], [[126.9843099, 37.5822078], [126.9843284, 37.581863], [126.9843099, 37.5822078]]]}, "properties": {"name": "북촌로11가길", "touristy_local": 0, "historic_contemporary": 0.5, "raw_polished": null, "n_blogs": 15, "quiet_lively": -0.996, "local_chain": 0.01, "park": -0.623, "park_v2": 0.489, "park_canopy": 0.195, "park_traverse": 0.0, "park_dest": 0.0, "park_tier": 0, "park_access": null}}, {"type": "Feature", "geometry": {"type": "MultiLineString", "coordinates": [[[126.9964487, 37.5760181], [126.9964929, 37.5761134], [126.9964487, 37.5760181]], [[126.9964487, 37.5760181], [126.9966968, 37.5752588], [126.9968449, 37.5751235]], [[126.9968449, 37.5751235], [126.9966968, 37.5752588], [126.9964487, 37.5760181]], [[126.9968449, 37.5751235], [126.9968276, 37.5747852], [126.9966943, 37.5747505]], [[126.9966943, 37.5747505], [126.9968276, 37.5747852], [126.9968449, 37.5751235]], [[126.9966943, 37.5747505], [126.9964247, 37.5747111], [126.9964049, 37.5746848], [126.99623, 37.5746654], [126.9964049, 37.5746848], [126.9964247, 37.5747111], [126.9966943, 37.5747505]], [[126.9968449, 37.5751235], [126.9973646, 37.575128], [126.9973984, 37.5751315], [126.9973646, 37.575128], [126.9968449, 37.5751235]]]}, "properties": {"name": "창경궁로21길", "touristy_local": 0.5, "historic_contemporary": 1, "raw_polished": 1, "n_blogs": 15, "quiet_lively": 0.878, "local_chain": -0.697, "park": -0.912, "park_v2": 0.228, "park_canopy": 0.112, "park_traverse": 0.0, "park_dest": 0.0, "park_tier": 0, "park_access": null}}, {"type": "Feature", "geometry": {"type": "MultiLineString", "coordinates": [[[127.0049317, 37.574029], [127.0045507, 37.574012]], [[127.0045507, 37.574012], [127.0049317, 37.574029]], [[127.0045507, 37.574012], [127.0045004, 37.5743], [127.0044891, 37.5743716], [127.0045004, 37.5743], [127.0045507, 37.574012]], [[127.0045507, 37.574012], [127.0046369, 37.5734866], [127.0045507, 37.574012]], [[127.0049317, 37.574029], [127.005282, 37.5740575]], [[127.005282, 37.5740575], [127.0049317, 37.574029]], [[127.0049317, 37.574029], [127.0049248, 37.5740973], [127.0048729, 37.574435], [127.0049248, 37.5740973], [127.0049317, 37.574029]], [[127.005282, 37.5740575], [127.0056949, 37.5740929], [127.005282, 37.5740575]], [[127.005282, 37.5740575], [127.0051755, 37.5744848], [127.005282, 37.5740575]]]}, "properties": {"name": "율곡로22나길", "touristy_local": 1, "historic_contemporary": 1, "raw_polished": 1, "n_blogs": 15, "quiet_lively": -0.757, "local_chain": 0.615, "park": -1.0, "park_v2": -0.573, "park_canopy": 0.003, "park_traverse": 0.0, "park_dest": 0.0, "park_tier": 0, "park_access": null}}, {"type": "Feature", "geometry": {"type": "MultiLineString", "coordinates": [[[126.9834682, 37.5671391], [126.9837571, 37.5673104]], [[126.9837571, 37.5673104], [126.9834682, 37.5671391]], [[126.9834682, 37.5671391], [126.9830636, 37.5669284], [126.9829126, 37.5668833], [126.9827736, 37.5668871], [126.9829126, 37.5668833], [126.9830636, 37.5669284], [126.9834682, 37.5671391]], [[126.9845239, 37.5676425], [126.9844417, 37.5676614], [126.9843129, 37.5676295], [126.9837571, 37.5673104]], [[126.9837571, 37.5673104], [126.9843129, 37.5676295], [126.9844417, 37.5676614], [126.9845239, 37.5676425]], [[126.9845239, 37.5676425], [126.9857809, 37.5679113], [126.9845239, 37.5676425]], [[126.9857828, 37.5679761], [126.9859448, 37.568108], [126.986021, 37.5681334]]]}, "properties": {"name": "남대문로10길", "touristy_local": null, "historic_contemporary": -1, "raw_polished": null, "n_blogs": 15, "quiet_lively": 0.551, "local_chain": 0.826, "park": -0.481, "park_v2": 0.723, "park_canopy": 0.315, "park_traverse": 0.0, "park_dest": 0.0, "park_tier": 0, "park_access": null}}, {"type": "Feature", "geometry": {"type": "MultiLineString", "coordinates": [[[126.983427, 37.5774176], [126.9835415, 37.5774429]], [[126.9835415, 37.5774429], [126.983427, 37.5774176]], [[126.983427, 37.5774176], [126.9825406, 37.5772843], [126.983427, 37.5774176]], [[126.983427, 37.5774176], [126.9834737, 37.5773086]], [[126.9834737, 37.5773086], [126.983427, 37.5774176]], [[126.9834737, 37.5773086], [126.9832438, 37.5772395], [126.9831552, 37.5772139], [126.9832438, 37.5772395], [126.9834737, 37.5773086]], [[126.9834737, 37.5773086], [126.9835188, 37.577212]], [[126.9835188, 37.577212], [126.9834737, 37.5773086]], [[126.9835188, 37.577212], [126.9832034, 37.5771276], [126.9832472, 37.5770287], [126.9833072, 37.5770123], [126.9835747, 37.5770875]], [[126.9835747, 37.5770875], [126.9833072, 37.5770123], [126.9832472, 37.5770287], [126.9832034, 37.5771276], [126.9835188, 37.577212]], [[126.9835188, 37.577212], [126.9835747, 37.5770875]], [[126.9835747, 37.5770875], [126.9835188, 37.577212]], [[126.9838027, 37.5775006], [126.9835415, 37.5774429]], [[126.9835415, 37.5774429], [126.9838027, 37.5775006]], [[126.9836408, 37.5769497], [126.9835747, 37.5770875]], [[126.9835747, 37.5770875], [126.9836408, 37.5769497]], [[126.9836408, 37.5769497], [126.9838736, 37.577015]], [[126.9838736, 37.577015], [126.9836408, 37.5769497]], [[126.9837057, 37.5794262], [126.9831817, 37.5789289], [126.9835369, 37.5781922], [126.9838027, 37.5775006]], [[126.9838027, 37.5775006], [126.9839402, 37.5771446]], [[126.9838736, 37.577015], [126.9838338, 37.5771097], [126.9839402, 37.5771446]], [[126.9839402, 37.5771446], [126.9838338, 37.5771097], [126.9838736, 37.577015]], [[126.9838736, 37.577015], [126.9839134, 37.5769262], [126.9840349, 37.5769638]], [[126.9840349, 37.5769638], [126.9839134, 37.5769262], [126.9838736, 37.577015]], [[126.9839402, 37.5771446], [126.9840349, 37.5769638]], [[126.9840349, 37.5769638], [126.9840787, 37.5768788], [126.9842353, 37.5762161], [126.9843539, 37.5759937]]]}, "properties": {"name": "윤보선길", "touristy_local": -0.6, "historic_contemporary": 0, "raw_polished": -0.5, "n_blogs": 15, "quiet_lively": -0.646, "local_chain": -0.207, "park": -0.596, "park_v2": 0.469, "park_canopy": 0.19, "park_traverse": 0.0, "park_dest": 0.0, "park_tier": 0, "park_access": null}}, {"type": "Feature", "geometry": {"type": "MultiLineString", "coordinates": [[[127.0059819, 37.5749891], [127.0063157, 37.5751303], [127.0064376, 37.5752423], [127.0064552, 37.575414]], [[127.0064552, 37.575414], [127.0064376, 37.5752423], [127.0063157, 37.5751303], [127.0059819, 37.5749891]], [[127.0059819, 37.5749891], [127.0058766, 37.5749547], [127.0057133, 37.5749025], [127.0058766, 37.5749547], [127.0059819, 37.5749891]], [[127.0061475, 37.576294], [127.0061707, 37.576343], [127.0061475, 37.576294]], [[127.0063025, 37.5757809], [127.006137, 37.5762196], [127.0061475, 37.576294]], [[127.0061475, 37.576294], [127.006137, 37.5762196], [127.0063025, 37.5757809]], [[127.0061475, 37.576294], [127.006352, 37.5763169], [127.0064701, 37.5763701]], [[127.0064701, 37.5763701], [127.006352, 37.5763169], [127.0061475, 37.576294]], [[127.0063794, 37.5756134], [127.0063025, 37.5757809]], [[127.0063025, 37.5757809], [127.0063794, 37.5756134]], [[127.0064552, 37.575414], [127.0063794, 37.5756134]], [[127.0063794, 37.5756134], [127.0064552, 37.575414]], [[127.0070111, 37.5753105], [127.0069737, 37.5753666], [127.0067951, 37.5754262], [127.0064552, 37.575414]], [[127.0064552, 37.575414], [127.0066702, 37.5754251], [127.0067951, 37.5754262], [127.0069737, 37.5753666], [127.0070111, 37.5753105]], [[127.0064701, 37.5763701], [127.0066689, 37.5764574], [127.0067268, 37.5764882], [127.0066689, 37.5764574], [127.0064701, 37.5763701]], [[127.0070111, 37.5753105], [127.0072592, 37.5753606], [127.0070111, 37.5753105]]]}, "properties": {"name": "율곡로23길", "touristy_local": 0, "historic_contemporary": 0.6, "raw_polished": 0, "n_blogs": 15, "quiet_lively": -0.376, "local_chain": -0.697, "park": -1.0, "park_v2": -0.697, "park_canopy": 0.0, "park_traverse": 0.0, "park_dest": 0.0, "park_tier": 0, "park_access": null}}, {"type": "Feature", "geometry": {"type": "LineString", "coordinates": [[127.0103277, 37.5710401], [127.0103459, 37.57103], [127.0103277, 37.5710401]]}, "properties": {"name": "종로44길", "touristy_local": -0.333, "historic_contemporary": 0.333, "raw_polished": 0, "n_blogs": 15, "quiet_lively": -0.038, "local_chain": 0.891, "park": 0.0, "park_v2": 0.932, "park_canopy": 0.89, "park_traverse": 0.0, "park_dest": 0.0, "park_tier": 0, "park_access": null}}, {"type": "Feature", "geometry": {"type": "MultiLineString", "coordinates": [[[127.0067095, 37.5709861], [127.0067077, 37.5710801], [127.0067095, 37.5709861]], [[127.0067256, 37.5703862], [127.0067095, 37.5709861]], [[127.0067095, 37.5709861], [127.0067256, 37.5703862]], [[127.0067256, 37.5703862], [127.0067242, 37.5703371]], [[127.0067242, 37.5703371], [127.0067256, 37.5703862]], [[127.0067242, 37.5703371], [127.0067096, 37.5698222], [127.0067242, 37.5703371]]]}, "properties": {"name": "종로40길", "touristy_local": 0, "historic_contemporary": 0, "raw_polished": -0.5, "n_blogs": 15, "quiet_lively": 0.243, "local_chain": -0.697, "park": -0.847, "park_v2": 0.208, "park_canopy": 0.108, "park_traverse": 0.0, "park_dest": 0.0, "park_tier": 0, "park_access": null}}, {"type": "Feature", "geometry": {"type": "MultiLineString", "coordinates": [[[127.009575, 37.5735872], [127.0100932, 37.5736755]], [[127.0100932, 37.5736755], [127.009575, 37.5735872]], [[127.009575, 37.5735872], [127.0091707, 37.5735181], [127.009575, 37.5735872]], [[127.0100932, 37.5736755], [127.0103532, 37.5736883], [127.0100932, 37.5736755]]]}, "properties": {"name": "창신4길", "touristy_local": 0.333, "historic_contemporary": -1, "raw_polished": -1, "n_blogs": 15, "quiet_lively": -0.882, "local_chain": -0.697, "park": -0.732, "park_v2": 0.515, "park_canopy": 0.204, "park_traverse": 0.0, "park_dest": 0.0, "park_tier": 0, "park_access": null}}, {"type": "Feature", "geometry": {"type": "MultiLineString", "coordinates": [[[127.0024807, 37.5838523], [127.0025282, 37.5840103], [127.0025607, 37.5840662], [127.0026013, 37.5840743]], [[127.0026013, 37.5840743], [127.0025607, 37.5840662], [127.0025282, 37.5840103], [127.0024807, 37.5838523]], [[127.0024807, 37.5838523], [127.0020547, 37.5838351], [127.0015782, 37.5838345], [127.0020547, 37.5838351], [127.0024807, 37.5838523]], [[127.0024807, 37.5838523], [127.0026938, 37.5836989]], [[127.0026938, 37.5836989], [127.0024807, 37.5838523]], [[127.0025796, 37.5844545], [127.0028632, 37.5844628], [127.0025796, 37.5844545]], [[127.0025796, 37.5844545], [127.0025581, 37.584608], [127.0023336, 37.5848155], [127.0025581, 37.584608], [127.0025796, 37.5844545]], [[127.0025796, 37.5844545], [127.0023336, 37.5844574], [127.0025796, 37.5844545]], [[127.0026013, 37.5840743], [127.0025796, 37.5844545]], [[127.0025796, 37.5844545], [127.0026013, 37.5840743]], [[127.0026013, 37.5840743], [127.0028443, 37.5840662], [127.0028355, 37.5838523], [127.0026938, 37.5836989]], [[127.0026938, 37.5836989], [127.0028355, 37.5838523], [127.0028443, 37.5840662], [127.0026013, 37.5840743]], [[127.0026938, 37.5836989], [127.0026719, 37.5836625], [127.0025969, 37.5835872], [127.0026719, 37.5836625], [127.0026938, 37.5836989]]]}, "properties": {"name": "대학로14길", "touristy_local": 0, "historic_contemporary": 0, "raw_polished": 1, "n_blogs": 15, "quiet_lively": -0.593, "local_chain": 0.464, "park": -1.0, "park_v2": -0.691, "park_canopy": 0.0, "park_traverse": 0.0, "park_dest": 0.0, "park_tier": 0, "park_access": null}}, {"type": "Feature", "geometry": {"type": "MultiLineString", "coordinates": [[[126.9964594, 37.5673648], [126.9964994, 37.5676257]], [[126.9964994, 37.5676257], [126.9964594, 37.5673648]], [[126.9964594, 37.5673648], [126.9963585, 37.5672153], [126.9963637, 37.5670067], [126.9963585, 37.5672153], [126.9964594, 37.5673648]], [[126.9965186, 37.5678254], [126.9964994, 37.5676257]], [[126.9964994, 37.5676257], [126.9965186, 37.5678254]], [[126.9965186, 37.5678254], [126.9965353, 37.5682732], [126.9965186, 37.5678254]]]}, "properties": {"name": "창경궁로5다길", "touristy_local": 0, "historic_contemporary": -0.5, "raw_polished": -1, "n_blogs": 15, "quiet_lively": null, "local_chain": -0.326, "park": -1.0, "park_v2": 0.059, "park_canopy": 0.079, "park_traverse": 0.0, "park_dest": 0.0, "park_tier": 0, "park_access": null}}, {"type": "Feature", "geometry": {"type": "LineString", "coordinates": [[127.0000414, 37.56911], [127.0000985, 37.5688954], [127.0001269, 37.5683411], [127.0003311, 37.5683725], [127.0011564, 37.5683888], [127.002124, 37.5683792]]}, "properties": {"name": "동호로37길", "touristy_local": 1, "historic_contemporary": -1, "raw_polished": -1, "n_blogs": 15, "quiet_lively": 0.878, "local_chain": -0.697, "park": -0.792, "park_v2": 0.156, "park_canopy": 0.099, "park_traverse": 0.0, "park_dest": 0.0, "park_tier": 0, "park_access": null}}, {"type": "Feature", "geometry": {"type": "MultiLineString", "coordinates": [[[127.0010667, 37.5844156], [127.0010005, 37.5845806], [127.000847, 37.5850231], [127.0010005, 37.5845806], [127.0010667, 37.5844156]], [[127.0010667, 37.5844156], [127.0010923, 37.5842619]], [[127.0010923, 37.5842619], [127.0010667, 37.5844156]], [[127.0010923, 37.5842619], [127.0009013, 37.5842233], [127.0003319, 37.5840965], [127.0009013, 37.5842233], [127.0010923, 37.5842619]], [[127.0010923, 37.5842619], [127.0011851, 37.5840257]], [[127.0011851, 37.5840257], [127.0010923, 37.5842619]], [[127.0011851, 37.5840257], [127.0004567, 37.5838118], [127.0011851, 37.5840257]], [[127.0011851, 37.5840257], [127.0012137, 37.5839503], [127.001321, 37.5837214], [127.0012137, 37.5839503], [127.0011851, 37.5840257]]]}, "properties": {"name": "창경궁로34길", "touristy_local": 1, "historic_contemporary": -1, "raw_polished": -1, "n_blogs": 15, "quiet_lively": -0.494, "local_chain": 0.734, "park": -1.0, "park_v2": -0.762, "park_canopy": 0.0, "park_traverse": 0.0, "park_dest": 0.0, "park_tier": 0, "park_access": null}}, {"type": "Feature", "geometry": {"type": "MultiLineString", "coordinates": [[[126.9945803, 37.5665253], [126.9897438, 37.5662786], [126.9884165, 37.5662392]], [[126.9914268, 37.5662521], [127.002808, 37.566792], [127.00594, 37.5662898]], [[126.9950694, 37.5665494], [126.9945803, 37.5665253]], [[126.9945803, 37.5665253], [126.9946688, 37.566615], [126.9951007, 37.5667723]], [[126.9951007, 37.5667723], [126.9946688, 37.566615], [126.9945803, 37.5665253]], [[127.0067873, 37.5662359], [127.002831, 37.5669139], [126.9950694, 37.5665494]], [[126.9950694, 37.5665494], [126.9951007, 37.5667723]], [[126.9951007, 37.5667723], [126.9950694, 37.5665494]], [[126.9951007, 37.5667723], [126.995161, 37.567029], [126.995251, 37.5671434], [126.995161, 37.567029], [126.9951007, 37.5667723]]]}, "properties": {"name": "을지로", "touristy_local": -1, "historic_contemporary": -1, "raw_polished": 1, "n_blogs": 15, "quiet_lively": null, "local_chain": 0.332, "park": -0.396, "park_v2": 0.45, "park_canopy": 0.183, "park_traverse": 0.0, "park_dest": 0.0, "park_tier": 0, "park_access": null}}, {"type": "Feature", "geometry": {"type": "MultiLineString", "coordinates": [[[127.008061, 37.5777366], [127.0080197, 37.5781165], [127.0079293, 37.5785505], [127.0080197, 37.5781165], [127.008061, 37.5777366]], [[127.008061, 37.5777366], [127.0080839, 37.5776027]], [[127.0080839, 37.5776027], [127.008061, 37.5777366]], [[127.0081155, 37.5774957], [127.0080839, 37.5776027]], [[127.0080839, 37.5776027], [127.0081155, 37.5774957]], [[127.0081155, 37.5774957], [127.0082965, 37.5773437]], [[127.0082965, 37.5773437], [127.0081155, 37.5774957]], [[127.0082965, 37.5773437], [127.0084746, 37.5772024]], [[127.0084746, 37.5772024], [127.0082965, 37.5773437]], [[127.0084746, 37.5772024], [127.0085015, 37.5771562], [127.0085022, 37.5770569], [127.0085015, 37.5771562], [127.0084746, 37.5772024]]]}, "properties": {"name": "낙산성곽서1길", "touristy_local": -1, "historic_contemporary": 0.333, "raw_polished": null, "n_blogs": 15, "quiet_lively": -0.635, "local_chain": -0.697, "park": -0.541, "park_v2": 0.879, "park_canopy": 0.707, "park_traverse": 0.0, "park_dest": 0.0, "park_tier": 0, "park_access": null}}, {"type": "Feature", "geometry": {"type": "MultiLineString", "coordinates": [[[127.0010611, 37.5789153], [127.0009467, 37.5789791], [127.0008245, 37.579081], [127.0009467, 37.5789791], [127.0010611, 37.5789153]], [[127.0012535, 37.5788477], [127.0010611, 37.5789153]], [[127.0010611, 37.5789153], [127.0012535, 37.5788477]], [[127.0018166, 37.5787301], [127.0016295, 37.5787367], [127.0012535, 37.5788477]], [[127.0012535, 37.5788477], [127.0015082, 37.578767], [127.0016295, 37.5787367], [127.0018166, 37.5787301]], [[127.0018166, 37.5787301], [127.0018075, 37.5786803], [127.0018075, 37.5782781], [127.0018075, 37.5786803], [127.0018166, 37.5787301]]]}, "properties": {"name": "대학로5가길", "touristy_local": -0.333, "historic_contemporary": 0, "raw_polished": null, "n_blogs": 15, "quiet_lively": 0.16, "local_chain": 0.655, "park": -1.0, "park_v2": -0.834, "park_canopy": 0.0, "park_traverse": 0.0, "park_dest": 0.0, "park_tier": 0, "park_access": null}}, {"type": "Feature", "geometry": {"type": "MultiLineString", "coordinates": [[[126.9839513, 37.5733137], [126.984355, 37.5735431]], [[126.984355, 37.5735431], [126.9839513, 37.5733137]], [[126.9839513, 37.5733137], [126.9838294, 37.5731766], [126.983812, 37.5730607], [126.9834918, 37.572976], [126.9829986, 37.5728976], [126.9834918, 37.572976], [126.983812, 37.5730607], [126.9838294, 37.5731766], [126.9839513, 37.5733137]], [[126.984355, 37.5735431], [126.9850373, 37.5738965], [126.984355, 37.5735431]]]}, "properties": {"name": "인사동9길", "touristy_local": 1, "historic_contemporary": -0.2, "raw_polished": 1, "n_blogs": 15, "quiet_lively": 0.551, "local_chain": 0.155, "park": -1.0, "park_v2": -0.743, "park_canopy": 0.0, "park_traverse": 0.0, "park_dest": 0.0, "park_tier": 0, "park_access": null}}, {"type": "Feature", "geometry": {"type": "MultiLineString", "coordinates": [[[126.9904812, 37.5712493], [126.990063, 37.5711798]], [[126.990063, 37.5711798], [126.9904812, 37.5712493]], [[126.990063, 37.5711798], [126.9900413, 37.5713516], [126.9900953, 37.5713895], [126.9901057, 37.5714568], [126.9900953, 37.5713895], [126.9900413, 37.5713516], [126.990063, 37.5711798]], [[126.990063, 37.5711798], [126.9893256, 37.5711044], [126.990063, 37.5711798]], [[126.9904812, 37.5712493], [126.9907177, 37.5713083], [126.9907045, 37.5715476]], [[126.9907045, 37.5715476], [126.9907177, 37.5713083], [126.9904812, 37.5712493]], [[126.9904812, 37.5712493], [126.9905548, 37.5710741], [126.9904812, 37.5712493]], [[126.9915509, 37.571201], [126.9914898, 37.571361], [126.9910616, 37.571346], [126.9909416, 37.5716031], [126.9907045, 37.5715476]], [[126.9907045, 37.5715476], [126.9909416, 37.5716031], [126.9910616, 37.571346], [126.9914898, 37.571361], [126.9915509, 37.571201]], [[126.9907045, 37.5715476], [126.9906821, 37.5716755], [126.9907045, 37.5715476]], [[126.9915509, 37.571201], [126.99166, 37.5712198], [126.9915509, 37.571201]], [[126.9915509, 37.571201], [126.9912579, 37.5711655], [126.9915509, 37.571201]]]}, "properties": {"name": "수표로22길", "touristy_local": 0, "historic_contemporary": null, "raw_polished": -1, "n_blogs": 15, "quiet_lively": 0.878, "local_chain": 0.168, "park": -1.0, "park_v2": -0.521, "park_canopy": 0.006, "park_traverse": 0.0, "park_dest": 0.0, "park_tier": 0, "park_access": null}}, {"type": "Feature", "geometry": {"type": "MultiLineString", "coordinates": [[[126.9869109, 37.5695694], [126.987627, 37.5696154], [126.9869109, 37.5695694]], [[126.9869109, 37.5695694], [126.9857526, 37.569559], [126.9869109, 37.5695694]]]}, "properties": {"name": "삼일대로19길", "touristy_local": 1, "historic_contemporary": 0, "raw_polished": 1, "n_blogs": 15, "quiet_lively": 0.551, "local_chain": 0.845, "park": -1.0, "park_v2": -0.756, "park_canopy": 0.0, "park_traverse": 0.0, "park_dest": 0.0, "park_tier": 0, "park_access": null}}, {"type": "Feature", "geometry": {"type": "MultiLineString", "coordinates": [[[126.9863243, 37.5733271], [126.9862955, 37.5733671], [126.9866471, 37.5735736], [126.9862955, 37.5733671], [126.9863243, 37.5733271]], [[126.9863243, 37.5733271], [126.9861697, 37.5732632], [126.9860785, 37.5731572], [126.9861697, 37.5732632], [126.9863243, 37.5733271]]]}, "properties": {"name": "인사동6길", "touristy_local": -0.2, "historic_contemporary": -0.2, "raw_polished": 0, "n_blogs": 15, "quiet_lively": 0.551, "local_chain": -0.697, "park": -1.0, "park_v2": -0.515, "park_canopy": 0.007, "park_traverse": 0.0, "park_dest": 0.0, "park_tier": 0, "park_access": null}}, {"type": "Feature", "geometry": {"type": "MultiLineString", "coordinates": [[[126.9884341, 37.5824333], [126.9885505, 37.5824481], [126.9887433, 37.5826032], [126.9887522, 37.5826905], [126.9885914, 37.582728], [126.9886289, 37.5829627], [126.9885914, 37.582728], [126.9887522, 37.5826905], [126.9887433, 37.5826032], [126.9885505, 37.5824481], [126.9884341, 37.5824333]], [[126.9884341, 37.5824333], [126.9883606, 37.5824705], [126.9883135, 37.5824557], [126.9881783, 37.5823202], [126.9883135, 37.5824557], [126.9883606, 37.5824705], [126.9884341, 37.5824333]], [[126.9884341, 37.5824333], [126.9885206, 37.5821661]], [[126.9885206, 37.5821661], [126.9884341, 37.5824333]], [[126.9887891, 37.581382], [126.9885206, 37.5821661]], [[126.9885206, 37.5821661], [126.9887891, 37.581382]], [[126.9887891, 37.581382], [126.9890368, 37.581294], [126.9893403, 37.5812689], [126.9890368, 37.581294], [126.9887891, 37.581382]]]}, "properties": {"name": "창덕궁3길", "touristy_local": -0.333, "historic_contemporary": -0.333, "raw_polished": null, "n_blogs": 15, "quiet_lively": -0.525, "local_chain": 0.855, "park": -0.969, "park_v2": -0.176, "park_canopy": 0.045, "park_traverse": 0.0, "park_dest": 0.0, "park_tier": 0, "park_access": null}}, {"type": "Feature", "geometry": {"type": "MultiLineString", "coordinates": [[[126.9974091, 37.5840217], [126.9972864, 37.584183], [126.997013, 37.584363], [126.9972864, 37.584183], [126.9974091, 37.5840217]], [[126.9974091, 37.5840217], [126.9974169, 37.5839554]], [[126.9974169, 37.5839554], [126.9974091, 37.5840217]], [[126.9976908, 37.583755], [126.9974169, 37.5839554]], [[126.9974169, 37.5839554], [126.9976908, 37.583755]], [[126.9978654, 37.5835974], [126.9977998, 37.583578], [126.9976472, 37.5834392]], [[126.9976472, 37.5834392], [126.9977998, 37.583578], [126.9978654, 37.5835974]], [[126.9976472, 37.5834392], [126.9975589, 37.5833589], [126.9974132, 37.5832612], [126.9975589, 37.5833589], [126.9976472, 37.5834392]], [[126.9979009, 37.5836527], [126.9976908, 37.583755]], [[126.9976908, 37.583755], [126.9979009, 37.5836527]], [[126.997707, 37.583046], [126.9975477, 37.5828956], [126.9976317, 37.5828053], [126.9977942, 37.5828911], [126.997707, 37.583046]], [[126.997707, 37.583046], [126.9977942, 37.5828911], [126.9976317, 37.5828053], [126.9975477, 37.5828956], [126.997707, 37.583046]], [[126.9978654, 37.5835974], [126.9979009, 37.5836527]], [[126.9979009, 37.5836527], [126.9978654, 37.5835974]], [[126.9979009, 37.5836527], [126.9982036, 37.5834032]], [[126.9982036, 37.5834032], [126.9981286, 37.5834595], [126.9979009, 37.5836527]], [[126.9982797, 37.5833102], [126.9982036, 37.5834032]], [[126.9982036, 37.5834032], [126.9982797, 37.5833102]], [[126.9982797, 37.5833102], [126.9983602, 37.5832005], [126.9983089, 37.5830914], [126.9983602, 37.5832005], [126.9982797, 37.5833102]]]}, "properties": {"name": "창경궁로29길", "touristy_local": -1, "historic_contemporary": -0.333, "raw_polished": -1, "n_blogs": 15, "quiet_lively": -0.707, "local_chain": 0.326, "park": -1.0, "park_v2": -0.3, "park_canopy": 0.029, "park_traverse": 0.0, "park_dest": 0.0, "park_tier": 0, "park_access": null}}, {"type": "Feature", "geometry": {"type": "MultiLineString", "coordinates": [[[126.981399, 37.5813155], [126.9816646, 37.5817635], [126.9816271, 37.5818219]], [[126.9816271, 37.5818219], [126.9816646, 37.5817635], [126.981399, 37.5813155]], [[126.981399, 37.5813155], [126.9812812, 37.5813827], [126.9811153, 37.5814955], [126.9812812, 37.5813827], [126.981399, 37.5813155]], [[126.981399, 37.5813155], [126.9815044, 37.581227], [126.9815931, 37.581022]], [[126.9815931, 37.581022], [126.9815044, 37.581227], [126.981399, 37.5813155]], [[126.9815931, 37.581022], [126.9813513, 37.5809541], [126.9815931, 37.581022]], [[126.9815931, 37.581022], [126.9818844, 37.5805389]], [[126.9818844, 37.5805389], [126.9815931, 37.581022]], [[126.9816271, 37.5818219], [126.9814102, 37.5819076], [126.9814073, 37.5819064], [126.9814102, 37.5819076], [126.9816271, 37.5818219]], [[126.9820474, 37.5802856], [126.9818844, 37.5805389]], [[126.9818844, 37.5805389], [126.9820474, 37.5802856]], [[126.9820474, 37.5802856], [126.9818114, 37.5802432], [126.9818088, 37.5802012], [126.9817285, 37.5801756], [126.9818088, 37.5802012], [126.9818114, 37.5802432], [126.9820474, 37.5802856]], [[126.9821834, 37.5800839], [126.9820474, 37.5802856]], [[126.9820474, 37.5802856], [126.9821834, 37.5800839]], [[126.982429, 37.5803516], [126.9823053, 37.5801511], [126.9821834, 37.5800839]], [[126.9821834, 37.5800839], [126.9823053, 37.5801511], [126.982429, 37.5803516]], [[126.9823699, 37.5799271], [126.9821834, 37.5800839]], [[126.9821834, 37.5800839], [126.9823699, 37.5799271]], [[126.982429, 37.5803516], [126.9825394, 37.5803242], [126.9823699, 37.5799271]], [[126.9823699, 37.5799271], [126.9825394, 37.5803242], [126.982429, 37.5803516]], [[126.9823699, 37.5799271], [126.9822523, 37.5795864], [126.9823699, 37.5799271]], [[126.982429, 37.5803516], [126.9824665, 37.5805528], [126.9821949, 37.58058], [126.9821605, 37.5808165], [126.9822102, 37.5809347], [126.982172, 37.5810751], [126.9822102, 37.5809347], [126.9821605, 37.5808165], [126.9821949, 37.58058], [126.9824665, 37.5805528], [126.982429, 37.5803516]], [[126.982429, 37.5803516], [126.9822409, 37.5803502], [126.982429, 37.5803516]]]}, "properties": {"name": "북촌로5가길", "touristy_local": 0, "historic_contemporary": 0.333, "raw_polished": 0, "n_blogs": 15, "quiet_lively": -0.141, "local_chain": 0.194, "park": -0.76, "park_v2": 0.248, "park_canopy": 0.114, "park_traverse": 0.0, "park_dest": 0.0, "park_tier": 0, "park_access": null}}, {"type": "Feature", "geometry": {"type": "MultiLineString", "coordinates": [[[127.0091721, 37.5787141], [127.0090802, 37.5782261], [127.0091319, 37.5781038]], [[127.0091319, 37.5781038], [127.0090802, 37.5782261], [127.0091721, 37.5787141]], [[127.0091319, 37.5781038], [127.0092534, 37.5776431], [127.0094766, 37.577442]], [[127.0094766, 37.577442], [127.0092534, 37.5776431], [127.0091319, 37.5781038]], [[127.0091721, 37.5787141], [127.0093391, 37.5791896]], [[127.0093391, 37.5791896], [127.0091721, 37.5787141]], [[127.0094352, 37.5794273], [127.0093391, 37.5791896]], [[127.0093391, 37.5791896], [127.0094352, 37.5794273]], [[127.0095503, 37.5796874], [127.0094352, 37.5794273]], [[127.0094352, 37.5794273], [127.0095503, 37.5796874]], [[127.009446, 37.57657], [127.0094626, 37.5766597]], [[127.0094626, 37.5766597], [127.009446, 37.57657]], [[127.009446, 37.57657], [127.0093249, 37.576544], [127.009446, 37.57657]], [[127.0095969, 37.5770467], [127.0094626, 37.5766597]], [[127.0094626, 37.5766597], [127.0095969, 37.5770467]], [[127.0094766, 37.577442], [127.0095733, 37.5774994], [127.0098977, 37.5775174]], [[127.0098977, 37.5775174], [127.0095733, 37.5774994], [127.0094766, 37.577442]], [[127.0095969, 37.5770467], [127.0094766, 37.577442]], [[127.0094766, 37.577442], [127.0095969, 37.5770467]], [[127.0095503, 37.5796874], [127.0095779, 37.5796911]], [[127.0095779, 37.5796911], [127.0095503, 37.5796874]], [[127.0095779, 37.5796911], [127.0099781, 37.579744], [127.0101136, 37.5799638], [127.0103565, 37.5802111], [127.0101136, 37.5799638], [127.0099781, 37.579744], [127.0095779, 37.5796911]], [[127.0095969, 37.5770467], [127.0099, 37.5767705]], [[127.0099, 37.5767705], [127.0095969, 37.5770467]], [[127.0098977, 37.5775174], [127.0101275, 37.5775293], [127.0098977, 37.5775174]], [[127.0102509, 37.5767187], [127.0099, 37.5767705]], [[127.0099, 37.5767705], [127.0102509, 37.5767187]], [[127.0102509, 37.5767187], [127.0102183, 37.5765879], [127.0102295, 37.5761988]], [[127.0102295, 37.5761988], [127.0102183, 37.5765879], [127.0102509, 37.5767187]], [[127.0102295, 37.5761988], [127.0102262, 37.5760336], [127.0103144, 37.5760217], [127.0104314, 37.5758739]], [[127.0104314, 37.5758739], [127.0103144, 37.5760217], [127.0102262, 37.5760336], [127.0102295, 37.5761988]], [[127.0102509, 37.5767187], [127.0103781, 37.5765725]], [[127.0103781, 37.5765725], [127.0102509, 37.5767187]], [[127.0104444, 37.5762273], [127.0104569, 37.576458], [127.0103781, 37.5765725]], [[127.0103781, 37.5765725], [127.0104569, 37.576458], [127.0104444, 37.5762273]], [[127.0104444, 37.5762273], [127.0104314, 37.5758739]], [[127.0104314, 37.5758739], [127.0104444, 37.5762273]], [[127.0104579, 37.5757846], [127.0104314, 37.5758739]], [[127.0104314, 37.5758739], [127.0104579, 37.5757846]], [[127.0104579, 37.5757846], [127.0104966, 37.5757427], [127.0104579, 37.5757846]], [[127.0103297, 37.5717372], [127.0103319, 37.5716747], [127.0103297, 37.5717372]]]}, "properties": {"name": "창신길", "touristy_local": 1, "historic_contemporary": -1, "raw_polished": -1, "n_blogs": 15, "quiet_lively": -0.867, "local_chain": 0.898, "park": -0.849, "park_v2": 0.339, "park_canopy": 0.142, "park_traverse": 0.0, "park_dest": 0.0, "park_tier": 0, "park_access": null}}, {"type": "Feature", "geometry": {"type": "MultiLineString", "coordinates": [[[126.9811017, 37.5688031], [126.9811092, 37.5688383], [126.9811017, 37.5688031]], [[126.9812141, 37.5682893], [126.9811017, 37.5688031]], [[126.9811017, 37.5688031], [126.9812141, 37.5682893]], [[126.9813331, 37.5678901], [126.9812141, 37.5682893]], [[126.9812141, 37.5682893], [126.9813331, 37.5678901]], [[126.9813331, 37.5678901], [126.9814137, 37.5673958]], [[126.9814137, 37.5673958], [126.9813331, 37.5678901]], [[126.9815025, 37.567173], [126.9814137, 37.5673958]], [[126.9814137, 37.5673958], [126.9815025, 37.567173]], [[126.9815025, 37.567173], [126.9815651, 37.5667216], [126.9815025, 37.567173]]]}, "properties": {"name": "을지로3길", "touristy_local": -0.429, "historic_contemporary": 0, "raw_polished": 0, "n_blogs": 15, "quiet_lively": 0.346, "local_chain": 0.595, "park": -0.694, "park_v2": 0.476, "park_canopy": 0.19, "park_traverse": 0.0, "park_dest": 0.0, "park_tier": 0, "park_access": null}}, {"type": "Feature", "geometry": {"type": "MultiLineString", "coordinates": [[[126.9841696, 37.579603], [126.9839815, 37.579598], [126.9837057, 37.5794262], [126.9839815, 37.579598], [126.9841696, 37.579603]], [[126.9845685, 37.5795943], [126.9841696, 37.579603]], [[126.9841696, 37.579603], [126.9845685, 37.5795943]], [[126.9850196, 37.5796162], [126.9845685, 37.5795943]], [[126.9845685, 37.5795943], [126.9850196, 37.5796162]], [[126.9850196, 37.5796162], [126.9849995, 37.5792618]], [[126.9849995, 37.5792618], [126.9850196, 37.5796162]], [[126.9851722, 37.5790633], [126.9850901, 37.5792002], [126.9849995, 37.5792618]], [[126.9849995, 37.5792618], [126.9850901, 37.5792002], [126.9851722, 37.5790633]], [[126.9850196, 37.5796162], [126.9850363, 37.5800671]], [[126.9850363, 37.5800671], [126.9850196, 37.5796162]], [[126.9850363, 37.5800671], [126.9850378, 37.580164]], [[126.9850378, 37.580164], [126.9850363, 37.5800671]], [[126.9850565, 37.580607], [126.9850378, 37.580164]], [[126.9850378, 37.580164], [126.9850565, 37.580607]], [[126.9850565, 37.580607], [126.985425, 37.5806075], [126.9857413, 37.5805558], [126.9857321, 37.5802681], [126.9857413, 37.5805558], [126.985425, 37.5806075], [126.9850565, 37.580607]], [[126.9850602, 37.5809683], [126.9850565, 37.580607]], [[126.9850565, 37.580607], [126.9850602, 37.5809683]], [[126.9850602, 37.5809683], [126.9850709, 37.5812601]], [[126.9850709, 37.5812601], [126.9850602, 37.5809683]], [[126.9850709, 37.5812601], [126.9855285, 37.5812634], [126.9855414, 37.5809947], [126.9855285, 37.5812634], [126.9850709, 37.5812601]], [[126.9850747, 37.581459], [126.9850709, 37.5812601]], [[126.9850709, 37.5812601], [126.9850747, 37.581459]], [[126.9850864, 37.5817996], [126.9850747, 37.581459]], [[126.9850747, 37.581459], [126.9850864, 37.5817996]], [[126.9851239, 37.5825466], [126.9850864, 37.5817996]], [[126.9850864, 37.5817996], [126.9851239, 37.5825466]], [[126.9851239, 37.5825466], [126.9851304, 37.5828059]], [[126.9851304, 37.5828059], [126.9851239, 37.5825466]], [[126.9851239, 37.5825466], [126.9846824, 37.5825732], [126.9851239, 37.5825466]], [[126.9851239, 37.5825466], [126.9854068, 37.5825373]], [[126.9854068, 37.5825373], [126.9851239, 37.5825466]], [[126.9851418, 37.5833384], [126.9851304, 37.5828059]], [[126.9851304, 37.5828059], [126.9851418, 37.5833384]], [[126.9851304, 37.5828059], [126.9847139, 37.5828534], [126.9851304, 37.5828059]], [[126.9851418, 37.5833384], [126.9851629, 37.584048]], [[126.9851629, 37.584048], [126.9851418, 37.5833384]], [[126.9851629, 37.584048], [126.9851644, 37.5842361]], [[126.9851644, 37.5842361], [126.9851629, 37.584048]], [[126.9855436, 37.5861189], [126.9855358, 37.5858512], [126.985222, 37.5851534], [126.9851882, 37.5850189], [126.9851644, 37.5842361]], [[126.9851644, 37.5842361], [126.9851882, 37.5850189], [126.985222, 37.5851534], [126.9855358, 37.5858512], [126.9855436, 37.5861189]], [[126.9851722, 37.5790633], [126.9852767, 37.5787952]], [[126.9852767, 37.5787952], [126.9851722, 37.5790633]], [[126.985506, 37.5782186], [126.9852767, 37.5787952]], [[126.9852767, 37.5787952], [126.985506, 37.5782186]], [[126.9854068, 37.5825373], [126.9854469, 37.5825387]], [[126.9854469, 37.5825387], [126.9854068, 37.5825373]], [[126.9854469, 37.5825387], [126.9854316, 37.5827451], [126.9854469, 37.5825387]], [[126.9854469, 37.5825387], [126.9855516, 37.5825369], [126.9857413, 37.5825478], [126.9855516, 37.5825369], [126.9854469, 37.5825387]], [[126.9855507, 37.5781329], [126.985506, 37.5782186]], [[126.985506, 37.5782186], [126.9855507, 37.5781329]], [[126.9855436, 37.5861189], [126.9854831, 37.5862031], [126.9853029, 37.5864119], [126.9854831, 37.5862031], [126.9855436, 37.5861189]], [[126.9856637, 37.5778827], [126.9855507, 37.5781329]], [[126.9855507, 37.5781329], [126.9856637, 37.5778827]], [[126.9855507, 37.5781329], [126.9860165, 37.578131], [126.9855507, 37.5781329]], [[126.9858367, 37.577516], [126.9856637, 37.5778827]], [[126.9856637, 37.5778827], [126.9858367, 37.577516]], [[126.9858367, 37.577516], [126.986145, 37.5769], [126.9861959, 37.5768371], [126.986145, 37.5769], [126.9858367, 37.577516]]]}, "properties": {"name": "북촌로", "touristy_local": -0.2, "historic_contemporary": -0.333, "raw_polished": null, "n_blogs": 15, "quiet_lively": -0.354, "local_chain": 0.227, "park": -0.782, "park_v2": 0.378, "park_canopy": 0.151, "park_traverse": 0.0, "park_dest": 0.0, "park_tier": 0, "park_access": null}}, {"type": "Feature", "geometry": {"type": "MultiLineString", "coordinates": [[[127.0026797, 37.5809606], [127.0023214, 37.5809534]], [[127.0023214, 37.5809534], [127.0026797, 37.5809606]], [[127.0023214, 37.5809534], [127.0020746, 37.5809498], [127.0023214, 37.5809534]], [[127.0028692, 37.5809531], [127.0026797, 37.5809606]], [[127.0026797, 37.5809606], [127.0028692, 37.5809531]], [[127.0032858, 37.5809347], [127.0028692, 37.5809531]], [[127.0028692, 37.5809531], [127.0032858, 37.5809347]], [[127.0032858, 37.5809347], [127.003397, 37.58093], [127.0032858, 37.5809347]], [[127.0033962, 37.5808728], [127.003829, 37.5808672], [127.0033962, 37.5808728]]]}, "properties": {"name": "대학로8길", "touristy_local": -1, "historic_contemporary": 0.2, "raw_polished": 1, "n_blogs": 15, "quiet_lively": -0.814, "local_chain": -0.312, "park": -0.064, "park_v2": 0.899, "park_canopy": 0.792, "park_traverse": 0.0, "park_dest": 0.0, "park_tier": 0, "park_access": null}}, {"type": "Feature", "geometry": {"type": "MultiLineString", "coordinates": [[[127.0043686, 37.5831181], [127.0042776, 37.5833354], [127.0043686, 37.5831181]], [[127.0043686, 37.5831181], [127.004595, 37.5830923]], [[127.004595, 37.5830923], [127.0043686, 37.5831181]], [[127.0049818, 37.5831454], [127.004595, 37.5830923]], [[127.004595, 37.5830923], [127.0049818, 37.5831454]], [[127.0049818, 37.5831454], [127.0051291, 37.5831159], [127.0053396, 37.5831245]], [[127.0053396, 37.5831245], [127.0051291, 37.5831159], [127.0049818, 37.5831454]], [[127.0053396, 37.5831245], [127.0056765, 37.5831381], [127.0059112, 37.5832192]], [[127.0059112, 37.5832192], [127.0056765, 37.5831381], [127.0053396, 37.5831245]], [[127.0058455, 37.5833671], [127.0059166, 37.5835077], [127.0058455, 37.5833671]], [[127.0059112, 37.5832192], [127.0058455, 37.5833671]], [[127.0058455, 37.5833671], [127.0059112, 37.5832192]], [[127.0060659, 37.5832051], [127.0059112, 37.5832192]], [[127.0059112, 37.5832192], [127.0060659, 37.5832051]], [[127.0063123, 37.5831255], [127.0060659, 37.5832051]], [[127.0060659, 37.5832051], [127.0063123, 37.5831255]], [[127.0063123, 37.5831255], [127.0063875, 37.5830996], [127.0064635, 37.5831063], [127.0063875, 37.5830996], [127.0063123, 37.5831255]]]}, "properties": {"name": "동숭4나길", "touristy_local": 1, "historic_contemporary": -0.333, "raw_polished": 1, "n_blogs": 15, "quiet_lively": -0.548, "local_chain": -0.332, "park": -0.615, "park_v2": 0.691, "park_canopy": 0.286, "park_traverse": 0.0, "park_dest": 0.0, "park_tier": 0, "park_access": null}}, {"type": "Feature", "geometry": {"type": "MultiLineString", "coordinates": [[[126.9864518, 37.5731641], [126.9867718, 37.5732808], [126.9867128, 37.5733839], [126.9867718, 37.5732808], [126.9864518, 37.5731641]], [[126.9864518, 37.5731641], [126.9863243, 37.5733271], [126.9864518, 37.5731641]], [[126.9864518, 37.5731641], [126.9865119, 37.5730779], [126.9864518, 37.5731641]], [[126.9868119, 37.5731858], [126.9869285, 37.5729828], [126.9868119, 37.5731858]]]}, "properties": {"name": "인사동4길", "touristy_local": -0.333, "historic_contemporary": -0.5, "raw_polished": -0.333, "n_blogs": 15, "quiet_lively": 0.551, "local_chain": -0.697, "park": -1.0, "park_v2": -0.495, "park_canopy": 0.008, "park_traverse": 0.0, "park_dest": 0.0, "park_tier": 0, "park_access": null}}, {"type": "Feature", "geometry": {"type": "MultiLineString", "coordinates": [[[126.9903432, 37.5667909], [126.9896637, 37.5667609]], [[126.9903432, 37.5667909], [126.9908487, 37.5668192]], [[126.9908487, 37.5668192], [126.9903432, 37.5667909]], [[126.9903432, 37.5667909], [126.9903072, 37.5672143], [126.990282, 37.5676125], [126.9903072, 37.5672143], [126.9903432, 37.5667909]], [[126.9908487, 37.5668192], [126.9919421, 37.5668893]], [[126.9919421, 37.5668893], [126.9908487, 37.5668192]], [[126.9919421, 37.5668893], [126.9925734, 37.5669222], [126.9919421, 37.5668893]]]}, "properties": {"name": "충무로9길", "touristy_local": -0.5, "historic_contemporary": -1, "raw_polished": 0, "n_blogs": 15, "quiet_lively": null, "local_chain": -0.286, "park": -1.0, "park_v2": -0.541, "park_canopy": 0.005, "park_traverse": 0.0, "park_dest": 0.0, "park_tier": 0, "park_access": null}}, {"type": "Feature", "geometry": {"type": "MultiLineString", "coordinates": [[[127.0078678, 37.5731217], [127.0076109, 37.573125], [127.0075554, 37.5730907]], [[127.0075554, 37.5730907], [127.0076109, 37.573125], [127.0078678, 37.5731217]], [[127.0075554, 37.5730907], [127.0074403, 37.5730157], [127.0075554, 37.5730907]], [[127.0079771, 37.5770959], [127.0078607, 37.5770484]], [[127.0078607, 37.5770484], [127.0079771, 37.5770959]], [[127.0078607, 37.5770484], [127.0077766, 37.577014], [127.0078607, 37.5770484]], [[127.0078678, 37.5731217], [127.0078666, 37.5734457], [127.0078678, 37.5731217]], [[127.0082446, 37.5731071], [127.0078678, 37.5731217]], [[127.0078678, 37.5731217], [127.0082446, 37.5731071]], [[127.0079293, 37.5785505], [127.0079976, 37.5792678]], [[127.0079976, 37.5792678], [127.0079293, 37.5785505]], [[127.0079293, 37.5785505], [127.0083109, 37.5781063], [127.0083469, 37.5778654], [127.0082996, 37.5776338]], [[127.0082996, 37.5776338], [127.0083469, 37.5778654], [127.0083109, 37.5781063], [127.0081484, 37.5782758], [127.0079293, 37.5785505]], [[127.0079771, 37.5770959], [127.0081173, 37.5771369]], [[127.0081173, 37.5771369], [127.0079771, 37.5770959]], [[127.0079976, 37.5792678], [127.0081261, 37.5794703], [127.0083031, 37.5796528], [127.0084796, 37.580197]], [[127.0084796, 37.580197], [127.0083031, 37.5796528], [127.0081261, 37.5794703], [127.0079976, 37.5792678]], [[127.0080249, 37.5764172], [127.0081175, 37.576641]], [[127.0081175, 37.576641], [127.0080249, 37.5764172]], [[127.0080249, 37.5764172], [127.0081479, 37.5763164], [127.0080249, 37.5764172]], [[127.0081173, 37.5771369], [127.0081686, 37.5772381], [127.0082965, 37.5773437], [127.0081686, 37.5772381], [127.0081173, 37.5771369]], [[127.0081173, 37.5771369], [127.0084202, 37.5770913]], [[127.0084202, 37.5770913], [127.0081173, 37.5771369]], [[127.0084437, 37.5767287], [127.0082756, 37.5767526], [127.00815, 37.5767105], [127.0081175, 37.576641]], [[127.0081175, 37.576641], [127.00815, 37.5767105], [127.0082756, 37.5767526], [127.0084437, 37.5767287]], [[127.0082446, 37.5731071], [127.0082459, 37.5734574], [127.0082446, 37.5731071]], [[127.0086054, 37.5734531], [127.0085803, 37.5734146], [127.0084797, 37.5732601], [127.0084431, 37.5731105], [127.0082446, 37.5731071]], [[127.0082446, 37.5731071], [127.0084431, 37.5731105], [127.0084797, 37.5732601], [127.0086054, 37.5734531]], [[127.0082996, 37.5776338], [127.0083172, 37.5775083], [127.0084251, 37.5772836]], [[127.0084251, 37.5772836], [127.0083172, 37.5775083], [127.0082996, 37.5776338]], [[127.0083254, 37.5762824], [127.0083195, 37.5757998]], [[127.0083195, 37.5757998], [127.0083254, 37.5762824]], [[127.0083195, 37.5757998], [127.0081125, 37.5758059], [127.0083195, 37.5757998]], [[127.0083598, 37.5756123], [127.0083159, 37.5757068], [127.0083195, 37.5757998]], [[127.0083195, 37.5757998], [127.0083159, 37.5757068], [127.0083598, 37.5756123]], [[127.0083254, 37.5762824], [127.0084273, 37.5765215], [127.0084437, 37.5767287]], [[127.0084437, 37.5767287], [127.0084273, 37.5765215], [127.0083254, 37.5762824]], [[127.0085305, 37.5753745], [127.0084982, 37.5754392], [127.0083598, 37.5756123]], [[127.0083598, 37.5756123], [127.0085305, 37.5753745]], [[127.0085022, 37.5770569], [127.0084202, 37.5770913]], [[127.0084202, 37.5770913], [127.0085022, 37.5770569]], [[127.0085158, 37.5770072], [127.0085348, 37.5771497], [127.0084251, 37.5772836]], [[127.0084251, 37.5772836], [127.0085348, 37.5771497], [127.0085158, 37.5770072]], [[127.0084437, 37.5767287], [127.0084843, 37.5768809]], [[127.0084843, 37.5768809], [127.0084437, 37.5767287]], [[127.0084796, 37.580197], [127.0085967, 37.5805469], [127.0084796, 37.580197]], [[127.0085158, 37.5770072], [127.0084843, 37.5768809]], [[127.0084843, 37.5768809], [127.0085158, 37.5770072]], [[127.0084843, 37.5768809], [127.0081308, 37.5769025], [127.0081273, 37.576859], [127.0079769, 37.5768576], [127.0079963, 37.5767482], [127.0079769, 37.5768576], [127.0081273, 37.576859], [127.0081308, 37.5769025], [127.0084843, 37.5768809]], [[127.0085158, 37.5770072], [127.0085022, 37.5770569]], [[127.0085022, 37.5770569], [127.0085158, 37.5770072]], [[127.0085305, 37.5753745], [127.0085887, 37.5752691]], [[127.0085887, 37.5752691], [127.0085305, 37.5753745]], [[127.0086161, 37.5745669], [127.0085706, 37.5744523]], [[127.0085706, 37.5744523], [127.0086161, 37.5745669]], [[127.0085706, 37.5744523], [127.0084351, 37.574479], [127.0085706, 37.5744523]], [[127.0086054, 37.5734531], [127.0086535, 37.5735372], [127.0086287, 37.5739281], [127.0086171, 37.5739932], [127.0085254, 37.5741908], [127.008516, 37.5742324], [127.0085706, 37.5744523]], [[127.0085706, 37.5744523], [127.008516, 37.5742324], [127.0086171, 37.5739932], [127.0086287, 37.5739281], [127.0086535, 37.5735372], [127.0086054, 37.5734531]], [[127.0085887, 37.5752691], [127.0084249, 37.5752786], [127.0082623, 37.5751836], [127.0081261, 37.5750466], [127.0079493, 37.5750515], [127.0081261, 37.5750466], [127.0082623, 37.5751836], [127.0084249, 37.5752786], [127.0085887, 37.5752691]], [[127.0085887, 37.5752691], [127.0086318, 37.5751478]], [[127.0086318, 37.5751478], [127.0085887, 37.5752691]], [[127.0086928, 37.5748042], [127.0086161, 37.5745669]], [[127.0086161, 37.5745669], [127.0086928, 37.5748042]], [[127.0086928, 37.5748042], [127.0086887, 37.5749809], [127.0086318, 37.5751478]], [[127.0086318, 37.5751478], [127.0086887, 37.5749809], [127.0086928, 37.5748042]]]}, "properties": {"name": "낙산성곽서길", "touristy_local": 0, "historic_contemporary": 0, "raw_polished": 1, "n_blogs": 15, "quiet_lively": -0.635, "local_chain": 0.516, "park": -0.253, "park_v2": 0.86, "park_canopy": 0.654, "park_traverse": 0.0, "park_dest": 0.0, "park_tier": 0, "park_access": null}}, {"type": "Feature", "geometry": {"type": "MultiLineString", "coordinates": [[[127.0048622, 37.577216], [127.0055176, 37.5774381]], [[127.0055176, 37.5774381], [127.0049801, 37.5772597], [127.0048622, 37.577216]], [[127.0048622, 37.577216], [127.0047371, 37.5771227], [127.0045855, 37.5770347], [127.0047371, 37.5771227], [127.0048622, 37.577216]], [[127.0055176, 37.5774381], [127.0058205, 37.5775405]], [[127.0058205, 37.5775405], [127.0055176, 37.5774381]], [[127.0055176, 37.5774381], [127.0054524, 37.5777107], [127.0053331, 37.5780399], [127.0054524, 37.5777107], [127.0055176, 37.5774381]], [[127.0058919, 37.5775688], [127.0058205, 37.5775405]], [[127.0058205, 37.5775405], [127.0058919, 37.5775688]], [[127.0058205, 37.5775405], [127.0058275, 37.5774723], [127.0058239, 37.5771451], [127.0058275, 37.5774723], [127.0058205, 37.5775405]], [[127.0058919, 37.5775688], [127.0059393, 37.577732], [127.0059438, 37.5781492], [127.0057981, 37.5782909], [127.0059438, 37.5781492], [127.0059393, 37.577732], [127.0058919, 37.5775688]]]}, "properties": {"name": "이화장1길", "touristy_local": 0, "historic_contemporary": -1, "raw_polished": null, "n_blogs": 15, "quiet_lively": -0.376, "local_chain": 0.148, "park": -0.697, "park_v2": 0.71, "park_canopy": 0.304, "park_traverse": 0.0, "park_dest": 0.0, "park_tier": 0, "park_access": null}}, {"type": "Feature", "geometry": {"type": "MultiLineString", "coordinates": [[[126.9958189, 37.5758838], [126.9964487, 37.5760181], [126.9958189, 37.5758838]], [[126.9958189, 37.5758838], [126.9958296, 37.5754862], [126.9958645, 37.57532], [126.9962007, 37.5747811], [126.99623, 37.5746654]], [[126.99623, 37.5746654], [126.9962007, 37.5747811], [126.9958645, 37.57532], [126.9958296, 37.5754862], [126.9958189, 37.5758838]], [[126.99623, 37.5746654], [126.9962813, 37.5744594]], [[126.9962813, 37.5744594], [126.99623, 37.5746654]], [[126.9962813, 37.5744594], [126.9967461, 37.5745384], [126.9966943, 37.5747505], [126.9967461, 37.5745384], [126.9962813, 37.5744594]], [[126.9963767, 37.5740861], [126.9962813, 37.5744594]], [[126.9962813, 37.5744594], [126.9963767, 37.5740861]], [[126.9963767, 37.5740861], [126.997452, 37.574304], [126.9974954, 37.5743097], [126.997452, 37.574304], [126.9963767, 37.5740861]], [[126.9966047, 37.573362], [126.9965601, 37.5734014], [126.9963767, 37.5740861]], [[126.9963767, 37.5740861], [126.9965601, 37.5734014], [126.9966047, 37.573362]], [[126.9964069, 37.5709824], [126.9963212, 37.5720271], [126.9964377, 37.5721937]], [[126.9964377, 37.5721937], [126.9963212, 37.5720271], [126.9964069, 37.5709824]], [[126.9964199, 37.5708244], [126.9964069, 37.5709824]], [[126.9964069, 37.5709824], [126.9964199, 37.5708244]], [[126.9964199, 37.5708244], [126.9964319, 37.5707088], [126.9964199, 37.5708244]], [[126.9964531, 37.5722156], [126.9964377, 37.5721937]], [[126.9964377, 37.5721937], [126.9964531, 37.5722156]], [[126.9964641, 37.5722314], [126.9964531, 37.5722156]], [[126.9964531, 37.5722156], [126.9964641, 37.5722314]], [[126.9967149, 37.5730539], [126.996765, 37.5728445], [126.9967376, 37.5726944], [126.9964641, 37.5722314]], [[126.9964641, 37.5722314], [126.9967376, 37.5726944], [126.996765, 37.5728445], [126.9967149, 37.5730539]], [[126.9967149, 37.5730539], [126.9966047, 37.573362]], [[126.9966047, 37.573362], [126.9967149, 37.5730539]]]}, "properties": {"name": "동순라길", "touristy_local": null, "historic_contemporary": -1, "raw_polished": null, "n_blogs": 15, "quiet_lively": 0.878, "local_chain": -0.082, "park": -0.353, "park_v2": 0.814, "park_canopy": 0.533, "park_traverse": 0.0, "park_dest": 0.0, "park_tier": 0, "park_access": null}}, {"type": "Feature", "geometry": {"type": "MultiLineString", "coordinates": [[[126.9857458, 37.5819057], [126.9854101, 37.5817937]], [[126.9854101, 37.5817937], [126.9857458, 37.5819057]], [[126.9854101, 37.5817937], [126.985448, 37.5821498], [126.9854068, 37.5825373], [126.985448, 37.5821498], [126.9854101, 37.5817937]], [[126.9854101, 37.5817937], [126.9850864, 37.5817996], [126.9854101, 37.5817937]], [[126.9857413, 37.5825478], [126.9857376, 37.5826715], [126.9858423, 37.5827036]], [[126.9858423, 37.5827036], [126.9857376, 37.5826715], [126.9857413, 37.5825478]], [[126.9857413, 37.5825478], [126.9857528, 37.5824004]], [[126.9857528, 37.5824004], [126.9857413, 37.5825478]], [[126.9857458, 37.5819057], [126.9860013, 37.5819196], [126.9857458, 37.5819057]], [[126.9857458, 37.5819057], [126.9857764, 37.5819656], [126.9857663, 37.5822051]], [[126.9857663, 37.5822051], [126.9857764, 37.5819656], [126.9857458, 37.5819057]], [[126.9857528, 37.5824004], [126.9861536, 37.5824121], [126.9861439, 37.5825558]], [[126.9861439, 37.5825558], [126.9861536, 37.5824121], [126.9857528, 37.5824004]], [[126.9857528, 37.5824004], [126.9857663, 37.5822051]], [[126.9857663, 37.5822051], [126.9857528, 37.5824004]], [[126.9857663, 37.5822051], [126.9859679, 37.5822142]], [[126.9859679, 37.5822142], [126.9857663, 37.5822051]], [[126.9858423, 37.5827036], [126.986184, 37.5828083], [126.9864863, 37.5831298], [126.986184, 37.5828083], [126.9858423, 37.5827036]], [[126.9859679, 37.5822142], [126.9860552, 37.5822231], [126.9860484, 37.5823199], [126.9862171, 37.5823287], [126.9860484, 37.5823199], [126.9860552, 37.5822231], [126.9859679, 37.5822142]], [[126.9861439, 37.5825558], [126.9861329, 37.5826506], [126.9861439, 37.5825558]]]}, "properties": {"name": "북촌로12길", "touristy_local": -0.6, "historic_contemporary": -1, "raw_polished": -1, "n_blogs": 15, "quiet_lively": -0.213, "local_chain": 0.089, "park": -0.856, "park_v2": 0.326, "park_canopy": 0.134, "park_traverse": 0.0, "park_dest": 0.0, "park_tier": 0, "park_access": null}}, {"type": "Feature", "geometry": {"type": "LineString", "coordinates": [[127.0056717, 37.5690823], [127.0057841, 37.5693037], [127.005791, 37.5693886], [127.0057841, 37.5693037], [127.0056717, 37.5690823]]}, "properties": {"name": "통일상가 연결 통로", "touristy_local": 1, "historic_contemporary": null, "raw_polished": null, "n_blogs": 1, "quiet_lively": 0.243, "local_chain": -0.697, "park": -0.608, "park_v2": 0.651, "park_canopy": 0.265, "park_traverse": 0.0, "park_dest": 0.0, "park_tier": 0, "park_access": null}}, {"type": "Feature", "geometry": {"type": "MultiLineString", "coordinates": [[[126.9964333, 37.5838268], [126.9969463, 37.584188], [126.9970097, 37.5842886]], [[126.9970097, 37.5842886], [126.9969463, 37.584188], [126.9964333, 37.5838268]], [[126.9964333, 37.5838268], [126.9961947, 37.5837322], [126.9961358, 37.5837169], [126.9961947, 37.5837322], [126.9964333, 37.5838268]], [[126.9970097, 37.5842886], [126.997013, 37.584363], [126.9970097, 37.5842886]], [[126.9970097, 37.5842886], [126.9973497, 37.5839613], [126.9974169, 37.5839554], [126.9973497, 37.5839613], [126.9970097, 37.5842886]]]}, "properties": {"name": "성균관로5가길", "touristy_local": 1, "historic_contemporary": -1, "raw_polished": null, "n_blogs": 15, "quiet_lively": -0.662, "local_chain": 0.47, "park": -1.0, "park_v2": 0.456, "park_canopy": 0.188, "park_traverse": 0.0, "park_dest": 0.0, "park_tier": 0, "park_access": null}}, {"type": "Feature", "geometry": {"type": "MultiLineString", "coordinates": [[[127.0070246, 37.5775774], [127.0066966, 37.577631], [127.006529, 37.5776313], [127.0063605, 37.5775838]], [[127.0063605, 37.5775838], [127.006529, 37.5776313], [127.0066966, 37.577631], [127.0070246, 37.5775774]], [[127.0063605, 37.5775838], [127.0059742, 37.5775975], [127.0058919, 37.5775688], [127.0059742, 37.5775975], [127.0063605, 37.5775838]], [[127.0070246, 37.5775774], [127.0071894, 37.5775264], [127.0077079, 37.5775806]], [[127.0077079, 37.5775806], [127.0071894, 37.5775264], [127.0070246, 37.5775774]], [[127.0077079, 37.5775806], [127.008061, 37.5777366], [127.0077079, 37.5775806]], [[127.0077079, 37.5775806], [127.0078127, 37.5774073], [127.0077079, 37.5775806]]]}, "properties": {"name": "이화장1나길", "touristy_local": 0, "historic_contemporary": null, "raw_polished": null, "n_blogs": 15, "quiet_lively": -0.612, "local_chain": -0.697, "park": -0.529, "park_v2": 0.736, "park_canopy": 0.343, "park_traverse": 0.0, "park_dest": 0.0, "park_tier": 0, "park_access": null}}, {"type": "Feature", "geometry": {"type": "MultiLineString", "coordinates": [[[127.001839, 37.570375], [127.0014302, 37.5703589]], [[127.0014302, 37.5703589], [127.001839, 37.570375]], [[127.0014302, 37.5703589], [127.0011644, 37.5703479], [127.0008993, 37.5703379], [127.0011644, 37.5703479], [127.0014302, 37.5703589]], [[127.0015442, 37.5683776], [127.0020989, 37.5687789]], [[127.0019568, 37.5703796], [127.001839, 37.570375]], [[127.001839, 37.570375], [127.0019568, 37.5703796]], [[127.0019332, 37.5706506], [127.0019316, 37.570665], [127.0019428, 37.5709191], [127.0019316, 37.570665], [127.0019332, 37.5706506]], [[127.0019568, 37.5703796], [127.0019332, 37.5706506]], [[127.0019332, 37.5706506], [127.0019568, 37.5703796]], [[127.0020214, 37.5697636], [127.0019568, 37.5703796]], [[127.0019568, 37.5703796], [127.0020214, 37.5697636]], [[127.0020214, 37.5697636], [127.0020423, 37.5694343]], [[127.0020423, 37.5694343], [127.0020214, 37.5697636]], [[127.0020423, 37.5694343], [127.0020873, 37.5689111]], [[127.0020873, 37.5689111], [127.0020423, 37.5694343]], [[127.0020989, 37.5687789], [127.0020873, 37.5689111]], [[127.0020873, 37.5689111], [127.0020989, 37.5687789]], [[127.002124, 37.5683792], [127.0020989, 37.5687789]], [[127.0020989, 37.5687789], [127.002124, 37.5683792]], [[127.002124, 37.5683792], [127.002153, 37.5681029]], [[127.002153, 37.5681029], [127.002124, 37.5683792]], [[127.0021707, 37.5679345], [127.002153, 37.5681029]], [[127.002153, 37.5681029], [127.0021707, 37.5679345]], [[127.0021707, 37.5679345], [127.0021924, 37.5677277]], [[127.0021924, 37.5677277], [127.0021707, 37.5679345]], [[127.0022334, 37.5673369], [127.0021924, 37.5677277]], [[127.0021924, 37.5677277], [127.0022334, 37.5673369]], [[127.0022334, 37.5673369], [127.0022393, 37.5672808]], [[127.0022393, 37.5672808], [127.0022334, 37.5673369]], [[127.0022478, 37.5671993], [127.0022393, 37.5672808]], [[127.0022393, 37.5672808], [127.0022478, 37.5671993]], [[127.0022478, 37.5671993], [127.0022667, 37.5669802]], [[127.0022667, 37.5669802], [127.0022478, 37.5671993]], [[127.0022748, 37.5669045], [127.0022667, 37.5669802]], [[127.0022667, 37.5669802], [127.0022748, 37.5669045]], [[127.0022839, 37.5667799], [127.0022748, 37.5669045]], [[127.0022748, 37.5669045], [127.0022839, 37.5667799]], [[127.0022839, 37.5667799], [127.0022968, 37.566538]], [[127.0022968, 37.566538], [127.0022839, 37.5667799]], [[127.0022968, 37.566538], [127.002299, 37.5664969]], [[127.002299, 37.5664969], [127.0022968, 37.566538]], [[127.002299, 37.5664969], [127.0023119, 37.5662534], [127.002299, 37.5664969]]]}, "properties": {"name": "동호로", "touristy_local": 0, "historic_contemporary": -1, "raw_polished": 0, "n_blogs": 15, "quiet_lively": 0.144, "local_chain": 0.128, "park": -0.867, "park_v2": 0.391, "park_canopy": 0.148, "park_traverse": 0.015, "park_dest": 0.0, "park_tier": 1, "park_access": "청계천공원"}}, {"type": "Feature", "geometry": {"type": "MultiLineString", "coordinates": [[[126.9792122, 37.5757089], [126.979225, 37.5754276]], [[126.979225, 37.5754276], [126.9794732, 37.5756533], [126.9795255, 37.5757574], [126.97954, 37.5759024]], [[126.979225, 37.5754276], [126.9789995, 37.5751967], [126.9788483, 37.5750358], [126.9789995, 37.5751967], [126.979225, 37.5754276]]]}, "properties": {"name": "종로1길", "touristy_local": 0.333, "historic_contemporary": -1, "raw_polished": 0, "n_blogs": 15, "quiet_lively": 0.346, "local_chain": -0.697, "park": -1.0, "park_v2": 0.124, "park_canopy": 0.09, "park_traverse": 0.0, "park_dest": 0.0, "park_tier": 0, "park_access": null}}, {"type": "Feature", "geometry": {"type": "MultiLineString", "coordinates": [[[127.0058239, 37.5771451], [127.0058596, 37.5771696], [127.0060115, 37.5771741], [127.0058596, 37.5771696], [127.0058239, 37.5771451]], [[127.0058239, 37.5771451], [127.0049546, 37.5771639], [127.0048622, 37.577216], [127.0049546, 37.5771639], [127.0058239, 37.5771451]]]}, "properties": {"name": "이화장1가길", "touristy_local": 0.333, "historic_contemporary": null, "raw_polished": null, "n_blogs": 15, "quiet_lively": -0.335, "local_chain": 0.161, "park": -1.0, "park_v2": -0.267, "park_canopy": 0.033, "park_traverse": 0.0, "park_dest": 0.0, "park_tier": 0, "park_access": null}}, {"type": "Feature", "geometry": {"type": "MultiLineString", "coordinates": [[[127.0077195, 37.5764685], [127.0077724, 37.5765363], [127.0078282, 37.5766278], [127.0078127, 37.5767457]], [[127.0078127, 37.5767457], [127.0078282, 37.5766278], [127.0077195, 37.5764685]], [[127.0077195, 37.5764685], [127.0077605, 37.5763505]], [[127.0077605, 37.5763505], [127.0077195, 37.5764685]], [[127.0077605, 37.5763505], [127.0080249, 37.5764172], [127.0077605, 37.5763505]], [[127.0078604, 37.5760997], [127.0077605, 37.5763505]], [[127.0077605, 37.5763505], [127.0078604, 37.5760997]], [[127.0077766, 37.577014], [127.0076783, 37.5771212], [127.0075168, 37.5773157], [127.0076783, 37.5771212], [127.0077766, 37.577014]], [[127.0077766, 37.577014], [127.007803, 37.5769384], [127.007807, 37.5768904], [127.0077922, 37.5767868], [127.0078127, 37.5767457]], [[127.0078127, 37.5767457], [127.0077922, 37.5767868], [127.007803, 37.5769384], [127.0077766, 37.577014]], [[127.0078127, 37.5767457], [127.0079963, 37.5767482]], [[127.0079963, 37.5767482], [127.0078127, 37.5767457]], [[127.0078604, 37.5760997], [127.0081048, 37.5761096], [127.0078604, 37.5760997]], [[127.0078604, 37.5760997], [127.0078681, 37.5759134], [127.007922, 37.5757972], [127.0078681, 37.5759134], [127.0078604, 37.5760997]], [[127.0079963, 37.5767482], [127.0080335, 37.5767496], [127.0080565, 37.5766599], [127.0081175, 37.576641], [127.0080565, 37.5766599], [127.0080335, 37.5767496], [127.0079963, 37.5767482]]]}, "properties": {"name": "충신4나길", "touristy_local": -1, "historic_contemporary": 1, "raw_polished": null, "n_blogs": 15, "quiet_lively": -0.03, "local_chain": -0.697, "park": -1.0, "park_v2": 0.293, "park_canopy": 0.12, "park_traverse": 0.0, "park_dest": 0.0, "park_tier": 0, "park_access": null}}, {"type": "Feature", "geometry": {"type": "LineString", "coordinates": [[126.9844631, 37.5773171], [126.9845609, 37.5771638], [126.9845919, 37.577072], [126.9847784, 37.5770624], [126.9848084, 37.5769935], [126.9852432, 37.5770572], [126.9853216, 37.5767534], [126.985489, 37.5765164], [126.9853216, 37.5767534], [126.9852432, 37.5770572], [126.9848084, 37.5769935], [126.9847784, 37.5770624], [126.9845919, 37.577072], [126.9844631, 37.5773171]]}, "properties": {"name": "율곡로5길", "touristy_local": -0.2, "historic_contemporary": 0, "raw_polished": 1, "n_blogs": 15, "quiet_lively": -0.232, "local_chain": -0.697, "park": -1.0, "park_v2": -0.612, "park_canopy": 0.001, "park_traverse": 0.0, "park_dest": 0.0, "park_tier": 0, "park_access": null}}, {"type": "Feature", "geometry": {"type": "MultiLineString", "coordinates": [[[127.0039534, 37.5715085], [127.0048122, 37.5715087]], [[127.0048122, 37.5715087], [127.0039534, 37.5715085]], [[127.0039534, 37.5715085], [127.0028139, 37.5715631], [127.0025601, 37.5715387], [127.0019592, 37.5714422], [127.0028139, 37.5715631], [127.0039534, 37.5715085]], [[127.0048122, 37.5715087], [127.005433, 37.5715513]], [[127.005433, 37.5715513], [127.005037, 37.5715087], [127.0048122, 37.5715087]], [[127.0048122, 37.5715087], [127.0047961, 37.5718021], [127.0047917, 37.5719045], [127.0047961, 37.5718021], [127.0048122, 37.5715087]], [[127.005702, 37.5715566], [127.005433, 37.5715513]], [[127.005433, 37.5715513], [127.005702, 37.5715566]], [[127.005433, 37.5715513], [127.0054143, 37.5719157], [127.005433, 37.5715513]], [[127.005702, 37.5715566], [127.0061086, 37.5715936], [127.0062496, 37.5716254], [127.0061086, 37.5715936], [127.005702, 37.5715566]], [[127.005702, 37.5715566], [127.0056866, 37.5718276], [127.0056882, 37.571925], [127.0056866, 37.5718276], [127.005702, 37.5715566]]]}, "properties": {"name": "대학로2길", "touristy_local": -0.6, "historic_contemporary": 0, "raw_polished": 1, "n_blogs": 15, "quiet_lively": 0.243, "local_chain": 0.312, "park": -1.0, "park_v2": -0.586, "park_canopy": 0.001, "park_traverse": 0.0, "park_dest": 0.0, "park_tier": 0, "park_access": null}}, {"type": "Feature", "geometry": {"type": "LineString", "coordinates": [[127.005741, 37.5793875], [127.0063491, 37.5794032], [127.0063308, 37.5797829], [127.0062609, 37.5798328], [127.0061407, 37.5800428], [127.0061007, 37.5800721], [127.0061007, 37.5801624], [127.0061007, 37.5802552], [127.0060576, 37.5803285], [127.0059158, 37.5804945], [127.0058651, 37.5805326], [127.0060576, 37.5803285], [127.0061007, 37.5802552], [127.0061007, 37.5801624], [127.0061007, 37.5800721], [127.0062609, 37.5798328], [127.0063308, 37.5797829], [127.0063491, 37.5794032], [127.005741, 37.5793875]]}, "properties": {"name": "낙산3길", "touristy_local": -0.2, "historic_contemporary": -1, "raw_polished": null, "n_blogs": 15, "quiet_lively": -0.905, "local_chain": -0.697, "park": -1.0, "park_v2": 0.41, "park_canopy": 0.169, "park_traverse": 0.0, "park_dest": 0.0, "park_tier": 0, "park_access": null}}, {"type": "Feature", "geometry": {"type": "MultiLineString", "coordinates": [[[127.0012282, 37.579106], [127.0011036, 37.579164], [127.0010055, 37.5792343], [127.0011036, 37.579164], [127.0012282, 37.579106]], [[127.0012282, 37.579106], [127.0010611, 37.5789153], [127.0012282, 37.579106]], [[127.0018457, 37.5788944], [127.0012282, 37.579106]], [[127.0012282, 37.579106], [127.0018457, 37.5788944]], [[127.0018457, 37.5788944], [127.0019498, 37.5788944], [127.0021804, 37.5789028], [127.0019498, 37.5788944], [127.0018457, 37.5788944]], [[127.0018457, 37.5788944], [127.0018166, 37.5787301], [127.0018457, 37.5788944]]]}, "properties": {"name": "대학로7길", "touristy_local": -0.333, "historic_contemporary": null, "raw_polished": 1, "n_blogs": 15, "quiet_lively": 0.16, "local_chain": 0.345, "park": -1.0, "park_v2": -0.593, "park_canopy": 0.001, "park_traverse": 0.0, "park_dest": 0.0, "park_tier": 0, "park_access": null}}, {"type": "Feature", "geometry": {"type": "MultiLineString", "coordinates": [[[126.9851137, 37.569191], [126.984724, 37.5691897]], [[126.984724, 37.5691897], [126.9851137, 37.569191]], [[126.984724, 37.5691897], [126.9844472, 37.5691915], [126.984724, 37.5691897]], [[126.9851137, 37.569191], [126.9851918, 37.5691889]], [[126.9851918, 37.5691889], [126.9851137, 37.569191]], [[126.9857549, 37.5691737], [126.9851918, 37.5691889]], [[126.9851918, 37.5691889], [126.9857549, 37.5691737]], [[126.9869027, 37.5691743], [126.9857549, 37.5691737]], [[126.9857549, 37.5691737], [126.9869027, 37.5691743]], [[126.9869027, 37.5691743], [126.9876178, 37.5691646], [126.9869027, 37.5691743]]]}, "properties": {"name": "삼일대로17길", "touristy_local": 0, "historic_contemporary": 1, "raw_polished": 1, "n_blogs": 15, "quiet_lively": 0.551, "local_chain": 0.543, "park": -1.0, "park_v2": -0.215, "park_canopy": 0.041, "park_traverse": 0.0, "park_dest": 0.0, "park_tier": 0, "park_access": null}}, {"type": "Feature", "geometry": {"type": "MultiLineString", "coordinates": [[[126.9802728, 37.5819792], [126.9801741, 37.5819811], [126.9802728, 37.5819792]], [[126.980337, 37.581978], [126.9802728, 37.5819792]], [[126.9802728, 37.5819792], [126.980337, 37.581978]], [[126.9809531, 37.5826192], [126.9806235, 37.5821842], [126.980337, 37.581978]], [[126.980337, 37.581978], [126.9806235, 37.5821842], [126.9809531, 37.5826192]], [[126.9809512, 37.5830582], [126.9808382, 37.5831094], [126.9809501, 37.5832069], [126.9808382, 37.5831094], [126.9809512, 37.5830582]], [[126.9809512, 37.5830582], [126.980877, 37.5829607], [126.9809512, 37.5830582]], [[126.9811608, 37.5829632], [126.9809512, 37.5830582]], [[126.9809512, 37.5830582], [126.9811608, 37.5829632]], [[126.9809531, 37.5826192], [126.9810501, 37.5827588]], [[126.9810501, 37.5827588], [126.9809531, 37.5826192]], [[126.9811465, 37.5828975], [126.9810501, 37.5827588]], [[126.9810501, 37.5827588], [126.9811465, 37.5828975]], [[126.9810501, 37.5827588], [126.9811535, 37.5827204], [126.9810726, 37.5825785], [126.9811535, 37.5827204], [126.9810501, 37.5827588]], [[126.9811465, 37.5828975], [126.9811608, 37.5829632]], [[126.9811608, 37.5829632], [126.9811465, 37.5828975]], [[126.9812438, 37.5833462], [126.9811608, 37.5829632]], [[126.9811608, 37.5829632], [126.9812438, 37.5833462]], [[126.9812991, 37.5835396], [126.9812438, 37.5833462]], [[126.9812438, 37.5833462], [126.9812991, 37.5835396]], [[126.9812991, 37.5835396], [126.9814438, 37.5837695], [126.9814755, 37.5838529], [126.9814438, 37.5837695], [126.9812991, 37.5835396]], [[126.9812991, 37.5835396], [126.9811433, 37.583596], [126.9809097, 37.5837387], [126.9808942, 37.5838581], [126.9809097, 37.5837387], [126.9811433, 37.583596], [126.9812991, 37.5835396]], [[126.9812991, 37.5835396], [126.9814689, 37.5834924]], [[126.9814689, 37.5834924], [126.9812991, 37.5835396]], [[126.9814689, 37.5834924], [126.9814548, 37.5833649], [126.9815265, 37.5833572], [126.9815102, 37.5831213], [126.9815265, 37.5833572], [126.9814548, 37.5833649], [126.9814689, 37.5834924]], [[126.9814689, 37.5834924], [126.9817511, 37.5834731], [126.9818825, 37.5834788], [126.9817511, 37.5834731], [126.9814689, 37.5834924]]]}, "properties": {"name": "팔판길", "touristy_local": 1, "historic_contemporary": 0, "raw_polished": -1, "n_blogs": 15, "quiet_lively": 0.027, "local_chain": -0.697, "park": -0.844, "park_v2": 0.163, "park_canopy": 0.101, "park_traverse": 0.0, "park_dest": 0.0, "park_tier": 0, "park_access": null}}, {"type": "Feature", "geometry": {"type": "MultiLineString", "coordinates": [[[126.9824915, 37.5820668], [126.9821621, 37.5820795], [126.9824915, 37.5820668]], [[126.9828277, 37.5820528], [126.9824915, 37.5820668]], [[126.9824915, 37.5820668], [126.9828277, 37.5820528]], [[126.9828108, 37.582545], [126.9828288, 37.5827587], [126.9828108, 37.582545]], [[126.9828108, 37.582545], [126.9828277, 37.5820528]], [[126.9828277, 37.5820528], [126.9828108, 37.582545]], [[126.9832604, 37.582113], [126.9831056, 37.5820701], [126.9828277, 37.5820528]], [[126.9828277, 37.5820528], [126.9831056, 37.5820701], [126.9832604, 37.582113]], [[126.9830321, 37.5827788], [126.9831894, 37.5828103], [126.9832042, 37.5827817]], [[126.9832042, 37.5827817], [126.9831894, 37.5828103], [126.9830321, 37.5827788]], [[126.9830321, 37.5827788], [126.9830507, 37.5829141], [126.9829723, 37.5829164], [126.9830507, 37.5829141], [126.9830321, 37.5827788]], [[126.9832604, 37.582113], [126.9832504, 37.5822058], [126.9830249, 37.5827086], [126.9830321, 37.5827788]], [[126.9830321, 37.5827788], [126.9830249, 37.5827086], [126.9832504, 37.5822058], [126.9832604, 37.582113]], [[126.9832042, 37.5827817], [126.9832479, 37.582688]], [[126.9832479, 37.582688], [126.9832042, 37.5827817]], [[126.9832681, 37.5826396], [126.9832479, 37.582688]], [[126.9832479, 37.582688], [126.9832681, 37.5826396]], [[126.9832604, 37.582113], [126.9836216, 37.5822091], [126.9832604, 37.582113]], [[126.9832681, 37.5826396], [126.9832945, 37.5825884]], [[126.9832945, 37.5825884], [126.9832681, 37.5826396]], [[126.9832945, 37.5825884], [126.98334, 37.5824893]], [[126.98334, 37.5824893], [126.9832945, 37.5825884]], [[126.98334, 37.5824893], [126.9833787, 37.58238], [126.9834308, 37.5823504], [126.9835857, 37.5823494], [126.9834308, 37.5823504], [126.9833787, 37.58238], [126.98334, 37.5824893]]]}, "properties": {"name": "북촌로11나길", "touristy_local": 0.333, "historic_contemporary": 0, "raw_polished": null, "n_blogs": 15, "quiet_lively": -0.783, "local_chain": -0.697, "park": -1.0, "park_v2": -0.456, "park_canopy": 0.01, "park_traverse": 0.0, "park_dest": 0.0, "park_tier": 0, "park_access": null}}, {"type": "Feature", "geometry": {"type": "MultiLineString", "coordinates": [[[126.9909629, 37.5768392], [126.9908945, 37.5772403], [126.9908158, 37.5773928], [126.9908945, 37.5772403], [126.9909629, 37.5768392]], [[126.9909629, 37.5768392], [126.990979, 37.5767448]], [[126.990979, 37.5767448], [126.9909629, 37.5768392]], [[126.990979, 37.5767448], [126.9911889, 37.5767541], [126.991408, 37.5767157]], [[126.991408, 37.5767157], [126.9911889, 37.5767541], [126.990979, 37.5767448]], [[126.9910436, 37.5763652], [126.990979, 37.5767448]], [[126.990979, 37.5767448], [126.9910436, 37.5763652]], [[126.9910556, 37.5757137], [126.9910436, 37.5763652]], [[126.9910436, 37.5763652], [126.9910556, 37.5757137]], [[126.9910556, 37.5757137], [126.9910633, 37.5755559], [126.9912928, 37.5752462]], [[126.9912928, 37.5752462], [126.9910633, 37.5755559], [126.9910556, 37.5757137]], [[126.9915667, 37.574215], [126.9914927, 37.5746364], [126.9913147, 37.5752144], [126.9912928, 37.5752462]], [[126.9912928, 37.5752462], [126.9914927, 37.5746364], [126.9915667, 37.574215]], [[126.991408, 37.5767157], [126.9915276, 37.5766876], [126.9914592, 37.5765278], [126.9915276, 37.5766876], [126.991408, 37.5767157]], [[126.9916168, 37.5739724], [126.9915667, 37.574215]], [[126.9915667, 37.574215], [126.9916168, 37.5739724]], [[126.9916168, 37.5739724], [126.9916622, 37.5738483]], [[126.9916622, 37.5738483], [126.9916168, 37.5739724]], [[126.9916622, 37.5738483], [126.9917073, 37.5737275]], [[126.9917073, 37.5737275], [126.9916622, 37.5738483]], [[126.9917073, 37.5737275], [126.991858, 37.5733099]], [[126.991858, 37.5733099], [126.9917073, 37.5737275]], [[126.991858, 37.5733099], [126.9920601, 37.5728634], [126.9921118, 37.5725988], [126.9920601, 37.5728634], [126.991858, 37.5733099]]]}, "properties": {"name": "율곡로10길", "touristy_local": 0.2, "historic_contemporary": -0.5, "raw_polished": 1, "n_blogs": 15, "quiet_lively": 0.878, "local_chain": -0.391, "park": -0.862, "park_v2": 0.371, "park_canopy": 0.147, "park_traverse": 0.0, "park_dest": 0.0, "park_tier": 0, "park_access": null}}, {"type": "Feature", "geometry": {"type": "MultiLineString", "coordinates": [[[126.9950982, 37.5684118], [126.9953163, 37.5665616]], [[126.9957331, 37.5665821], [126.9955568, 37.568449]]]}, "properties": {"name": "을지로19길", "touristy_local": -0.2, "historic_contemporary": 1, "raw_polished": null, "n_blogs": 15, "quiet_lively": 0.878, "local_chain": -0.697, "park": 1.0, "park_v2": 0.893, "park_canopy": 0.783, "park_traverse": 0.0, "park_dest": 0.0, "park_tier": 0, "park_access": null}}, {"type": "Feature", "geometry": {"type": "MultiLineString", "coordinates": [[[126.9912107, 37.569344], [126.9911923, 37.5694536], [126.9912213, 37.5697988]], [[126.9912213, 37.5697988], [126.9911923, 37.5694536], [126.9912107, 37.569344]], [[126.991331, 37.5692486], [126.9912107, 37.569344]], [[126.9912107, 37.569344], [126.991331, 37.5692486]], [[126.9912213, 37.5697988], [126.9912165, 37.5700054], [126.9912213, 37.5697988]], [[126.9913188, 37.5688178], [126.9913709, 37.5689333]], [[126.9913709, 37.5689333], [126.9913188, 37.5688178]], [[126.9913188, 37.5688178], [126.991337, 37.5684549], [126.9913188, 37.5688178]], [[126.9913709, 37.5689333], [126.9914022, 37.5692061], [126.991331, 37.5692486]], [[126.991331, 37.5692486], [126.9914022, 37.5692061], [126.9913709, 37.5689333]]]}, "properties": {"name": "종로18길", "touristy_local": null, "historic_contemporary": 1, "raw_polished": null, "n_blogs": 15, "quiet_lively": null, "local_chain": -0.135, "park": -0.885, "park_v2": 0.104, "park_canopy": 0.086, "park_traverse": 0.0, "park_dest": 0.0, "park_tier": 0, "park_access": null}}, {"type": "Feature", "geometry": {"type": "LineString", "coordinates": [[126.9868615, 37.5824801], [126.9871715, 37.5825128], [126.9872307, 37.5825732], [126.9871405, 37.5830935], [126.9872307, 37.5825732], [126.9871715, 37.5825128], [126.9868615, 37.5824801]]}, "properties": {"name": "계동6길", "touristy_local": 0.333, "historic_contemporary": 0, "raw_polished": 1, "n_blogs": 15, "quiet_lively": -0.247, "local_chain": -0.697, "park": -1.0, "park_v2": -0.508, "park_canopy": 0.008, "park_traverse": 0.0, "park_dest": 0.0, "park_tier": 0, "park_access": null}}, {"type": "Feature", "geometry": {"type": "MultiLineString", "coordinates": [[[126.9904564, 37.5721114], [126.9909595, 37.5723253], [126.9910258, 37.5722517]], [[126.9910258, 37.5722517], [126.9909595, 37.5723253], [126.9904564, 37.5721114]], [[126.9904564, 37.5721114], [126.9903343, 37.5723023], [126.9904564, 37.5721114]], [[126.9905493, 37.5720128], [126.9904564, 37.5721114]], [[126.9904564, 37.5721114], [126.9905493, 37.5720128]], [[126.9905493, 37.5720128], [126.9908918, 37.5721795]], [[126.9908918, 37.5721795], [126.9905493, 37.5720128]], [[126.9905493, 37.5720128], [126.9904049, 37.5719558], [126.9903141, 37.5720689], [126.9902541, 37.5720603], [126.9903141, 37.5720689], [126.9904049, 37.5719558], [126.9905493, 37.5720128]], [[126.9905493, 37.5720128], [126.9905923, 37.5719406]], [[126.9905923, 37.5719406], [126.9905493, 37.5720128]], [[126.9905923, 37.5719406], [126.9909624, 37.5720854]], [[126.9909624, 37.5720854], [126.9905923, 37.5719406]], [[126.9906504, 37.5718564], [126.9905923, 37.5719406]], [[126.9905923, 37.5719406], [126.9906504, 37.5718564]], [[126.9906504, 37.5718564], [126.9908595, 37.5719366]], [[126.9908595, 37.5719366], [126.9906504, 37.5718564]], [[126.9906504, 37.5718564], [126.9905097, 37.5717755], [126.9905533, 37.5716636], [126.9906821, 37.5716755], [126.9905533, 37.5716636], [126.9905097, 37.5717755], [126.9906504, 37.5718564]], [[126.9910136, 37.5719958], [126.9908595, 37.5719366]], [[126.9908595, 37.5719366], [126.9910136, 37.5719958]], [[126.9908918, 37.5721795], [126.9910258, 37.5722517]], [[126.9910258, 37.5722517], [126.9908918, 37.5721795]], [[126.9908918, 37.5721795], [126.9909624, 37.5720854]], [[126.9909624, 37.5720854], [126.9908918, 37.5721795]], [[126.9910136, 37.5719958], [126.9909624, 37.5720854]], [[126.9909624, 37.5720854], [126.9910136, 37.5719958]], [[126.9910258, 37.5722517], [126.9913248, 37.572378], [126.9910258, 37.5722517]]]}, "properties": {"name": "돈화문로9가길", "touristy_local": 0, "historic_contemporary": 0, "raw_polished": -1, "n_blogs": 15, "quiet_lively": null, "local_chain": 0.141, "park": -1.0, "park_v2": -0.814, "park_canopy": 0.0, "park_traverse": 0.0, "park_dest": 0.0, "park_tier": 0, "park_access": null}}, {"type": "Feature", "geometry": {"type": "MultiLineString", "coordinates": [[[126.9954421, 37.584826], [126.9952825, 37.5849473], [126.9948996, 37.5855572], [126.9947725, 37.5857369], [126.9945139, 37.586071], [126.9948996, 37.5855572], [126.9952825, 37.5849473], [126.9954421, 37.584826]], [[126.9958695, 37.5845838], [126.9954421, 37.584826]], [[126.9954421, 37.584826], [126.9958695, 37.5845838]], [[126.9958695, 37.5845838], [126.995973, 37.5845875], [126.997013, 37.584363]], [[126.997013, 37.584363], [126.9964009, 37.5844778], [126.995973, 37.5845875], [126.9958695, 37.5845838]], [[126.997013, 37.584363], [126.997402, 37.5845277], [126.997013, 37.584363]]]}, "properties": {"name": "성균관로5길", "touristy_local": 1, "historic_contemporary": -1, "raw_polished": null, "n_blogs": 15, "quiet_lively": -0.662, "local_chain": 0.628, "park": -0.281, "park_v2": 0.847, "park_canopy": 0.61, "park_traverse": 0.0, "park_dest": 0.0, "park_tier": 0, "park_access": null}}, {"type": "Feature", "geometry": {"type": "MultiLineString", "coordinates": [[[126.9791423, 37.5662463], [126.9792257, 37.5675337]], [[126.9792257, 37.5675337], [126.9793377, 37.570263]], [[126.9792257, 37.5675337], [126.9791658, 37.5675344], [126.9792257, 37.5675337]]]}, "properties": {"name": "무교로", "touristy_local": -0.333, "historic_contemporary": null, "raw_polished": 1, "n_blogs": 15, "quiet_lively": 0.346, "local_chain": 0.951, "park": -0.48, "park_v2": 0.502, "park_canopy": 0.184, "park_traverse": 0.038, "park_dest": 0.0, "park_tier": 1, "park_access": "청계천공원"}}, {"type": "Feature", "geometry": {"type": "MultiLineString", "coordinates": [[[127.0071377, 37.5859981], [127.0074134, 37.5861071]], [[127.0074134, 37.5861071], [127.0071377, 37.5859981]], [[127.0071377, 37.5859981], [127.0068309, 37.5859475], [127.0068044, 37.5859013], [127.0068309, 37.5859475], [127.0071377, 37.5859981]], [[127.0077404, 37.5862575], [127.0074134, 37.5861071]], [[127.0074134, 37.5861071], [127.0077404, 37.5862575]], [[127.0074134, 37.5861071], [127.0075656, 37.5858508], [127.0077353, 37.5857878], [127.0075656, 37.5858508], [127.0074134, 37.5861071]], [[127.0077404, 37.5862575], [127.0078463, 37.5862927]], [[127.0078463, 37.5862927], [127.0077404, 37.5862575]], [[127.0078463, 37.5862927], [127.008086, 37.5863452], [127.008244, 37.5863629], [127.008086, 37.5863452], [127.0078463, 37.5862927]]]}, "properties": {"name": "삼선교로6길", "touristy_local": -1, "historic_contemporary": -1, "raw_polished": 0, "n_blogs": 15, "quiet_lively": -0.494, "local_chain": -0.697, "park": -0.844, "park_v2": 0.313, "park_canopy": 0.131, "park_traverse": 0.0, "park_dest": 0.0, "park_tier": 0, "park_access": null}}, {"type": "Feature", "geometry": {"type": "MultiLineString", "coordinates": [[[126.9901622, 37.5772446], [126.9901197, 37.5773626], [126.9901622, 37.5772446]], [[126.990224, 37.5770431], [126.9901622, 37.5772446]], [[126.9901622, 37.5772446], [126.990224, 37.5770431]], [[126.990224, 37.5770431], [126.990333, 37.5766721]], [[126.990333, 37.5766721], [126.990224, 37.5770431]], [[126.9906216, 37.5756569], [126.990333, 37.5766721]], [[126.990333, 37.5766721], [126.9906216, 37.5756569]], [[126.9906216, 37.5756569], [126.9909009, 37.5756979]], [[126.9909009, 37.5756979], [126.9906216, 37.5756569]], [[126.9909782, 37.5744485], [126.9906216, 37.5756569]], [[126.9906216, 37.5756569], [126.9909782, 37.5744485]], [[126.9909009, 37.5756979], [126.9910556, 37.5757137], [126.9909009, 37.5756979]], [[126.9909782, 37.5744485], [126.9910658, 37.5741567]], [[126.9910658, 37.5741567], [126.9909782, 37.5744485]], [[126.9913423, 37.5741861], [126.9910658, 37.5741567]], [[126.9910658, 37.5741567], [126.9913423, 37.5741861]], [[126.9910658, 37.5741567], [126.9911551, 37.5738596]], [[126.9911551, 37.5738596], [126.9910658, 37.5741567]], [[126.9912491, 37.5735646], [126.9911551, 37.5738596]], [[126.9911551, 37.5738596], [126.9912491, 37.5735646]], [[126.9915241, 37.5727019], [126.9912491, 37.5735646]], [[126.9912491, 37.5735646], [126.9915241, 37.5727019]], [[126.9913423, 37.5741861], [126.9915667, 37.574215], [126.9913423, 37.5741861]], [[126.9915676, 37.5725692], [126.9915241, 37.5727019]], [[126.9915241, 37.5727019], [126.9915676, 37.5725692]], [[126.9915676, 37.5725692], [126.9917455, 37.5720092]], [[126.9917455, 37.5720092], [126.9915676, 37.5725692]], [[126.9917455, 37.5720092], [126.9919479, 37.5713713]], [[126.9919479, 37.5713713], [126.9917455, 37.5720092]], [[126.9917591, 37.5689526], [126.9919774, 37.5690592], [126.992265, 37.5691087]], [[126.992265, 37.5691087], [126.9919774, 37.5690592], [126.9917591, 37.5689526]], [[126.9917591, 37.5689526], [126.991603, 37.5688998], [126.9913709, 37.5689333], [126.991603, 37.5688998], [126.9917591, 37.5689526]], [[126.992113, 37.5708077], [126.9919479, 37.5713713]], [[126.9919479, 37.5713713], [126.992113, 37.5708077]], [[126.9921216, 37.5707303], [126.992113, 37.5708077]], [[126.992113, 37.5708077], [126.9921216, 37.5707303]], [[126.9921569, 37.5705172], [126.9921216, 37.5707303]], [[126.9921216, 37.5707303], [126.9921569, 37.5705172]], [[126.9921569, 37.5705172], [126.9921671, 37.5704048]], [[126.9921671, 37.5704048], [126.9921569, 37.5705172]], [[126.9922502, 37.5692801], [126.9921671, 37.5704048]], [[126.9922502, 37.5692801], [126.991331, 37.5692486], [126.9922502, 37.5692801]], [[126.992265, 37.5691087], [126.9922502, 37.5692801]], [[126.9923753, 37.5685537], [126.992265, 37.5691087]]]}, "properties": {"name": "돈화문로", "touristy_local": -0.2, "historic_contemporary": -0.2, "raw_polished": 1, "n_blogs": 15, "quiet_lively": 0.878, "local_chain": -0.049, "park": -0.882, "park_v2": -0.104, "park_canopy": 0.053, "park_traverse": 0.0, "park_dest": 0.0, "park_tier": 0, "park_access": null}}, {"type": "Feature", "geometry": {"type": "MultiLineString", "coordinates": [[[127.0070003, 37.5802282], [127.0072367, 37.580252], [127.007574, 37.5802327], [127.0072367, 37.580252], [127.0070003, 37.5802282]], [[127.0070003, 37.5802282], [127.007146, 37.5800261], [127.0071306, 37.5796302], [127.0071842, 37.579393]], [[127.0071842, 37.579393], [127.0071306, 37.5796302], [127.0071551, 37.5799789], [127.007146, 37.5800261], [127.0070435, 37.58014], [127.0070003, 37.5802282]], [[127.0072116, 37.5788012], [127.0071842, 37.579393]], [[127.0071842, 37.579393], [127.0071775, 37.579285], [127.0072116, 37.5788012]], [[127.0072116, 37.5788012], [127.007169, 37.578151], [127.0070246, 37.5775774], [127.007169, 37.578151], [127.0072116, 37.5788012]]]}, "properties": {"name": "낙산4길", "touristy_local": -1, "historic_contemporary": 0, "raw_polished": null, "n_blogs": 15, "quiet_lively": -0.897, "local_chain": -0.697, "park": 0.387, "park_v2": 0.997, "park_canopy": 0.904, "park_traverse": 0.585, "park_dest": 0.585, "park_tier": 2, "park_access": "낙산공원"}}, {"type": "Feature", "geometry": {"type": "MultiLineString", "coordinates": [[[126.9855414, 37.5809947], [126.9862146, 37.5810157], [126.9864817, 37.5809092], [126.9867887, 37.5808907], [126.9864817, 37.5809092], [126.9862146, 37.5810157], [126.9855414, 37.5809947]], [[126.9855414, 37.5809947], [126.9850602, 37.5809683], [126.9855414, 37.5809947]]]}, "properties": {"name": "북촌로8길", "touristy_local": -0.2, "historic_contemporary": -0.2, "raw_polished": -1, "n_blogs": 15, "quiet_lively": -0.27, "local_chain": -0.697, "park": -0.382, "park_v2": 0.756, "park_canopy": 0.377, "park_traverse": 0.0, "park_dest": 0.0, "park_tier": 0, "park_access": null}}, {"type": "Feature", "geometry": {"type": "MultiLineString", "coordinates": [[[127.0104495, 37.5772727], [127.010423, 37.5773507], [127.0101173, 37.5773826], [127.0101275, 37.5775293], [127.0101173, 37.5773826], [127.010423, 37.5773507], [127.0104495, 37.5772727]], [[127.0104495, 37.5772727], [127.0103133, 37.5772068], [127.0102509, 37.5767187], [127.0103133, 37.5772068], [127.0104495, 37.5772727]]]}, "properties": {"name": "창신8길", "touristy_local": 0, "historic_contemporary": 0.5, "raw_polished": 0, "n_blogs": 15, "quiet_lively": -0.692, "local_chain": -0.697, "park": -1.0, "park_v2": -0.821, "park_canopy": 0.0, "park_traverse": 0.0, "park_dest": 0.0, "park_tier": 0, "park_access": null}}, {"type": "Feature", "geometry": {"type": "MultiLineString", "coordinates": [[[126.984399, 37.5722488], [126.9845659, 37.5723287]], [[126.9845659, 37.5723287], [126.984399, 37.5722488]], [[126.984399, 37.5722488], [126.9841007, 37.5722024], [126.9830546, 37.5720235], [126.9841007, 37.5722024], [126.984399, 37.5722488]], [[126.9854022, 37.5726301], [126.9850114, 37.5724644], [126.9845659, 37.5723287]], [[126.9845659, 37.5723287], [126.9850114, 37.5724644], [126.9854022, 37.5726301]], [[126.9854022, 37.5726301], [126.9855422, 37.5726958]], [[126.9855422, 37.5726958], [126.9854022, 37.5726301]], [[126.9854022, 37.5726301], [126.9854885, 37.5724819], [126.9855229, 37.572347], [126.9856952, 37.5723947]], [[126.9856952, 37.5723947], [126.9855229, 37.572347], [126.9854885, 37.5724819], [126.9854022, 37.5726301]], [[126.9862331, 37.5729775], [126.9855422, 37.5726958]], [[126.9855422, 37.5726958], [126.9862331, 37.5729775]], [[126.9865377, 37.5725934], [126.9860859, 37.5725359], [126.9856952, 37.5723947]], [[126.9856952, 37.5723947], [126.9860859, 37.5725359], [126.9865377, 37.5725934]], [[126.9862331, 37.5729775], [126.9865119, 37.5730779]], [[126.9865119, 37.5730779], [126.9862331, 37.5729775]], [[126.9868119, 37.5731858], [126.9865119, 37.5730779]], [[126.9865119, 37.5730779], [126.9868119, 37.5731858]], [[126.9865377, 37.5725934], [126.9878099, 37.5725786]], [[126.9868119, 37.5731858], [126.9870356, 37.5732663], [126.9876248, 37.5735175], [126.9870356, 37.5732663], [126.9868119, 37.5731858]]]}, "properties": {"name": "인사동5길", "touristy_local": 0, "historic_contemporary": -1, "raw_polished": null, "n_blogs": 15, "quiet_lively": 0.551, "local_chain": -0.168, "park": -1.0, "park_v2": 0.189, "park_canopy": 0.101, "park_traverse": 0.0, "park_dest": 0.0, "park_tier": 0, "park_access": null}}, {"type": "Feature", "geometry": {"type": "MultiLineString", "coordinates": [[[126.9803721, 37.5845028], [126.9802467, 37.5850647], [126.9803591, 37.585141], [126.9804633, 37.5851233], [126.9805719, 37.5849794], [126.980707, 37.5841098], [126.980801, 37.583859], [126.980707, 37.5841098], [126.9805719, 37.5849794], [126.9804633, 37.5851233], [126.9803591, 37.585141], [126.9802467, 37.5850647], [126.9803721, 37.5845028]], [[126.9803721, 37.5845028], [126.9800944, 37.5845103], [126.979432, 37.5844736], [126.9800944, 37.5845103], [126.9803721, 37.5845028]], [[126.9803721, 37.5845028], [126.9803627, 37.5842222], [126.9803976, 37.5841011], [126.9803667, 37.5838864], [126.9803976, 37.5841011], [126.9803627, 37.5842222], [126.9803721, 37.5845028]]]}, "properties": {"name": "삼청로7가길", "touristy_local": 1, "historic_contemporary": -0.333, "raw_polished": -1, "n_blogs": 15, "quiet_lively": 0.027, "local_chain": -0.697, "park": -0.266, "park_v2": 0.827, "park_canopy": 0.537, "park_traverse": 0.0, "park_dest": 0.0, "park_tier": 0, "park_access": null}}, {"type": "Feature", "geometry": {"type": "MultiLineString", "coordinates": [[[127.0043569, 37.5719057], [127.0043388, 37.5722694], [127.0044125, 37.5722862], [127.0041914, 37.5726659], [127.0044125, 37.5722862], [127.0043388, 37.5722694], [127.0043569, 37.5719057]], [[127.0043569, 37.5719057], [127.003911, 37.571907], [127.0043569, 37.5719057]], [[127.0043569, 37.5719057], [127.0043879, 37.5719056]], [[127.0043879, 37.5719056], [127.0043569, 37.5719057]], [[127.0043879, 37.5719056], [127.0043899, 37.5717599], [127.0043879, 37.5719056]], [[127.0047917, 37.5719045], [127.0043879, 37.5719056]], [[127.0043879, 37.5719056], [127.0047917, 37.5719045]], [[127.0047748, 37.5723103], [127.0047713, 37.5723952], [127.0047859, 37.5725611], [127.0047713, 37.5723952], [127.0047748, 37.5723103]], [[127.0047748, 37.5723103], [127.0044809, 37.5723029], [127.0047748, 37.5723103]], [[127.0047917, 37.5719045], [127.0047748, 37.5723103]], [[127.0047748, 37.5723103], [127.0047917, 37.5719045]], [[127.0047917, 37.5719045], [127.0054143, 37.5719157]], [[127.0054143, 37.5719157], [127.0047917, 37.5719045]], [[127.0056882, 37.571925], [127.0054143, 37.5719157]], [[127.0054143, 37.5719157], [127.0056882, 37.571925]], [[127.0056882, 37.571925], [127.0057242, 37.5719823], [127.0058145, 37.5720261], [127.0057242, 37.5719823], [127.0056882, 37.571925]]]}, "properties": {"name": "종로35가길", "touristy_local": 1, "historic_contemporary": -1, "raw_polished": -0.6, "n_blogs": 15, "quiet_lively": 0.243, "local_chain": 0.214, "park": -1.0, "park_v2": -0.827, "park_canopy": 0.0, "park_traverse": 0.0, "park_dest": 0.0, "park_tier": 0, "park_access": null}}, {"type": "Feature", "geometry": {"type": "MultiLineString", "coordinates": [[[127.0050449, 37.5709538], [127.005044, 37.5710156], [127.0050449, 37.5709538]], [[127.0050551, 37.5703864], [127.0050449, 37.5709538]], [[127.0050449, 37.5709538], [127.0050551, 37.5703864]], [[127.0050551, 37.5703864], [127.0050495, 37.5697895], [127.0050551, 37.5703864]]]}, "properties": {"name": "종로38길", "touristy_local": -0.5, "historic_contemporary": -1, "raw_polished": 0.5, "n_blogs": 15, "quiet_lively": 0.243, "local_chain": -0.697, "park": -0.841, "park_v2": 0.267, "park_canopy": 0.115, "park_traverse": 0.0, "park_dest": 0.0, "park_tier": 0, "park_access": null}}, {"type": "Feature", "geometry": {"type": "MultiLineString", "coordinates": [[[126.9802427, 37.5829346], [126.9803346, 37.5830319], [126.9804956, 37.5830931], [126.9803346, 37.5830319], [126.9802427, 37.5829346]], [[126.9802427, 37.5829346], [126.9801844, 37.5828584], [126.9803654, 37.5824022], [126.980337, 37.581978], [126.9803654, 37.5824022], [126.9801844, 37.5828584], [126.9802427, 37.5829346]], [[126.9802427, 37.5829346], [126.980642, 37.5827566]], [[126.980642, 37.5827566], [126.9802427, 37.5829346]], [[126.980642, 37.5827566], [126.9807441, 37.5828981], [126.980642, 37.5827566]], [[126.980642, 37.5827566], [126.9808417, 37.5826684]], [[126.9808417, 37.5826684], [126.980642, 37.5827566]], [[126.9808417, 37.5826684], [126.9809104, 37.5827501], [126.9809411, 37.5827391], [126.9809806, 37.5828104], [126.9809411, 37.5827391], [126.9809104, 37.5827501], [126.9808417, 37.5826684]], [[126.9809531, 37.5826192], [126.9808417, 37.5826684]], [[126.9808417, 37.5826684], [126.9809531, 37.5826192]], [[126.9809531, 37.5826192], [126.9810726, 37.5825785]], [[126.9810726, 37.5825785], [126.9809531, 37.5826192]], [[126.9813394, 37.5824875], [126.9810726, 37.5825785]], [[126.9810726, 37.5825785], [126.9813394, 37.5824875]], [[126.9813394, 37.5824875], [126.9816901, 37.5823088], [126.9817327, 37.5822858], [126.9816901, 37.5823088], [126.9813394, 37.5824875]]]}, "properties": {"name": "삼청로5길", "touristy_local": 0.5, "historic_contemporary": 0, "raw_polished": -1, "n_blogs": 15, "quiet_lively": 0.027, "local_chain": -0.697, "park": -0.738, "park_v2": 0.274, "park_canopy": 0.115, "park_traverse": 0.0, "park_dest": 0.0, "park_tier": 0, "park_access": null}}, {"type": "Feature", "geometry": {"type": "MultiLineString", "coordinates": [[[126.9864369, 37.5819611], [126.9864497, 37.5820961], [126.9864369, 37.5819611]], [[126.9864369, 37.5819611], [126.9863885, 37.5819677], [126.9864369, 37.5819611]], [[126.9868149, 37.5819276], [126.9864369, 37.5819611]], [[126.9864369, 37.5819611], [126.9868149, 37.5819276]], [[126.9867255, 37.5796211], [126.9867211, 37.5793403]], [[126.9867255, 37.5796211], [126.9876942, 37.5796267], [126.9867255, 37.5796211]], [[126.9867587, 37.580454], [126.9867159, 37.5798926], [126.9867255, 37.5796211]], [[126.9867731, 37.5810835], [126.9867887, 37.5808907], [126.9867587, 37.580454]], [[126.9867587, 37.580454], [126.9872393, 37.5804434], [126.9872105, 37.5805921], [126.9872393, 37.5804434], [126.9867587, 37.580454]], [[126.9868054, 37.5814423], [126.9867731, 37.5810835]], [[126.9867731, 37.5810835], [126.9873807, 37.5810787], [126.9874058, 37.581071], [126.9873807, 37.5810787], [126.9867731, 37.5810835]], [[126.9868054, 37.5814423], [126.9874207, 37.5815078]], [[126.9874207, 37.5815078], [126.9868054, 37.5814423]], [[126.9868149, 37.5816383], [126.9868054, 37.5814423]], [[126.9868149, 37.5819276], [126.9868149, 37.5816383]], [[126.9868149, 37.5816383], [126.9863511, 37.5816491], [126.9868149, 37.5816383]], [[126.9868582, 37.5830793], [126.9868615, 37.5824801], [126.9868149, 37.5819276]], [[126.9874438, 37.5815106], [126.9874207, 37.5815078]], [[126.9874207, 37.5815078], [126.9874438, 37.5815106]], [[126.9874438, 37.5815106], [126.9875439, 37.5815212], [126.9874438, 37.5815106]], [[126.9874438, 37.5815106], [126.9874554, 37.5812966], [126.9874438, 37.5815106]], [[126.9867699, 37.5776461], [126.9868294, 37.5773172], [126.9868906, 37.5771453], [126.9868294, 37.5773172], [126.9867699, 37.5776461]]]}, "properties": {"name": "계동길", "touristy_local": 0.5, "historic_contemporary": -0.333, "raw_polished": null, "n_blogs": 15, "quiet_lively": -0.247, "local_chain": 0.043, "park": -0.975, "park_v2": -0.052, "park_canopy": 0.058, "park_traverse": 0.0, "park_dest": 0.0, "park_tier": 0, "park_access": null}}, {"type": "Feature", "geometry": {"type": "MultiLineString", "coordinates": [[[126.9856367, 37.5832933], [126.9854848, 37.5833275], [126.9851418, 37.5833384], [126.9854848, 37.5833275], [126.9856367, 37.5832933]], [[126.9856367, 37.5832933], [126.9857378, 37.5832518], [126.9860646, 37.5832263], [126.9863972, 37.5831543]], [[126.9863972, 37.5831543], [126.9860646, 37.5832263], [126.9857378, 37.5832518], [126.9856367, 37.5832933]], [[126.9864863, 37.5831298], [126.9863972, 37.5831543]], [[126.9863972, 37.5831543], [126.9864863, 37.5831298]], [[126.9868582, 37.5830793], [126.9864863, 37.5831298]], [[126.9864863, 37.5831298], [126.9868582, 37.5830793]], [[126.9868582, 37.5830793], [126.9870401, 37.5830926]], [[126.9870401, 37.5830926], [126.9868582, 37.5830793]], [[126.9871405, 37.5830935], [126.9870401, 37.5830926]], [[126.9870401, 37.5830926], [126.9871405, 37.5830935]], [[126.9871405, 37.5830935], [126.9873614, 37.5830956]], [[126.9873614, 37.5830956], [126.9871405, 37.5830935]], [[126.9873614, 37.5830956], [126.9873063, 37.5833845], [126.9873614, 37.5830956]], [[126.9877484, 37.583088], [126.9873614, 37.5830956]], [[126.9873614, 37.5830956], [126.9877484, 37.583088]], [[126.9877484, 37.583088], [126.9881488, 37.5830767]], [[126.9881488, 37.5830767], [126.9877484, 37.583088]], [[126.9881488, 37.5830767], [126.9886154, 37.5829659]], [[126.9886154, 37.5829659], [126.9881488, 37.5830767]], [[126.9886289, 37.5829627], [126.9886154, 37.5829659]], [[126.9886154, 37.5829659], [126.9886289, 37.5829627]], [[126.9891307, 37.5829323], [126.9886289, 37.5829627]], [[126.9886289, 37.5829627], [126.9891307, 37.5829323]], [[126.9892329, 37.5829215], [126.9891307, 37.5829323]], [[126.9891307, 37.5829323], [126.9892329, 37.5829215]], [[126.9891888, 37.5787547], [126.9891826, 37.5786657]], [[126.9891826, 37.5786657], [126.9891888, 37.5787547]], [[126.9891826, 37.5786657], [126.9892051, 37.5783677]], [[126.9892051, 37.5783677], [126.9891826, 37.5786657]], [[126.9892828, 37.579246], [126.9891888, 37.5787547]], [[126.9891888, 37.5787547], [126.9892828, 37.579246]], [[126.9891888, 37.5787547], [126.9882655, 37.5787369], [126.9882693, 37.5786831], [126.9883115, 37.5786496], [126.9882693, 37.5786831], [126.9882655, 37.5787369], [126.9891888, 37.5787547]], [[126.9892051, 37.5783677], [126.9892097, 37.5783065]], [[126.9892097, 37.5783065], [126.9892051, 37.5783677]], [[126.9892153, 37.5782333], [126.9892097, 37.5783065]], [[126.9892097, 37.5783065], [126.9892153, 37.5782333]], [[126.9892153, 37.5782333], [126.9892379, 37.5779339]], [[126.9892379, 37.5779339], [126.9892153, 37.5782333]], [[126.9892329, 37.5829215], [126.9894388, 37.582468], [126.989484, 37.5822476], [126.9894579, 37.5820834], [126.9893564, 37.5815816]], [[126.9893564, 37.5815816], [126.989484, 37.5822476], [126.9894388, 37.582468], [126.9892329, 37.5829215]], [[126.9892379, 37.5779339], [126.9893112, 37.5774989], [126.9893297, 37.5773717], [126.9893112, 37.5774989], [126.9892379, 37.5779339]], [[126.9893403, 37.5812689], [126.9893239, 37.5809921], [126.9892868, 37.5809349], [126.9892708, 37.5805945], [126.9892809, 37.5793541]], [[126.9892809, 37.5793541], [126.9892708, 37.5805945], [126.9892868, 37.5809349], [126.9893239, 37.5809921], [126.9893403, 37.5812689]], [[126.9892828, 37.579246], [126.9892809, 37.5793541]], [[126.9892809, 37.5793541], [126.9892828, 37.579246]], [[126.9893403, 37.5812689], [126.9893564, 37.5815816]], [[126.9893564, 37.5815816], [126.9893403, 37.5812689]]]}, "properties": {"name": "창덕궁길", "touristy_local": -0.2, "historic_contemporary": 0.333, "raw_polished": null, "n_blogs": 15, "quiet_lively": -0.392, "local_chain": 0.582, "park": -0.335, "park_v2": 0.762, "park_canopy": 0.378, "park_traverse": 0.0, "park_dest": 0.0, "park_tier": 0, "park_access": null}}, {"type": "Feature", "geometry": {"type": "MultiLineString", "coordinates": [[[126.9793366, 37.5700577], [126.9824693, 37.5700707]], [[126.9832641, 37.5701045], [126.9876389, 37.5701]], [[127.0020569, 37.5706586], [127.0020656, 37.5707615], [127.0021967, 37.5708617], [127.0038942, 37.5709301], [127.0067095, 37.5709861], [127.0084318, 37.5710127], [127.0088566, 37.5709795]]]}, "properties": {"name": "종로 자전거 전용로", "touristy_local": 1, "historic_contemporary": null, "raw_polished": null, "n_blogs": 14, "quiet_lively": 0.346, "local_chain": 0.753, "park": -0.879, "park_v2": -0.078, "park_canopy": 0.056, "park_traverse": 0.0, "park_dest": 0.0, "park_tier": 0, "park_access": null}}, {"type": "Feature", "geometry": {"type": "MultiLineString", "coordinates": [[[126.9982492, 37.569778], [126.9988255, 37.5698475]], [[126.9988255, 37.5698475], [126.9982492, 37.569778]], [[126.9982492, 37.569778], [126.9980079, 37.5697505], [126.9979002, 37.5697295], [126.9980079, 37.5697505], [126.9982492, 37.569778]], [[126.9991723, 37.5698776], [126.9988255, 37.5698475]], [[126.9988255, 37.5698475], [126.9991723, 37.5698776]], [[126.9993231, 37.5698833], [126.9991723, 37.5698776]], [[126.9991723, 37.5698776], [126.9993231, 37.5698833]], [[126.9993231, 37.5698833], [126.9998761, 37.5698947]], [[126.9998761, 37.5698947], [126.9993231, 37.5698833]], [[126.9999032, 37.5698951], [126.9998761, 37.5698947]], [[126.9998761, 37.5698947], [126.9999032, 37.5698951]], [[126.9999032, 37.5698951], [126.9999556, 37.5698972]], [[126.9999556, 37.5698972], [126.9999032, 37.5698951]], [[127.0000081, 37.5698997], [126.9999556, 37.5698972]], [[126.9999556, 37.5698972], [127.0000081, 37.5698997]], [[127.0002766, 37.5699124], [127.0000081, 37.5698997]], [[127.0000081, 37.5698997], [127.0002766, 37.5699124]], [[127.0002766, 37.5699124], [127.0004235, 37.5699215]], [[127.0004235, 37.5699215], [127.0002766, 37.5699124]], [[127.0008587, 37.5699722], [127.0004235, 37.5699215]], [[127.0004235, 37.5699215], [127.0008587, 37.5699722]], [[127.0009171, 37.5699798], [127.0008587, 37.5699722]], [[127.0008587, 37.5699722], [127.0009171, 37.5699798]], [[127.0009171, 37.5699798], [127.0010412, 37.5699959]], [[127.0010412, 37.5699959], [127.0009171, 37.5699798]], [[127.0010412, 37.5699959], [127.0012316, 37.5700207], [127.0010412, 37.5699959]]]}, "properties": {"name": "창경궁로12길", "touristy_local": null, "historic_contemporary": -0.5, "raw_polished": 0, "n_blogs": 15, "quiet_lively": 0.878, "local_chain": -0.378, "park": -1.0, "park_v2": 0.085, "park_canopy": 0.083, "park_traverse": 0.0, "park_dest": 0.0, "park_tier": 0, "park_access": null}}, {"type": "Feature", "geometry": {"type": "MultiLineString", "coordinates": [[[127.002472, 37.581765], [127.0019838, 37.5817549], [127.002472, 37.581765]], [[127.0029663, 37.5817633], [127.002472, 37.581765]], [[127.002472, 37.581765], [127.0029663, 37.5817633]], [[127.0029663, 37.5817633], [127.0029618, 37.5823924], [127.0029616, 37.5826137], [127.0029618, 37.5823924], [127.0029663, 37.5817633]], [[127.0034104, 37.5817586], [127.0029663, 37.5817633]], [[127.0029663, 37.5817633], [127.0034104, 37.5817586]], [[127.0034104, 37.5817586], [127.0035989, 37.5817522], [127.0038468, 37.5817522], [127.0035989, 37.5817522], [127.0034104, 37.5817586]]]}, "properties": {"name": "대학로10길", "touristy_local": 0, "historic_contemporary": -1, "raw_polished": null, "n_blogs": 15, "quiet_lively": -0.814, "local_chain": 0.635, "park": -1.0, "park_v2": -0.86, "park_canopy": 0.0, "park_traverse": 0.0, "park_dest": 0.0, "park_tier": 0, "park_access": null}}, {"type": "Feature", "geometry": {"type": "MultiLineString", "coordinates": [[[127.0058026, 37.5839718], [127.0058132, 37.5840748], [127.005609, 37.5840811], [127.0052508, 37.5839931], [127.0051463, 37.5839989], [127.0052508, 37.5839931], [127.005609, 37.5840811], [127.0058132, 37.5840748], [127.0058026, 37.5839718]], [[127.0059166, 37.5835077], [127.0058079, 37.5836376], [127.0057602, 37.5837889], [127.0058, 37.5838625], [127.0058026, 37.5839718]], [[127.0058026, 37.5839718], [127.0058, 37.5838625], [127.0057602, 37.5837889], [127.0058079, 37.5836376], [127.0059166, 37.5835077]], [[127.0059166, 37.5835077], [127.0060678, 37.5834942], [127.0062112, 37.5833032], [127.0060659, 37.5832051], [127.0062112, 37.5833032], [127.0060678, 37.5834942], [127.0059166, 37.5835077]]]}, "properties": {"name": "동숭4라길", "touristy_local": -1, "historic_contemporary": null, "raw_polished": null, "n_blogs": 11, "quiet_lively": -0.548, "local_chain": -0.697, "park": -0.576, "park_v2": 0.664, "park_canopy": 0.271, "park_traverse": 0.0, "park_dest": 0.0, "park_tier": 0, "park_access": null}}, {"type": "Feature", "geometry": {"type": "LineString", "coordinates": [[127.0050551, 37.5703864], [127.0054775, 37.5703231], [127.0055577, 37.570325], [127.006126, 37.5702899], [127.0067256, 37.5703862], [127.006126, 37.5702899], [127.0054775, 37.5703231], [127.0050551, 37.5703864]]}, "properties": {"name": "종로40가길", "touristy_local": -0.5, "historic_contemporary": -0.333, "raw_polished": -1, "n_blogs": 15, "quiet_lively": 0.243, "local_chain": -0.697, "park": -1.0, "park_v2": 0.033, "park_canopy": 0.07, "park_traverse": 0.0, "park_dest": 0.0, "park_tier": 0, "park_access": null}}, {"type": "Feature", "geometry": {"type": "MultiLineString", "coordinates": [[[127.0053331, 37.5780399], [127.005642, 37.5780884]], [[127.005642, 37.5780884], [127.0053331, 37.5780399]], [[127.0053331, 37.5780399], [127.0051962, 37.5779877], [127.0050662, 37.5779834], [127.0045274, 37.5780328], [127.0050662, 37.5779834], [127.0051962, 37.5779877], [127.0053331, 37.5780399]], [[127.005642, 37.5780884], [127.0056977, 37.5781114], [127.0057981, 37.5782909]], [[127.0057981, 37.5782909], [127.0056977, 37.5781114], [127.005642, 37.5780884]], [[127.0057981, 37.5782909], [127.0058314, 37.5783394], [127.0060016, 37.5784243]], [[127.0060016, 37.5784243], [127.0058314, 37.5783394], [127.0057981, 37.5782909]], [[127.0059026, 37.578957], [127.006003, 37.5789899], [127.0062446, 37.5789841], [127.0063851, 37.5789636], [127.006413, 37.5789218], [127.006392, 37.5787224], [127.0060016, 37.5784243]], [[127.0060016, 37.5784243], [127.006392, 37.5787224], [127.006413, 37.5789218], [127.0063851, 37.5789636], [127.0062446, 37.5789841], [127.006003, 37.5789899], [127.0059026, 37.578957]], [[127.0059026, 37.578957], [127.0058806, 37.5787665], [127.0060016, 37.5784243]], [[127.0060016, 37.5784243], [127.0058806, 37.5787665], [127.0059026, 37.578957]]]}, "properties": {"name": "이화장2길", "touristy_local": 0, "historic_contemporary": -1, "raw_polished": null, "n_blogs": 15, "quiet_lively": -0.612, "local_chain": 0.062, "park": -0.527, "park_v2": 0.775, "park_canopy": 0.398, "park_traverse": 0.0, "park_dest": 0.0, "park_tier": 0, "park_access": null}}, {"type": "Feature", "geometry": {"type": "MultiLineString", "coordinates": [[[126.9927048, 37.5700493], [126.9933241, 37.5700662]], [[126.9933241, 37.5700662], [126.9927048, 37.5700493]], [[126.9927048, 37.5700493], [126.9922156, 37.5699961], [126.9927048, 37.5700493]], [[126.9933241, 37.5700662], [126.9936802, 37.5700737]], [[126.9936802, 37.5700737], [126.9933241, 37.5700662]], [[126.9941828, 37.5701135], [126.9936802, 37.5700737]], [[126.9936802, 37.5700737], [126.9941828, 37.5701135]], [[126.9941828, 37.5701135], [126.994492, 37.5700839]], [[126.994492, 37.5700839], [126.9941828, 37.5701135]], [[126.994492, 37.5700839], [126.9948868, 37.5700761], [126.994492, 37.5700839]]]}, "properties": {"name": "돈화문로4길", "touristy_local": 0.333, "historic_contemporary": -0.5, "raw_polished": -1, "n_blogs": 15, "quiet_lively": 0.878, "local_chain": -0.102, "park": -0.965, "park_v2": -0.261, "park_canopy": 0.033, "park_traverse": 0.0, "park_dest": 0.0, "park_tier": 0, "park_access": null}}, {"type": "Feature", "geometry": {"type": "MultiLineString", "coordinates": [[[126.9905799, 37.5767967], [126.9909629, 37.5768392], [126.9905799, 37.5767967]], [[126.9905799, 37.5767967], [126.9905265, 37.5769797], [126.9904351, 37.5773142], [126.9905265, 37.5769797], [126.9905799, 37.5767967]], [[126.9905799, 37.5767967], [126.9906035, 37.5767158]], [[126.9906035, 37.5767158], [126.9905799, 37.5767967]], [[126.9907172, 37.5763268], [126.9906035, 37.5767158]], [[126.9906035, 37.5767158], [126.9907172, 37.5763268]], [[126.9909009, 37.5756979], [126.9907172, 37.5763268]], [[126.9907172, 37.5763268], [126.9909009, 37.5756979]], [[126.9909009, 37.5756979], [126.9910477, 37.575195]], [[126.9910477, 37.575195], [126.9909009, 37.5756979]], [[126.9913423, 37.5741861], [126.9910477, 37.575195]], [[126.9910477, 37.575195], [126.9913423, 37.5741861]], [[126.9913423, 37.5741861], [126.9915068, 37.5736845]], [[126.9915068, 37.5736845], [126.9913423, 37.5741861]], [[126.9915068, 37.5736845], [126.9915287, 37.5736178]], [[126.9915287, 37.5736178], [126.9915068, 37.5736845]], [[126.9915287, 37.5736178], [126.9916489, 37.5732512]], [[126.9916489, 37.5732512], [126.9915287, 37.5736178]], [[126.9916489, 37.5732512], [126.991759, 37.5729154], [126.9918851, 37.572581], [126.991759, 37.5729154], [126.9916489, 37.5732512]]]}, "properties": {"name": "율곡로8길", "touristy_local": -0.5, "historic_contemporary": -0.2, "raw_polished": null, "n_blogs": 15, "quiet_lively": 0.878, "local_chain": -0.365, "park": -1.0, "park_v2": -0.182, "park_canopy": 0.044, "park_traverse": 0.0, "park_dest": 0.0, "park_tier": 0, "park_access": null}}, {"type": "Feature", "geometry": {"type": "MultiLineString", "coordinates": [[[126.9979961, 37.5740416], [126.9984138, 37.5741778]], [[126.9984138, 37.5741778], [126.9979961, 37.5740416]], [[126.9979961, 37.5740416], [126.9975371, 37.573944], [126.9979961, 37.5740416]], [[126.9979961, 37.5740416], [126.9980721, 37.5737751], [126.9984197, 37.5733646], [126.9980721, 37.5737751], [126.9979961, 37.5740416]], [[126.9986028, 37.5742431], [126.9984138, 37.5741778]], [[126.9984138, 37.5741778], [126.9986028, 37.5742431]], [[126.9984138, 37.5741778], [126.9981968, 37.5747644], [126.9984138, 37.5741778]], [[126.999457, 37.5745405], [126.9986028, 37.5742431]], [[126.9986028, 37.5742431], [126.999457, 37.5745405]], [[126.99985, 37.574686], [126.999457, 37.5745405]], [[126.999457, 37.5745405], [126.99985, 37.574686]], [[126.99985, 37.574686], [127.0007138, 37.5748527]], [[127.0007138, 37.5748527], [126.99985, 37.574686]], [[127.0007138, 37.5748527], [127.0013391, 37.5749625]], [[127.0013391, 37.5749625], [127.0007138, 37.5748527]], [[127.0013391, 37.5749625], [127.0015091, 37.5749939], [127.0021168, 37.5751435], [127.0015091, 37.5749939], [127.0013391, 37.5749625]]]}, "properties": {"name": "창경궁로16길", "touristy_local": -1, "historic_contemporary": 0, "raw_polished": 0.333, "n_blogs": 15, "quiet_lively": -0.179, "local_chain": 0.365, "park": -1.0, "park_v2": -0.235, "park_canopy": 0.04, "park_traverse": 0.0, "park_dest": 0.0, "park_tier": 0, "park_access": null}}, {"type": "Feature", "geometry": {"type": "MultiLineString", "coordinates": [[[126.9992645, 37.5735796], [126.9994633, 37.5736397], [126.9992343, 37.5740476], [126.9993638, 37.5740926], [126.9992937, 37.574273], [126.9994974, 37.5743505], [126.999457, 37.5745405], [126.9994974, 37.5743505], [126.9992937, 37.574273], [126.9993638, 37.5740926], [126.9992343, 37.5740476], [126.9994633, 37.5736397], [126.9992645, 37.5735796]], [[126.9992645, 37.5735796], [126.9987786, 37.5734626], [126.998676, 37.5733565], [126.9987786, 37.5734626], [126.9992645, 37.5735796]]]}, "properties": {"name": "창경궁로16가길", "touristy_local": 0.6, "historic_contemporary": 0, "raw_polished": null, "n_blogs": 15, "quiet_lively": -0.179, "local_chain": -0.697, "park": -1.0, "park_v2": -0.866, "park_canopy": 0.0, "park_traverse": 0.0, "park_dest": 0.0, "park_tier": 0, "park_access": null}}, {"type": "Feature", "geometry": {"type": "MultiLineString", "coordinates": [[[127.0055202, 37.5759954], [127.0056738, 37.5760576]], [[127.0056738, 37.5760576], [127.0055202, 37.5759954]], [[127.0055202, 37.5759954], [127.00498, 37.57561], [127.0055202, 37.5759954]], [[127.0056738, 37.5760576], [127.0058114, 37.5761423]], [[127.0058114, 37.5761423], [127.0056738, 37.5760576]], [[127.0058114, 37.5761423], [127.0058448, 37.5761629]], [[127.0058448, 37.5761629], [127.0058114, 37.5761423]], [[127.0058114, 37.5761423], [127.0059994, 37.5757162], [127.0058114, 37.5761423]], [[127.0058239, 37.5768318], [127.0058239, 37.5771451], [127.0058239, 37.5768318]], [[127.0058448, 37.5761629], [127.0058239, 37.5768318]], [[127.0058239, 37.5768318], [127.0058448, 37.5761629]], [[127.0058448, 37.5761629], [127.0061707, 37.576343]], [[127.0061707, 37.576343], [127.0058448, 37.5761629]], [[127.0066394, 37.5766021], [127.0061707, 37.576343]], [[127.0061707, 37.576343], [127.0066394, 37.5766021]], [[127.0063753, 37.57724], [127.0063605, 37.5775838], [127.0063753, 37.57724]], [[127.0066394, 37.5766021], [127.0066101, 37.5766559], [127.0065956, 37.5769348], [127.0063887, 37.5769306], [127.0063753, 37.57724]], [[127.0063753, 37.57724], [127.0063887, 37.5769306], [127.0065956, 37.5769348], [127.0066101, 37.5766559], [127.0066394, 37.5766021]], [[127.0070336, 37.5767481], [127.0069093, 37.5772127], [127.0063753, 37.57724]], [[127.0063753, 37.57724], [127.0069093, 37.5772127], [127.0070336, 37.5767481]], [[127.0066394, 37.5766021], [127.0070336, 37.5767481]], [[127.0070336, 37.5767481], [127.0066394, 37.5766021]], [[127.0070336, 37.5767481], [127.0073766, 37.5768752]], [[127.0073766, 37.5768752], [127.0070336, 37.5767481]], [[127.0073042, 37.5772597], [127.0075168, 37.5773157]], [[127.0075168, 37.5773157], [127.0073042, 37.5772597]], [[127.0073042, 37.5772597], [127.0071001, 37.5773769], [127.0070516, 37.5774414], [127.0070246, 37.5775774], [127.0070516, 37.5774414], [127.0071001, 37.5773769], [127.0073042, 37.5772597]], [[127.0074567, 37.5769627], [127.0073042, 37.5772597]], [[127.0073042, 37.5772597], [127.0074567, 37.5769627]], [[127.0075227, 37.5769304], [127.0073766, 37.5768752]], [[127.0073766, 37.5768752], [127.0075227, 37.5769304]], [[127.0074567, 37.5769627], [127.0074998, 37.5768947], [127.0075098, 37.5768792], [127.0075194, 37.5768632], [127.0075654, 37.5768269], [127.0076305, 37.5768258], [127.0076776, 37.5768675], [127.0076444, 37.576939], [127.0075227, 37.5769304]], [[127.0075227, 37.5769304], [127.0076444, 37.576939], [127.0076776, 37.5768675], [127.0076305, 37.5768258], [127.0075654, 37.5768269], [127.0075194, 37.5768632], [127.0075098, 37.5768792], [127.0074998, 37.5768947], [127.0074567, 37.5769627]], [[127.0075168, 37.5773157], [127.0078127, 37.5774073]], [[127.0078127, 37.5774073], [127.0075168, 37.5773157]], [[127.0078127, 37.5774073], [127.0081155, 37.5774957], [127.0078127, 37.5774073]], [[127.0078127, 37.5774073], [127.0079771, 37.5770959], [127.0078127, 37.5774073]]]}, "properties": {"name": "율곡로19길", "touristy_local": 0.333, "historic_contemporary": 1, "raw_polished": null, "n_blogs": 15, "quiet_lively": -0.586, "local_chain": -0.345, "park": -0.981, "park_v2": -0.15, "park_canopy": 0.048, "park_traverse": 0.0, "park_dest": 0.0, "park_tier": 0, "park_access": null}}, {"type": "Feature", "geometry": {"type": "MultiLineString", "coordinates": [[[127.0073331, 37.5764939], [127.0072543, 37.5764969]], [[127.0072543, 37.5764969], [127.0073331, 37.5764939]], [[127.0072543, 37.5764969], [127.0070613, 37.5764686], [127.0068789, 37.5765357], [127.0067268, 37.5764882], [127.0068789, 37.5765357], [127.0070613, 37.5764686], [127.0072543, 37.5764969]], [[127.0073331, 37.5764939], [127.0073398, 37.5765467], [127.0073937, 37.576543], [127.0073766, 37.5768752], [127.0073937, 37.576543], [127.0073398, 37.5765467], [127.0073331, 37.5764939]], [[127.0076613, 37.5764511], [127.007444, 37.5764197], [127.0074571, 37.5764799], [127.0073331, 37.5764939]], [[127.0073331, 37.5764939], [127.0074571, 37.5764799], [127.007444, 37.5764197], [127.0076613, 37.5764511]], [[127.0076613, 37.5764511], [127.0077195, 37.5764685], [127.0076613, 37.5764511]]]}, "properties": {"name": "충신6길", "touristy_local": 1, "historic_contemporary": -1, "raw_polished": -1, "n_blogs": 15, "quiet_lively": -0.011, "local_chain": -0.697, "park": -1.0, "park_v2": -0.502, "park_canopy": 0.008, "park_traverse": 0.0, "park_dest": 0.0, "park_tier": 0, "park_access": null}}, {"type": "Feature", "geometry": {"type": "MultiLineString", "coordinates": [[[127.0095483, 37.5749712], [127.0096651, 37.5750072], [127.0096476, 37.5751001], [127.0095321, 37.5752762], [127.0096476, 37.5751001], [127.0096651, 37.5750072], [127.0095483, 37.5749712]], [[127.0095483, 37.5749712], [127.0093939, 37.5749282], [127.0092784, 37.5752], [127.0093939, 37.5749282], [127.0095483, 37.5749712]], [[127.0096056, 37.5748339], [127.0095483, 37.5749712]], [[127.0095483, 37.5749712], [127.0096056, 37.5748339]], [[127.0096056, 37.5748339], [127.0097712, 37.5748997]], [[127.0097712, 37.5748997], [127.0096056, 37.5748339]], [[127.0096056, 37.5748339], [127.0093432, 37.5747424], [127.0092391, 37.5747188], [127.0093432, 37.5747424], [127.0096056, 37.5748339]], [[127.0102879, 37.5743874], [127.0102365, 37.5748522], [127.0100255, 37.5749213], [127.0097712, 37.5748997]], [[127.0097712, 37.5748997], [127.0100255, 37.5749213], [127.0102365, 37.5748522], [127.0102879, 37.5743874]], [[127.0102879, 37.5743874], [127.0103532, 37.5736883], [127.0102879, 37.5743874]]]}, "properties": {"name": "창신4가길", "touristy_local": 0.333, "historic_contemporary": 0.143, "raw_polished": 1, "n_blogs": 15, "quiet_lively": -0.73, "local_chain": -0.697, "park": -0.786, "park_v2": 0.404, "park_canopy": 0.163, "park_traverse": 0.0, "park_dest": 0.0, "park_tier": 0, "park_access": null}}, {"type": "Feature", "geometry": {"type": "MultiLineString", "coordinates": [[[126.9968842, 37.5675273], [126.9968794, 37.5673782]], [[126.9968794, 37.5673782], [126.9968842, 37.5675273]], [[126.9968794, 37.5673782], [126.9969334, 37.5670897], [126.9968794, 37.5673782]], [[126.9969019, 37.5677864], [126.9968842, 37.5675273]], [[126.9968842, 37.5675273], [126.9969019, 37.5677864]], [[126.9969019, 37.5677864], [126.9971155, 37.5677784], [126.9971287, 37.5677912], [126.9971515, 37.5678777]], [[126.9971515, 37.5678777], [126.9971155, 37.5677784], [126.9969019, 37.5677864]], [[126.9971515, 37.5678777], [126.9972787, 37.5680619], [126.9971515, 37.5678777]]]}, "properties": {"name": "창경궁로5나길", "touristy_local": -0.5, "historic_contemporary": 0, "raw_polished": -1, "n_blogs": 15, "quiet_lively": null, "local_chain": -0.293, "park": -1.0, "park_v2": -0.033, "park_canopy": 0.06, "park_traverse": 0.0, "park_dest": 0.0, "park_tier": 0, "park_access": null}}, {"type": "Feature", "geometry": {"type": "MultiLineString", "coordinates": [[[126.9982775, 37.5845195], [126.9981807, 37.5846794], [126.9982775, 37.5845195]], [[126.9984017, 37.5843143], [126.9982775, 37.5845195]], [[126.9982775, 37.5845195], [126.9984017, 37.5843143]], [[126.9984017, 37.5843143], [126.9984466, 37.5842829], [126.9984995, 37.5842055], [126.9984466, 37.5842829], [126.9984017, 37.5843143]]]}, "properties": {"name": "창경궁로31길", "touristy_local": -1, "historic_contemporary": -0.2, "raw_polished": 0, "n_blogs": 15, "quiet_lively": -0.989, "local_chain": 0.24, "park": -1.0, "park_v2": -0.886, "park_canopy": 0.0, "park_traverse": 0.0, "park_dest": 0.0, "park_tier": 0, "park_access": null}}, {"type": "Feature", "geometry": {"type": "MultiLineString", "coordinates": [[[126.9828954, 37.5834876], [126.9829222, 37.5839683], [126.9828954, 37.5834876]], [[126.98306, 37.5834721], [126.9830775, 37.5833124], [126.9831882, 37.5830191], [126.983319, 37.5829499], [126.9835192, 37.5829869], [126.983319, 37.5829499], [126.9831882, 37.5830191], [126.9830775, 37.5833124], [126.98306, 37.5834721]]]}, "properties": {"name": "북촌로11라길", "touristy_local": 0, "historic_contemporary": 0, "raw_polished": null, "n_blogs": 15, "quiet_lively": -0.783, "local_chain": -0.697, "park": -1.0, "park_v2": 0.365, "park_canopy": 0.146, "park_traverse": 0.0, "park_dest": 0.0, "park_tier": 0, "park_access": null}}, {"type": "Feature", "geometry": {"type": "MultiLineString", "coordinates": [[[126.9818375, 37.5810441], [126.9819835, 37.5810603]], [[126.9819835, 37.5810603], [126.9818375, 37.5810441]], [[126.9818375, 37.5810441], [126.9817759, 37.5814657], [126.9818474, 37.581639], [126.982082, 37.5819651], [126.9818474, 37.581639], [126.9817759, 37.5814657], [126.9818375, 37.5810441]], [[126.9818375, 37.5810441], [126.9816819, 37.5810215], [126.9815931, 37.581022], [126.9816819, 37.5810215], [126.9818375, 37.5810441]], [[126.982172, 37.5810751], [126.9819835, 37.5810603]], [[126.9819835, 37.5810603], [126.982172, 37.5810751]], [[126.9819835, 37.5810603], [126.9819631, 37.5811801], [126.9819468, 37.581344], [126.9819631, 37.5811801], [126.9819835, 37.5810603]], [[126.9821621, 37.5820795], [126.9821583, 37.5818698]], [[126.9821583, 37.5818698], [126.9821621, 37.5820795]], [[126.982172, 37.5810751], [126.9822132, 37.5811469], [126.9822371, 37.5814253], [126.9821675, 37.581665], [126.9821583, 37.5818698]], [[126.9821583, 37.5818698], [126.9821675, 37.581665], [126.9822371, 37.5814253], [126.9822132, 37.5811469], [126.982172, 37.5810751]], [[126.9822074, 37.5825672], [126.9821621, 37.5820795]], [[126.9821621, 37.5820795], [126.9822074, 37.5825672]], [[126.982215, 37.5827782], [126.9822074, 37.5825672]], [[126.9822074, 37.5825672], [126.982215, 37.5827782]], [[126.9822074, 37.5825672], [126.982547, 37.5825556]], [[126.982547, 37.5825556], [126.9822074, 37.5825672]], [[126.9822373, 37.5830328], [126.982215, 37.5827782]], [[126.982215, 37.5827782], [126.9822373, 37.5830328]], [[126.9822373, 37.5830328], [126.9822631, 37.5835232]], [[126.9822631, 37.5835232], [126.9822373, 37.5830328]], [[126.9825573, 37.5830197], [126.9822373, 37.5830328]], [[126.9822373, 37.5830328], [126.9825573, 37.5830197]], [[126.9822631, 37.5835232], [126.9822967, 37.5837864], [126.9824317, 37.5839395], [126.9825698, 37.5839907]], [[126.9825698, 37.5839907], [126.9824317, 37.5839395], [126.9822967, 37.5837864], [126.9822631, 37.5835232]], [[126.9822631, 37.5835232], [126.98258, 37.5835097], [126.9822631, 37.5835232]], [[126.982547, 37.5825556], [126.9828108, 37.582545], [126.982547, 37.5825556]], [[126.9825573, 37.5830197], [126.982826, 37.583007], [126.9825573, 37.5830197]], [[126.9825698, 37.5839907], [126.9825796, 37.5840441]], [[126.9825796, 37.5840441], [126.9825698, 37.5839907]], [[126.9826857, 37.5842401], [126.9825796, 37.5840441]], [[126.9825796, 37.5840441], [126.9826857, 37.5842401]], [[126.9829905, 37.5846847], [126.9826857, 37.5842401]], [[126.9826857, 37.5842401], [126.9829905, 37.5846847]], [[126.9826857, 37.5842401], [126.9824347, 37.5842929], [126.9822764, 37.5843184], [126.9824347, 37.5842929], [126.9826857, 37.5842401]], [[126.9829905, 37.5846847], [126.9830165, 37.5850226]], [[126.9830165, 37.5850226], [126.9829905, 37.5846847]], [[126.9830165, 37.5850226], [126.9830294, 37.585327]], [[126.9830294, 37.585327], [126.9830165, 37.5850226]], [[126.9830294, 37.585327], [126.983419, 37.5854279], [126.9835559, 37.5854074], [126.983419, 37.5854279], [126.9830294, 37.585327]]]}, "properties": {"name": "북촌로5나길", "touristy_local": 1, "historic_contemporary": 0.333, "raw_polished": null, "n_blogs": 15, "quiet_lively": -0.118, "local_chain": -0.385, "park": -0.914, "park_v2": 0.098, "park_canopy": 0.085, "park_traverse": 0.0, "park_dest": 0.0, "park_tier": 0, "park_access": null}}, {"type": "Feature", "geometry": {"type": "MultiLineString", "coordinates": [[[126.9798646, 37.5760461], [126.9800893, 37.5764533], [126.9804807, 37.5770312]], [[126.9804807, 37.5770312], [126.9800893, 37.5764533], [126.9798646, 37.5760461]], [[126.9798646, 37.5760461], [126.9799611, 37.5759563], [126.9798646, 37.5760461]], [[126.9806685, 37.5776425], [126.9804807, 37.5770312]], [[126.9804807, 37.5770312], [126.9806685, 37.5776425]], [[126.9806577, 37.5776777], [126.9807178, 37.5777206], [126.9809555, 37.57841], [126.9809893, 37.5784031]], [[126.9809893, 37.5784031], [126.9809555, 37.57841], [126.9807178, 37.5777206], [126.9806577, 37.5776777]], [[126.9806577, 37.5776777], [126.9806685, 37.5776425]], [[126.9806685, 37.5776425], [126.9806577, 37.5776777]], [[126.9806685, 37.5776425], [126.980885, 37.5775629]], [[126.980885, 37.5775629], [126.9806685, 37.5776425]], [[126.9814154, 37.5776512], [126.9812509, 37.5774252], [126.980885, 37.5775629]], [[126.980885, 37.5775629], [126.9812509, 37.5774252], [126.9814154, 37.5776512]], [[126.981452, 37.5783086], [126.9809893, 37.5784031]], [[126.9809893, 37.5784031], [126.981452, 37.5783086]], [[126.9814154, 37.5776512], [126.9814373, 37.5778641]], [[126.9814373, 37.5778641], [126.9814154, 37.5776512]], [[126.9814154, 37.5776512], [126.9812266, 37.5777147], [126.9811016, 37.577746], [126.9812266, 37.5777147], [126.9814154, 37.5776512]], [[126.9814435, 37.5780168], [126.9814373, 37.5778641]], [[126.9814373, 37.5778641], [126.9814435, 37.5780168]], [[126.981452, 37.5783086], [126.9814986, 37.5782476], [126.9814435, 37.5780168]], [[126.9814435, 37.5780168], [126.9814986, 37.5782476], [126.981452, 37.5783086]], [[126.9814435, 37.5780168], [126.9813162, 37.5780468], [126.98128, 37.5779256], [126.9813162, 37.5780468], [126.9814435, 37.5780168]], [[126.981508, 37.5786221], [126.981452, 37.5783086]], [[126.981452, 37.5783086], [126.981508, 37.5786221]], [[126.981508, 37.5786221], [126.9817927, 37.5786239]], [[126.9817927, 37.5786239], [126.981508, 37.5786221]], [[126.981508, 37.5786221], [126.9815107, 37.5786358]], [[126.9815107, 37.5786358], [126.981508, 37.5786221]], [[126.9815107, 37.5786358], [126.9815939, 37.5791722]], [[126.9815939, 37.5791722], [126.9815107, 37.5786358]], [[126.9815939, 37.5791722], [126.9816955, 37.579756], [126.9815939, 37.5791722]], [[126.9817927, 37.5786239], [126.9818929, 37.5786285], [126.9821394, 37.5786446], [126.9818929, 37.5786285], [126.9817927, 37.5786239]], [[126.9817927, 37.5786239], [126.981797, 37.578814], [126.9817927, 37.5786239]]]}, "properties": {"name": "율곡로1길", "touristy_local": -0.5, "historic_contemporary": 0, "raw_polished": 1, "n_blogs": 15, "quiet_lively": -0.141, "local_chain": -0.148, "park": -0.103, "park_v2": 0.853, "park_canopy": 0.653, "park_traverse": 0.0, "park_dest": 0.0, "park_tier": 0, "park_access": null}}, {"type": "Feature", "geometry": {"type": "MultiLineString", "coordinates": [[[126.9933241, 37.5700662], [126.9932828, 37.5703785], [126.9932769, 37.5704561], [126.9932828, 37.5703785], [126.9933241, 37.5700662]], [[126.9933241, 37.5700662], [126.9933331, 37.5698588]], [[126.9933331, 37.5698588], [126.9933241, 37.5700662]], [[126.9933472, 37.5695334], [126.9933331, 37.5698588]], [[126.9933331, 37.5698588], [126.9933472, 37.5695334]], [[126.9933472, 37.5695334], [126.9933476, 37.5695244]], [[126.9933476, 37.5695244], [126.9933472, 37.5695334]], [[126.993357, 37.569308], [126.9933476, 37.5695244]], [[126.9933476, 37.5695244], [126.993357, 37.569308]], [[126.993357, 37.569308], [126.9934027, 37.5691419]], [[126.9934027, 37.5691419], [126.993357, 37.569308]], [[126.9934027, 37.5691419], [126.9936939, 37.5687195], [126.9937252, 37.5686346], [126.9936939, 37.5687195], [126.9934027, 37.5691419]]]}, "properties": {"name": "종로22길", "touristy_local": -0.5, "historic_contemporary": 0.5, "raw_polished": -1, "n_blogs": 15, "quiet_lively": 0.878, "local_chain": -0.697, "park": -0.904, "park_v2": -0.013, "park_canopy": 0.065, "park_traverse": 0.0, "park_dest": 0.0, "park_tier": 0, "park_access": null}}, {"type": "Feature", "geometry": {"type": "MultiLineString", "coordinates": [[[126.989053, 37.5741513], [126.9877315, 37.5735701]], [[126.9877315, 37.5735701], [126.989053, 37.5741513]], [[126.9877315, 37.5735701], [126.9876248, 37.5735175], [126.9877315, 37.5735701]], [[126.989053, 37.5741513], [126.9895645, 37.5742406]], [[126.9895645, 37.5742406], [126.989053, 37.5741513]], [[126.9900832, 37.5742987], [126.9895645, 37.5742406]], [[126.9895645, 37.5742406], [126.9900832, 37.5742987]], [[126.9895645, 37.5742406], [126.9895671, 37.5741374], [126.9895769, 37.5739667], [126.9895671, 37.5741374], [126.9895645, 37.5742406]], [[126.9907009, 37.5743876], [126.9900832, 37.5742987]], [[126.9900832, 37.5742987], [126.9907009, 37.5743876]], [[126.9907009, 37.5743876], [126.9909782, 37.5744485], [126.9907009, 37.5743876]]]}, "properties": {"name": "삼일대로30길", "touristy_local": 0.333, "historic_contemporary": -1, "raw_polished": -1, "n_blogs": 15, "quiet_lively": 0.551, "local_chain": 0.405, "park": -1.0, "park_v2": -0.365, "park_canopy": 0.022, "park_traverse": 0.0, "park_dest": 0.0, "park_tier": 0, "park_access": null}}, {"type": "Feature", "geometry": {"type": "MultiLineString", "coordinates": [[[126.9854691, 37.574308], [126.9853511, 37.5744915], [126.9854691, 37.574308]], [[126.9856022, 37.5741787], [126.9854691, 37.574308]], [[126.9854691, 37.574308], [126.9856022, 37.5741787]], [[126.9856022, 37.5741787], [126.9857912, 37.5742905]], [[126.9857912, 37.5742905], [126.9856022, 37.5741787]], [[126.9856022, 37.5741787], [126.9850373, 37.5738965], [126.9856022, 37.5741787]], [[126.9857912, 37.5742905], [126.9859441, 37.5743651], [126.9862945, 37.574443]], [[126.9862945, 37.574443], [126.9859441, 37.5743651], [126.9857912, 37.5742905]], [[126.9862945, 37.574443], [126.9867133, 37.5745353], [126.9870015, 37.5745982], [126.9867133, 37.5745353], [126.9862945, 37.574443]], [[126.9862945, 37.574443], [126.9860892, 37.5748369], [126.9864339, 37.5749293], [126.9864231, 37.5749703], [126.9867586, 37.5751097], [126.9864231, 37.5749703], [126.9864339, 37.5749293], [126.9860892, 37.5748369], [126.9862945, 37.574443]]]}, "properties": {"name": "인사동10길", "touristy_local": 0, "historic_contemporary": 0, "raw_polished": 0, "n_blogs": 15, "quiet_lively": 0.551, "local_chain": -0.697, "park": -1.0, "park_v2": -0.208, "park_canopy": 0.041, "park_traverse": 0.0, "park_dest": 0.0, "park_tier": 0, "park_access": null}}, {"type": "Feature", "geometry": {"type": "MultiLineString", "coordinates": [[[127.0082985, 37.5835998], [127.0082279, 37.5835935], [127.0081249, 37.5834801]], [[127.0081249, 37.5834801], [127.0082279, 37.5835935], [127.0082985, 37.5835998]], [[127.0081249, 37.5834801], [127.0080063, 37.5833828], [127.0081249, 37.5834801]], [[127.0084733, 37.5836721], [127.0082985, 37.5835998]], [[127.0082985, 37.5835998], [127.0084733, 37.5836721]], [[127.0084733, 37.5836721], [127.0085055, 37.5836707], [127.008524, 37.5836028], [127.0084655, 37.5833892], [127.0084005, 37.5834023], [127.0082985, 37.5835998]], [[127.0082985, 37.5835998], [127.0084005, 37.5834023], [127.0084655, 37.5833892], [127.008524, 37.5836028], [127.0085055, 37.5836707], [127.0084733, 37.5836721]], [[127.008861, 37.5841421], [127.0086941, 37.5839151], [127.008515, 37.5838644], [127.0084733, 37.5836721]], [[127.0084733, 37.5836721], [127.008515, 37.5838644], [127.0086941, 37.5839151], [127.008861, 37.5841421]], [[127.0085617, 37.5853014], [127.0085758, 37.5855906], [127.0086276, 37.5856887], [127.0089129, 37.5859119]], [[127.0089129, 37.5859119], [127.0086276, 37.5856887], [127.0085758, 37.5855906], [127.0085617, 37.5853014]], [[127.0086243, 37.5849585], [127.0085617, 37.5853014]], [[127.0085617, 37.5853014], [127.0086243, 37.5849585]], [[127.0086243, 37.5849585], [127.0086071, 37.5848137]], [[127.0086071, 37.5848137], [127.0086243, 37.5849585]], [[127.0086912, 37.5847217], [127.0086071, 37.5848137]], [[127.0086071, 37.5848137], [127.0086912, 37.5847217]], [[127.0086243, 37.5849585], [127.0084648, 37.5849448], [127.00844, 37.5850419], [127.0083702, 37.5850812], [127.0080587, 37.5851561], [127.0083702, 37.5850812], [127.00844, 37.5850419], [127.0084648, 37.5849448], [127.0086243, 37.5849585]], [[127.008861, 37.5841421], [127.0088563, 37.5843303], [127.0087732, 37.5845902], [127.0086912, 37.5847217]], [[127.0086912, 37.5847217], [127.0087732, 37.5845902], [127.0088563, 37.5843303], [127.008861, 37.5841421]], [[127.008861, 37.5841421], [127.0090084, 37.5840812], [127.008861, 37.5841421]], [[127.0090218, 37.5859846], [127.0089129, 37.5859119]], [[127.0089129, 37.5859119], [127.0090218, 37.5859846]], [[127.0090218, 37.5859846], [127.0093435, 37.5861932], [127.0098297, 37.5863387], [127.0093435, 37.5861932], [127.0090218, 37.5859846]]]}, "properties": {"name": "삼선교로10다길", "touristy_local": 1, "historic_contemporary": 0, "raw_polished": null, "n_blogs": 15, "quiet_lively": null, "local_chain": 0.115, "park": -0.926, "park_v2": 0.026, "park_canopy": 0.069, "park_traverse": 0.0, "park_dest": 0.0, "park_tier": 0, "park_access": null}}, {"type": "Feature", "geometry": {"type": "MultiLineString", "coordinates": [[[126.9876296, 37.5824491], [126.9879418, 37.5824759], [126.9879382, 37.5825411], [126.9881375, 37.5825536], [126.9879382, 37.5825411], [126.9879418, 37.5824759], [126.9876296, 37.5824491]], [[126.9876296, 37.5824491], [126.9875968, 37.5826063], [126.9876296, 37.5824491]], [[126.9876296, 37.5824491], [126.9876253, 37.5823885], [126.98757, 37.5823397], [126.9873497, 37.5822542], [126.9868465, 37.5822454], [126.9873497, 37.5822542], [126.98757, 37.5823397], [126.9876253, 37.5823885], [126.9876296, 37.5824491]]]}, "properties": {"name": "계동4길", "touristy_local": 0, "historic_contemporary": -0.333, "raw_polished": null, "n_blogs": 15, "quiet_lively": -0.221, "local_chain": -0.697, "park": -1.0, "park_v2": -0.925, "park_canopy": 0.0, "park_traverse": 0.0, "park_dest": 0.0, "park_tier": 0, "park_access": null}}, {"type": "Feature", "geometry": {"type": "MultiLineString", "coordinates": [[[126.9856541, 37.5712871], [126.985604, 37.5715729], [126.9855032, 37.5717183], [126.985604, 37.5715729], [126.9856541, 37.5712871]], [[126.9856811, 37.5707475], [126.9856541, 37.5712871]], [[126.9856541, 37.5712871], [126.9856811, 37.5707475]], [[126.9856895, 37.570538], [126.9856811, 37.5707475]], [[126.9856811, 37.5707475], [126.9856895, 37.570538]], [[126.9856895, 37.570538], [126.9856692, 37.570281], [126.9856895, 37.570538]]]}, "properties": {"name": "종로11길", "touristy_local": -0.6, "historic_contemporary": 0, "raw_polished": -1, "n_blogs": 15, "quiet_lively": 0.551, "local_chain": 0.082, "park": -1.0, "park_v2": 0.261, "park_canopy": 0.114, "park_traverse": 0.0, "park_dest": 0.0, "park_tier": 0, "park_access": null}}, {"type": "Feature", "geometry": {"type": "MultiLineString", "coordinates": [[[126.9797314, 37.5735588], [126.979514, 37.5739743], [126.9793783, 37.5742778], [126.979514, 37.5739743], [126.9797314, 37.5735588]], [[126.980159, 37.5724752], [126.9798444, 37.5734468], [126.9797314, 37.5735588]], [[126.9797314, 37.5735588], [126.9798444, 37.5734468], [126.980159, 37.5724752]], [[126.980159, 37.5724752], [126.9804699, 37.5718518]], [[126.9804699, 37.5718518], [126.980159, 37.5724752]], [[126.9804699, 37.5718518], [126.980591, 37.571889], [126.9805923, 37.5719358], [126.9806781, 37.5719698], [126.9805923, 37.5719358], [126.980591, 37.571889], [126.9804699, 37.5718518]], [[126.9805531, 37.5716959], [126.9804699, 37.5718518]], [[126.9804699, 37.5718518], [126.9805531, 37.5716959]], [[126.9805531, 37.5716959], [126.980986, 37.5718702], [126.9811265, 37.5720414]], [[126.9811265, 37.5720414], [126.980986, 37.5718702], [126.9805531, 37.5716959]], [[126.9806698, 37.5714973], [126.9805531, 37.5716959]], [[126.9805531, 37.5716959], [126.9806698, 37.5714973]], [[126.9806698, 37.5714973], [126.9808353, 37.5712251]], [[126.9808353, 37.5712251], [126.9806698, 37.5714973]], [[126.9809987, 37.570395], [126.9809955, 37.5708057], [126.9808353, 37.5712251]], [[126.9808353, 37.5712251], [126.9809955, 37.5708057], [126.9809987, 37.570395]], [[126.9809987, 37.570395], [126.9810009, 37.5703014], [126.9809987, 37.570395]], [[126.9811265, 37.5720414], [126.9812111, 37.5722281], [126.9811265, 37.5720414]], [[126.9801251, 37.5715116], [126.9802178, 37.57119], [126.9801251, 37.5715116]]]}, "properties": {"name": "종로5길", "touristy_local": -0.429, "historic_contemporary": 0.5, "raw_polished": 1, "n_blogs": 15, "quiet_lively": 0.734, "local_chain": -0.161, "park": -0.941, "park_v2": 0.046, "park_canopy": 0.078, "park_traverse": 0.0, "park_dest": 0.0, "park_tier": 0, "park_access": null}}, {"type": "Feature", "geometry": {"type": "MultiLineString", "coordinates": [[[126.9981807, 37.5846794], [126.9986685, 37.5848586], [126.9987346, 37.5848398]], [[126.9987346, 37.5848398], [126.9986685, 37.5848586], [126.9981807, 37.5846794]], [[126.9981807, 37.5846794], [126.9974598, 37.5844145], [126.9981807, 37.5846794]], [[126.9995308, 37.5848209], [126.9987346, 37.5848398]], [[126.9987346, 37.5848398], [126.9995308, 37.5848209]], [[126.9995308, 37.5848209], [127.0003351, 37.5847798], [127.0004444, 37.584751], [127.0003351, 37.5847798], [126.9995308, 37.5848209]]]}, "properties": {"name": "성균관로4길", "touristy_local": null, "historic_contemporary": -1, "raw_polished": null, "n_blogs": 15, "quiet_lively": -0.981, "local_chain": 0.707, "park": -1.0, "park_v2": -0.469, "park_canopy": 0.009, "park_traverse": 0.0, "park_dest": 0.0, "park_tier": 0, "park_access": null}}, {"type": "Feature", "geometry": {"type": "MultiLineString", "coordinates": [[[127.0014466, 37.5713676], [127.0015088, 37.5720422]], [[127.0015088, 37.5720422], [127.0014466, 37.5713676]], [[127.0014466, 37.5713676], [127.0015745, 37.571049], [127.0014466, 37.5713676]], [[127.0015088, 37.5720422], [127.0015608, 37.5723853], [127.0016803, 37.57265], [127.001874, 37.5728431], [127.0020208, 37.5729161], [127.001874, 37.5728431], [127.0016803, 37.57265], [127.0015608, 37.5723853], [127.0015088, 37.5720422]]]}, "properties": {"name": "종로33길", "touristy_local": 0.2, "historic_contemporary": 0, "raw_polished": 1, "n_blogs": 15, "quiet_lively": -0.023, "local_chain": 0.589, "park": -1.0, "park_v2": 0.13, "park_canopy": 0.094, "park_traverse": 0.0, "park_dest": 0.0, "park_tier": 0, "park_access": null}}, {"type": "Feature", "geometry": {"type": "MultiLineString", "coordinates": [[[126.9860375, 37.5739949], [126.986114, 37.5740219], [126.9861786, 37.573919], [126.986114, 37.5740219], [126.9860375, 37.5739949]], [[126.9860375, 37.5739949], [126.9857912, 37.5742905], [126.9860375, 37.5739949]], [[126.9860375, 37.5739949], [126.9856205, 37.5737092], [126.9854904, 37.5735932], [126.9856205, 37.5737092], [126.9860375, 37.5739949]]]}, "properties": {"name": "인사동8길", "touristy_local": -0.2, "historic_contemporary": -0.5, "raw_polished": -1, "n_blogs": 15, "quiet_lively": 0.551, "local_chain": -0.697, "park": -1.0, "park_v2": -0.84, "park_canopy": 0.0, "park_traverse": 0.0, "park_dest": 0.0, "park_tier": 0, "park_access": null}}, {"type": "Feature", "geometry": {"type": "LineString", "coordinates": [[126.9800485, 37.5689685], [126.9800883, 37.5689826], [126.9800924, 37.5690026], [126.9800883, 37.5689826], [126.9800485, 37.5689685]]}, "properties": {"name": "모전교 진출입계단 4번", "touristy_local": -1, "historic_contemporary": 0, "raw_polished": null, "n_blogs": 14, "quiet_lively": 0.346, "local_chain": null, "park": 0.0, "park_v2": 0.977, "park_canopy": 0.99, "park_traverse": 0.0, "park_dest": 0.0, "park_tier": 0, "park_access": null}}, {"type": "Feature", "geometry": {"type": "MultiLineString", "coordinates": [[[127.0003566, 37.5726977], [127.0002456, 37.5729437], [127.0001927, 37.5732134], [127.0002456, 37.5729437], [127.0003566, 37.5726977]], [[127.0003566, 37.5726977], [126.9999493, 37.5725128], [126.9999427, 37.5724613], [127.000018, 37.5723635], [126.9999427, 37.5724613], [126.9999493, 37.5725128], [127.0003566, 37.5726977]], [[126.9998365, 37.5724049], [126.9998989, 37.5723173], [126.9998365, 37.5724049]]]}, "properties": {"name": "종로31가길", "touristy_local": 0, "historic_contemporary": 0.333, "raw_polished": 0.5, "n_blogs": 15, "quiet_lively": -0.179, "local_chain": 0.812, "park": -1.0, "park_v2": -0.932, "park_canopy": 0.0, "park_traverse": 0.0, "park_dest": 0.0, "park_tier": 0, "park_access": null}}, {"type": "Feature", "geometry": {"type": "MultiLineString", "coordinates": [[[127.0027538, 37.5704278], [127.0021382, 37.5704034]], [[127.0021382, 37.5704034], [127.0027538, 37.5704278]], [[127.0021382, 37.5704034], [127.0019568, 37.5703796], [127.0021382, 37.5704034]], [[127.0027538, 37.5704278], [127.0034806, 37.5704342]], [[127.0034806, 37.5704342], [127.0027538, 37.5704278]], [[127.0039111, 37.5704353], [127.0034806, 37.5704342]], [[127.0034806, 37.5704342], [127.0039111, 37.5704353]], [[127.0039111, 37.5704353], [127.0043604, 37.5704576], [127.0050551, 37.5703864], [127.0043604, 37.5704576], [127.0039111, 37.5704353]]]}, "properties": {"name": "동호로38길", "touristy_local": 0.667, "historic_contemporary": 1, "raw_polished": null, "n_blogs": 15, "quiet_lively": 0.243, "local_chain": -0.234, "park": -1.0, "park_v2": -0.274, "park_canopy": 0.032, "park_traverse": 0.0, "park_dest": 0.0, "park_tier": 0, "park_access": null}}, {"type": "Feature", "geometry": {"type": "MultiLineString", "coordinates": [[[126.9985009, 37.5762374], [126.9987443, 37.5762813], [126.9988183, 37.5761494], [126.9991325, 37.5762251], [126.9991849, 37.5761275], [126.9992435, 37.5761201], [126.9993613, 37.5759065], [126.9992435, 37.5761201], [126.9991849, 37.5761275], [126.9991325, 37.5762251], [126.9988183, 37.5761494], [126.9987443, 37.5762813], [126.9985009, 37.5762374]], [[126.9985009, 37.5762374], [126.9984917, 37.5763326], [126.9979525, 37.5762618], [126.9975181, 37.5761617], [126.9972919, 37.5761711], [126.9975181, 37.5761617], [126.9979525, 37.5762618], [126.9984917, 37.5763326], [126.9985009, 37.5762374]], [[126.9985009, 37.5762374], [126.9985225, 37.5760127], [126.9981497, 37.5759541], [126.9979955, 37.5758843], [126.9981497, 37.5759541], [126.9985225, 37.5760127], [126.9985009, 37.5762374]]]}, "properties": {"name": "창경궁로22길", "touristy_local": 1, "historic_contemporary": 0, "raw_polished": null, "n_blogs": 15, "quiet_lively": -0.449, "local_chain": -0.697, "park": -1.0, "park_v2": -0.534, "park_canopy": 0.005, "park_traverse": 0.0, "park_dest": 0.0, "park_tier": 0, "park_access": null}}, {"type": "Feature", "geometry": {"type": "MultiLineString", "coordinates": [[[126.9827576, 37.5686771], [126.9827046, 37.5686034], [126.9826207, 37.5665062]], [[126.982752, 37.5666332], [126.982806, 37.5679808], [126.9828022, 37.5686218], [126.9827576, 37.5686771]], [[126.9827654, 37.5687357], [126.9827576, 37.5686771]], [[126.9827576, 37.5686771], [126.9827654, 37.5687357]], [[126.9827654, 37.5687357], [126.9827769, 37.5690066], [126.9827849, 37.5690741], [126.9827769, 37.5690066], [126.9827654, 37.5687357]]]}, "properties": {"name": "남대문로", "touristy_local": null, "historic_contemporary": -1, "raw_polished": null, "n_blogs": 15, "quiet_lively": 0.388, "local_chain": 0.49, "park": -0.695, "park_v2": 0.625, "park_canopy": 0.248, "park_traverse": 0.034, "park_dest": 0.0, "park_tier": 1, "park_access": "청계천공원"}}, {"type": "Feature", "geometry": {"type": "MultiLineString", "coordinates": [[[126.99678, 37.58608], [126.9968972, 37.5861038]], [[126.9968972, 37.5861038], [126.99678, 37.58608]], [[126.99678, 37.58608], [126.9968737, 37.5857788]], [[126.9968737, 37.5857788], [126.99678, 37.58608]], [[126.9968737, 37.5857788], [126.9969474, 37.5855486]], [[126.9969474, 37.5855486], [126.9968737, 37.5857788]], [[126.9968972, 37.5861038], [126.9969535, 37.586123], [126.9972499, 37.5862919], [126.9969535, 37.586123], [126.9968972, 37.5861038]], [[126.9969474, 37.5855486], [126.9970487, 37.5855842], [126.9972271, 37.5857276], [126.997152, 37.5858544], [126.9972271, 37.5857276], [126.9970487, 37.5855842], [126.9969474, 37.5855486]], [[126.9970479, 37.5853099], [126.9969474, 37.5855486]], [[126.9969474, 37.5855486], [126.9970479, 37.5853099]], [[126.9970479, 37.5853099], [126.9974806, 37.5855161], [126.9970479, 37.5853099]], [[126.9972147, 37.5849119], [126.9970479, 37.5853099]], [[126.9970479, 37.5853099], [126.9972147, 37.5849119]], [[126.9972147, 37.5849119], [126.9973467, 37.5846557]], [[126.9973467, 37.5846557], [126.9972147, 37.5849119]], [[126.997402, 37.5845277], [126.9973467, 37.5846557]], [[126.9973467, 37.5846557], [126.997402, 37.5845277]], [[126.9974598, 37.5844145], [126.997402, 37.5845277]], [[126.997402, 37.5845277], [126.9974598, 37.5844145]], [[126.9974598, 37.5844145], [126.9976497, 37.5841426]], [[126.9976497, 37.5841426], [126.9974598, 37.5844145]], [[126.9976497, 37.5841426], [126.9974091, 37.5840217], [126.9976497, 37.5841426]], [[126.9978792, 37.583944], [126.9977764, 37.5840001], [126.9976497, 37.5841426]], [[126.9976497, 37.5841426], [126.9977764, 37.5840001], [126.9978792, 37.583944]], [[126.9978792, 37.583944], [126.9978972, 37.5839857], [126.9982111, 37.5841799]], [[126.9982111, 37.5841799], [126.9978972, 37.5839857], [126.9978792, 37.583944]], [[126.9978792, 37.583944], [126.9983229, 37.583477]], [[126.9983229, 37.583477], [126.9978792, 37.583944]], [[126.9982111, 37.5841799], [126.9983674, 37.5842766], [126.9984017, 37.5843143], [126.9983674, 37.5842766], [126.9982111, 37.5841799]], [[126.9983229, 37.583477], [126.998741, 37.5830629]], [[126.998741, 37.5830629], [126.9983229, 37.583477]], [[126.998741, 37.5830629], [126.998841, 37.5829862], [126.998741, 37.5830629]]]}, "properties": {"name": "성균관로", "touristy_local": 1, "historic_contemporary": -0.2, "raw_polished": 0, "n_blogs": 15, "quiet_lively": -0.707, "local_chain": 0.865, "park": -1.0, "park_v2": 0.0, "park_canopy": 0.068, "park_traverse": 0.0, "park_dest": 0.0, "park_tier": 0, "park_access": null}}, {"type": "Feature", "geometry": {"type": "MultiLineString", "coordinates": [[[126.9885129, 37.5694664], [126.9883056, 37.5696533], [126.9885129, 37.5694664]], [[126.9885129, 37.5694664], [126.9886689, 37.569311], [126.9885129, 37.5694664]]]}, "properties": {"name": "삼일대로20길", "touristy_local": 0, "historic_contemporary": -0.333, "raw_polished": 1, "n_blogs": 15, "quiet_lively": 0.551, "local_chain": 0.681, "park": -1.0, "park_v2": -0.938, "park_canopy": 0.0, "park_traverse": 0.0, "park_dest": 0.0, "park_tier": 0, "park_access": null}}, {"type": "Feature", "geometry": {"type": "MultiLineString", "coordinates": [[[126.9948868, 37.5700761], [126.9948305, 37.570449], [126.9948243, 37.5704905], [126.9948305, 37.570449], [126.9948868, 37.5700761]], [[126.9948868, 37.5700761], [126.9949404, 37.5697687]], [[126.9949404, 37.5697687], [126.9948868, 37.5700761]], [[126.9949404, 37.5697687], [126.9945768, 37.5697828], [126.9945933, 37.5692787], [126.9945768, 37.5697828], [126.9949404, 37.5697687]], [[126.9950276, 37.5692514], [126.9949404, 37.5697687]], [[126.9949404, 37.5697687], [126.9950276, 37.5692514]], [[126.9950276, 37.5692514], [126.9950818, 37.5687294], [126.9950276, 37.5692514]]]}, "properties": {"name": "종로26길", "touristy_local": 0.333, "historic_contemporary": -1, "raw_polished": null, "n_blogs": 15, "quiet_lively": 0.878, "local_chain": -0.062, "park": -0.349, "park_v2": 0.788, "park_canopy": 0.464, "park_traverse": 0.0, "park_dest": 0.0, "park_tier": 0, "park_access": null}}, {"type": "Feature", "geometry": {"type": "MultiLineString", "coordinates": [[[127.0074952, 37.5760754], [127.0075469, 37.5762045], [127.0075952, 37.5762343], [127.0075899, 37.5763044], [127.0075147, 37.5763363], [127.0072492, 37.5763959], [127.0072543, 37.5764969], [127.0072492, 37.5763959], [127.0075899, 37.5763044], [127.0075952, 37.5762343], [127.0075469, 37.5762045], [127.0074952, 37.5760754]], [[127.0075453, 37.5757893], [127.0075991, 37.576039], [127.0074952, 37.5760754]], [[127.0074952, 37.5760754], [127.0075991, 37.576039], [127.0075453, 37.5757893]], [[127.0075453, 37.5757893], [127.0075382, 37.5757558], [127.007543, 37.5756316], [127.0075382, 37.5757558], [127.0075453, 37.5757893]]]}, "properties": {"name": "충신4가길", "touristy_local": 1, "historic_contemporary": 0, "raw_polished": null, "n_blogs": 14, "quiet_lively": 0.122, "local_chain": -0.697, "park": -1.0, "park_v2": -0.221, "park_canopy": 0.04, "park_traverse": 0.0, "park_dest": 0.0, "park_tier": 0, "park_access": null}}, {"type": "Feature", "geometry": {"type": "MultiLineString", "coordinates": [[[127.0012221, 37.5832472], [127.0012722, 37.5832593], [127.0012768, 37.5832963], [127.0014748, 37.5833288], [127.001721, 37.5832942]], [[127.001721, 37.5832942], [127.0014748, 37.5833288], [127.0012768, 37.5832963], [127.0012722, 37.5832593], [127.0012221, 37.5832472]], [[127.0012221, 37.5832472], [127.0008733, 37.5832345], [127.0012221, 37.5832472]], [[127.0012312, 37.5852806], [127.001303, 37.5851947], [127.0013935, 37.5851572]], [[127.0013935, 37.5851572], [127.0014365, 37.5853544]], [[127.0013935, 37.5851572], [127.001398, 37.5851349]], [[127.001398, 37.5851349], [127.0013935, 37.5851572]], [[127.0014115, 37.5850279], [127.001398, 37.5851349]], [[127.001398, 37.5851349], [127.0014115, 37.5850279]], [[127.0014115, 37.5850279], [127.0015782, 37.5838345]], [[127.0015782, 37.5838345], [127.0014115, 37.5850279]], [[127.0016014, 37.5837502], [127.0015782, 37.5838345]], [[127.0015782, 37.5838345], [127.0016014, 37.5837502]], [[127.0016014, 37.5837502], [127.001721, 37.5832942]], [[127.001721, 37.5832942], [127.0016014, 37.5837502]], [[127.001775, 37.5831035], [127.001721, 37.5832942]], [[127.001721, 37.5832942], [127.001775, 37.5831035]], [[127.0019201, 37.5824838], [127.001775, 37.5831035]], [[127.001775, 37.5831035], [127.0019201, 37.5824838]], [[127.0019201, 37.5824838], [127.0016391, 37.5825295], [127.0007496, 37.5825281], [127.0016391, 37.5825295], [127.0019201, 37.5824838]], [[127.0019201, 37.5824838], [127.0019366, 37.582341]], [[127.0019366, 37.582341], [127.0019201, 37.5824838]], [[127.0019366, 37.582341], [127.0019838, 37.5817549]], [[127.0019838, 37.5817549], [127.0019366, 37.582341]], [[127.0019537, 37.5710814], [127.0019592, 37.5714422]], [[127.0019592, 37.5714422], [127.0019537, 37.5710814]], [[127.0019537, 37.5710814], [127.0019438, 37.5709893], [127.0019428, 37.5709191], [127.0019438, 37.5709893], [127.0019537, 37.5710814]], [[127.0019592, 37.5714422], [127.0020208, 37.5729161]], [[127.0020208, 37.5729161], [127.0019592, 37.5714422]], [[127.0020746, 37.5809498], [127.0019838, 37.5817549]], [[127.0019838, 37.5817549], [127.0020746, 37.5809498]], [[127.0020377, 37.5733186], [127.0020208, 37.5729161]], [[127.0020208, 37.5729161], [127.0020377, 37.5733186]], [[127.0020377, 37.5733186], [127.0020522, 37.5736536]], [[127.0020522, 37.5736536], [127.0020377, 37.5733186]], [[127.0020522, 37.5736536], [127.002064, 37.5738865]], [[127.002064, 37.5738865], [127.0020522, 37.5736536]], [[127.002064, 37.5738865], [127.0024295, 37.5739273], [127.0024691, 37.5743293], [127.0024519, 37.5743938]], [[127.0024519, 37.5743938], [127.0024691, 37.5743293], [127.0024295, 37.5739273], [127.002064, 37.5738865]], [[127.0020808, 37.574314], [127.002064, 37.5738865]], [[127.002064, 37.5738865], [127.0020808, 37.574314]], [[127.0020746, 37.5809498], [127.0021277, 37.5800225]], [[127.0021277, 37.5800225], [127.0020746, 37.5809498]], [[127.0020808, 37.574314], [127.0022148, 37.5743174], [127.0024519, 37.5743938]], [[127.0024519, 37.5743938], [127.0022148, 37.5743174], [127.0020808, 37.574314]], [[127.0020808, 37.574314], [127.002101, 37.5747789]], [[127.002101, 37.5747789], [127.0020808, 37.574314]], [[127.0020808, 37.574314], [127.001654, 37.5743067], [127.0011723, 37.5745453], [127.001654, 37.5743067], [127.0020808, 37.574314]], [[127.0021168, 37.5751435], [127.002101, 37.5747789]], [[127.002101, 37.5747789], [127.0021168, 37.5751435]], [[127.0024519, 37.5743938], [127.0023582, 37.5746761], [127.002101, 37.5747789]], [[127.002101, 37.5747789], [127.0023582, 37.5746761], [127.0024519, 37.5743938]], [[127.0021526, 37.5761203], [127.0021168, 37.5751435]], [[127.0021168, 37.5751435], [127.0021526, 37.5761203]], [[127.0021446, 37.5797252], [127.0021277, 37.5800225]], [[127.0021277, 37.5800225], [127.0021446, 37.5797252]], [[127.0021446, 37.5797252], [127.0021506, 37.5795998]], [[127.0021506, 37.5795998], [127.0021446, 37.5797252]], [[127.0021804, 37.5789028], [127.0021506, 37.5795998]], [[127.0021506, 37.5795998], [127.0021804, 37.5789028]], [[127.0021526, 37.5761203], [127.0021925, 37.5767555]], [[127.0021925, 37.5767555], [127.0021526, 37.5761203]], [[127.0021804, 37.5789028], [127.0021935, 37.5785971]], [[127.0021935, 37.5785971], [127.0021804, 37.5789028]], [[127.0021944, 37.5775111], [127.0021925, 37.5767555]], [[127.0021925, 37.5767555], [127.0021944, 37.5775111]], [[127.0022068, 37.5782864], [127.0021935, 37.5785971]], [[127.0021935, 37.5785971], [127.0022068, 37.5782864]], [[127.0021944, 37.5775111], [127.0022068, 37.5782864]], [[127.0022068, 37.5782864], [127.0021944, 37.5775111]], [[127.0024519, 37.5743938], [127.0026551, 37.5744593], [127.0032728, 37.5745458], [127.0026551, 37.5744593], [127.0024519, 37.5743938]]]}, "properties": {"name": "대학로", "touristy_local": -0.5, "historic_contemporary": 1, "raw_polished": 0, "n_blogs": 15, "quiet_lively": -0.494, "local_chain": 0.747, "park": -0.907, "park_v2": -0.098, "park_canopy": 0.055, "park_traverse": 0.0, "park_dest": 0.0, "park_tier": 0, "park_access": null}}, {"type": "Feature", "geometry": {"type": "MultiLineString", "coordinates": [[[126.9903343, 37.5723023], [126.9901043, 37.5722272]], [[126.9901043, 37.5722272], [126.9903343, 37.5723023]], [[126.9901043, 37.5722272], [126.989308, 37.5720962], [126.9889969, 37.5719998], [126.989308, 37.5720962], [126.9901043, 37.5722272]], [[126.9901043, 37.5722272], [126.9902541, 37.5720603]], [[126.9902541, 37.5720603], [126.9901043, 37.5722272]], [[126.9902541, 37.5720603], [126.9902848, 37.5719382], [126.9902541, 37.5720603]], [[126.9903343, 37.5723023], [126.990409, 37.5723972], [126.9903851, 37.5725629], [126.990409, 37.5723972], [126.9903343, 37.5723023]]]}, "properties": {"name": "수표로26길", "touristy_local": -0.333, "historic_contemporary": 1, "raw_polished": -1, "n_blogs": 15, "quiet_lively": null, "local_chain": 0.174, "park": -1.0, "park_v2": -0.397, "park_canopy": 0.016, "park_traverse": 0.0, "park_dest": 0.0, "park_tier": 0, "park_access": null}}, {"type": "Feature", "geometry": {"type": "MultiLineString", "coordinates": [[[126.9876993, 37.5798762], [126.9876803, 37.5799401], [126.9873482, 37.5799237]], [[126.9873482, 37.5799237], [126.9876803, 37.5799401], [126.9876993, 37.5798762]], [[126.9873482, 37.5799237], [126.9867159, 37.5798926], [126.9873482, 37.5799237]], [[126.9876942, 37.5796267], [126.9876993, 37.5798762]], [[126.9876993, 37.5798762], [126.9876942, 37.5796267]], [[126.9876942, 37.5796267], [126.987687, 37.5793358], [126.9876942, 37.5796267]], [[126.9876993, 37.5798762], [126.9879828, 37.5798735], [126.9879505, 37.5801471], [126.9881679, 37.5801552], [126.9879505, 37.5801471], [126.9879828, 37.5798735], [126.9876993, 37.5798762]]]}, "properties": {"name": "계동2길", "touristy_local": -0.333, "historic_contemporary": 0, "raw_polished": 1, "n_blogs": 15, "quiet_lively": -0.354, "local_chain": -0.141, "park": -1.0, "park_v2": -0.358, "park_canopy": 0.023, "park_traverse": 0.0, "park_dest": 0.0, "park_tier": 0, "park_access": null}}, {"type": "Feature", "geometry": {"type": "LineString", "coordinates": [[126.9802626, 37.5810095], [126.9802796, 37.5822704], [126.9802272, 37.5825595], [126.9800113, 37.5829464], [126.9797946, 37.5831791], [126.9794635, 37.5834416], [126.9795192, 37.5833265], [126.9799434, 37.5828849], [126.9800333, 37.5827541], [126.9801553, 37.5824427], [126.9801835, 37.5822599], [126.980157, 37.5812514]]}, "properties": {"name": "청와대로", "touristy_local": -1, "historic_contemporary": null, "raw_polished": -1, "n_blogs": 15, "quiet_lively": -0.106, "local_chain": -0.697, "park": 1.0, "park_v2": 0.73, "park_canopy": 0.331, "park_traverse": 0.0, "park_dest": 0.0, "park_tier": 0, "park_access": null}}, {"type": "Feature", "geometry": {"type": "LineString", "coordinates": [[126.9845361, 37.5686523], [126.9845561, 37.568767], [126.9845361, 37.5686523]]}, "properties": {"name": "장통교 진출입 계단 5번", "touristy_local": -0.667, "historic_contemporary": 1, "raw_polished": null, "n_blogs": 15, "quiet_lively": 0.551, "local_chain": -0.016, "park": 0.0, "park_v2": 0.964, "park_canopy": 0.974, "park_traverse": 0.0, "park_dest": 0.0, "park_tier": 0, "park_access": null}}, {"type": "Feature", "geometry": {"type": "MultiLineString", "coordinates": [[[126.9914156, 37.5757505], [126.9914186, 37.5759779], [126.9916092, 37.576557], [126.9917878, 37.5769046], [126.9918593, 37.5772232]], [[126.9918593, 37.5772232], [126.9917878, 37.5769046], [126.9916092, 37.576557], [126.9914186, 37.5759779], [126.9914156, 37.5757505]], [[126.9914156, 37.5757505], [126.9910556, 37.5757137], [126.9914156, 37.5757505]], [[126.9914156, 37.5757505], [126.9915725, 37.5752585], [126.9919571, 37.5745818], [126.9922077, 37.5742903]], [[126.9922077, 37.5742903], [126.9919571, 37.5745818], [126.9915725, 37.5752585], [126.9914156, 37.5757505]], [[126.9918733, 37.577473], [126.9918593, 37.5772232]], [[126.9918593, 37.5772232], [126.9918733, 37.577473]], [[126.9918593, 37.5772232], [126.9916115, 37.5773384], [126.9918593, 37.5772232]], [[126.9918733, 37.577473], [126.9918575, 37.5775195], [126.9918733, 37.577473]], [[126.9922077, 37.5742903], [126.9915667, 37.574215], [126.9922077, 37.5742903]], [[126.9922077, 37.5742903], [126.992434, 37.574027], [126.9925738, 37.5737676]], [[126.9925738, 37.5737676], [126.992434, 37.574027], [126.9922077, 37.5742903]], [[126.9933421, 37.5726227], [126.9927417, 37.5734661], [126.9925738, 37.5737676]], [[126.9925738, 37.5737676], [126.9927417, 37.5734661], [126.9933421, 37.5726227]], [[126.9935033, 37.5722977], [126.9931938, 37.5719398]], [[126.9931938, 37.5719398], [126.9935033, 37.5722977]], [[126.9931938, 37.5719398], [126.9931084, 37.5718644], [126.9931938, 37.5719398]], [[126.9931938, 37.5719398], [126.9936477, 37.5716986], [126.9936987, 37.571616]], [[126.9936987, 37.571616], [126.9936477, 37.5716986], [126.9931938, 37.5719398]], [[126.9933421, 37.5726227], [126.9935033, 37.5722977]], [[126.9935033, 37.5722977], [126.9933421, 37.5726227]], [[126.9937766, 37.5720769], [126.9935666, 37.5722171], [126.9935033, 37.5722977]], [[126.9935033, 37.5722977], [126.9935666, 37.5722171], [126.9937766, 37.5720769]], [[126.9937631, 37.5715117], [126.9936987, 37.571616]], [[126.9936987, 37.571616], [126.9937631, 37.5715117]], [[126.9937629, 37.5706747], [126.9937639, 37.5708327]], [[126.9937639, 37.5708327], [126.9937629, 37.5706747]], [[126.9937629, 37.5706747], [126.9937679, 37.5705833], [126.9937629, 37.5706747]], [[126.9937629, 37.570887], [126.9937631, 37.57148]], [[126.9937631, 37.57148], [126.9937629, 37.570887]], [[126.9937629, 37.570887], [126.993764, 37.5708489]], [[126.993764, 37.5708489], [126.9937629, 37.570887]], [[126.9937631, 37.5715117], [126.9937631, 37.57148]], [[126.9937631, 37.57148], [126.9937631, 37.5715117]], [[126.9937766, 37.5720769], [126.9937631, 37.5715117]], [[126.9937631, 37.5715117], [126.9937766, 37.5720769]], [[126.993764, 37.5708489], [126.9937639, 37.5708327]], [[126.9937639, 37.5708327], [126.993764, 37.5708489]]]}, "properties": {"name": "서순라길", "touristy_local": 0.2, "historic_contemporary": 0.333, "raw_polished": -1, "n_blogs": 15, "quiet_lively": 0.878, "local_chain": -0.122, "park": -0.266, "park_v2": 0.84, "park_canopy": 0.574, "park_traverse": 0.0, "park_dest": 0.0, "park_tier": 0, "park_access": null}}, {"type": "Feature", "geometry": {"type": "MultiLineString", "coordinates": [[[127.0075014, 37.5752293], [127.0074852, 37.5752783], [127.0075078, 37.5754788]], [[127.0075078, 37.5754788], [127.0075014, 37.5752293]], [[127.0075014, 37.5752293], [127.0073695, 37.5751669], [127.0075014, 37.5752293]], [[127.007543, 37.5756316], [127.0075078, 37.5754788]], [[127.0075078, 37.5754788], [127.007543, 37.5756316]], [[127.007543, 37.5756316], [127.0076625, 37.5756529]], [[127.0076625, 37.5756529], [127.007543, 37.5756316]], [[127.0076625, 37.5756529], [127.0076846, 37.5757877]], [[127.0076846, 37.5757877], [127.0076625, 37.5756529]], [[127.0076846, 37.5757877], [127.007922, 37.5757972]], [[127.007922, 37.5757972], [127.0076846, 37.5757877]], [[127.0076846, 37.5757877], [127.0076777, 37.5758849], [127.007757, 37.576025], [127.0076613, 37.5764511], [127.007757, 37.576025], [127.0076777, 37.5758849], [127.0076846, 37.5757877]], [[127.0079765, 37.5757366], [127.007922, 37.5757972]], [[127.007922, 37.5757972], [127.0079765, 37.5757366]], [[127.0082747, 37.5754564], [127.0080809, 37.5755799], [127.0079765, 37.5757366]], [[127.0079765, 37.5757366], [127.0080809, 37.5755799], [127.0082747, 37.5754564]], [[127.0081048, 37.5761096], [127.0080898, 37.576158], [127.0081229, 37.5761892], [127.0081479, 37.5763164], [127.0081229, 37.5761892], [127.0080898, 37.576158], [127.0081048, 37.5761096]], [[127.0081125, 37.5758059], [127.0081323, 37.5760443], [127.0081048, 37.5761096]], [[127.0081048, 37.5761096], [127.0081323, 37.5760443], [127.0081125, 37.5758059]], [[127.0081085, 37.5757581], [127.0081125, 37.5758059]], [[127.0081125, 37.5758059], [127.0081085, 37.5757581]], [[127.0081085, 37.5757581], [127.0082385, 37.5755534], [127.0082867, 37.5754993], [127.0082385, 37.5755534], [127.0081085, 37.5757581]], [[127.0082747, 37.5754564], [127.0084021, 37.5754029], [127.0085305, 37.5753745], [127.0084021, 37.5754029], [127.0082747, 37.5754564]]]}, "properties": {"name": "충신4길", "touristy_local": 0.5, "historic_contemporary": -1, "raw_polished": 0, "n_blogs": 15, "quiet_lively": -0.011, "local_chain": -0.697, "park": -0.934, "park_v2": 0.58, "park_canopy": 0.245, "park_traverse": 0.0, "park_dest": 0.0, "park_tier": 0, "park_access": null}}, {"type": "Feature", "geometry": {"type": "MultiLineString", "coordinates": [[[126.989904, 37.5770195], [126.9901114, 37.5770623], [126.9901682, 37.5770949], [126.9901114, 37.5770623], [126.989904, 37.5770195]], [[126.989904, 37.5770195], [126.9897692, 37.5770248], [126.9893293, 37.5771444], [126.9897692, 37.5770248], [126.989904, 37.5770195]], [[126.990116, 37.5762871], [126.989904, 37.5770195]], [[126.989904, 37.5770195], [126.990116, 37.5762871]], [[126.990116, 37.5762871], [126.9899221, 37.5762454], [126.990116, 37.5762871]], [[126.990116, 37.5762871], [126.9901778, 37.5760525]], [[126.9901778, 37.5760525], [126.990116, 37.5762871]], [[126.9901778, 37.5760525], [126.9899017, 37.5759933], [126.9896401, 37.5759353], [126.9899017, 37.5759933], [126.9901778, 37.5760525]], [[126.9903175, 37.5756019], [126.9901778, 37.5760525]], [[126.9901778, 37.5760525], [126.9903175, 37.5756019]], [[126.9903175, 37.5756019], [126.9905414, 37.5748597]], [[126.9905414, 37.5748597], [126.9903175, 37.5756019]], [[126.9907009, 37.5743876], [126.9905414, 37.5748597]], [[126.9905414, 37.5748597], [126.9907009, 37.5743876]], [[126.9907009, 37.5743876], [126.9908779, 37.5738031]], [[126.9908779, 37.5738031], [126.9907009, 37.5743876]], [[126.9909963, 37.5734348], [126.9908779, 37.5738031]], [[126.9908779, 37.5738031], [126.9909963, 37.5734348]], [[126.9909963, 37.5734348], [126.9911345, 37.5729047]], [[126.9911345, 37.5729047], [126.9909963, 37.5734348]], [[126.9911345, 37.5729047], [126.9912197, 37.5726408], [126.9912389, 37.5725595], [126.9912197, 37.5726408], [126.9911345, 37.5729047]]]}, "properties": {"name": "돈화문로11가길", "touristy_local": 0, "historic_contemporary": 0, "raw_polished": -1, "n_blogs": 15, "quiet_lively": -0.449, "local_chain": 0.339, "park": -0.841, "park_v2": 0.195, "park_canopy": 0.102, "park_traverse": 0.0, "park_dest": 0.0, "park_tier": 0, "park_access": null}}, {"type": "Feature", "geometry": {"type": "MultiLineString", "coordinates": [[[126.9972323, 37.5768442], [126.9971976, 37.5773742], [126.9968504, 37.5785769], [126.9965619, 37.5806146], [126.9966077, 37.5809278], [126.9966976, 37.5810957], [126.9978926, 37.5821804]], [[126.9984629, 37.5828157], [126.9966732, 37.5812916], [126.9964989, 37.5810578], [126.9964372, 37.5809079], [126.9964084, 37.5807058], [126.99642, 37.58049], [126.9966364, 37.5788716], [126.9970965, 37.577214], [126.9972323, 37.5768442]], [[126.9972323, 37.5768442], [126.9972919, 37.5761711]], [[126.9972919, 37.5761711], [126.9972323, 37.5768442]], [[126.9972919, 37.5761711], [126.997294, 37.576152]], [[126.997294, 37.576152], [126.9972919, 37.5761711]], [[126.9973226, 37.5758958], [126.997294, 37.576152]], [[126.997294, 37.576152], [126.9973226, 37.5758958]], [[126.9973226, 37.5758958], [126.9973984, 37.5751315]], [[126.9973984, 37.5751315], [126.9973226, 37.5758958]], [[126.9974063, 37.5750635], [126.9973984, 37.5751315]], [[126.9973984, 37.5751315], [126.9974063, 37.5750635]], [[126.9974549, 37.5746478], [126.9974063, 37.5750635]], [[126.9974063, 37.5750635], [126.9974549, 37.5746478]], [[126.9974954, 37.5743097], [126.9974549, 37.5746478]], [[126.9974549, 37.5746478], [126.9974954, 37.5743097]], [[126.9974954, 37.5743097], [126.9979065, 37.5743343], [126.9979442, 37.5743], [126.9979961, 37.5740416], [126.9979442, 37.5743], [126.9979065, 37.5743343], [126.9974954, 37.5743097]], [[126.9975371, 37.573944], [126.9974954, 37.5743097]], [[126.9974954, 37.5743097], [126.9975371, 37.573944]], [[126.9975371, 37.573944], [126.9975761, 37.5735108]], [[126.9975761, 37.5735108], [126.9975371, 37.573944]], [[126.9975895, 37.5733619], [126.9975761, 37.5735108]], [[126.9975761, 37.5735108], [126.9975895, 37.5733619]], [[126.9975895, 37.5733619], [126.9976043, 37.5731952]], [[126.9976043, 37.5731952], [126.9975895, 37.5733619]], [[126.9976453, 37.5727317], [126.9976043, 37.5731952]], [[126.9976043, 37.5731952], [126.9976453, 37.5727317]], [[126.9976453, 37.5727317], [126.9985723, 37.5727536], [126.9988572, 37.5728767], [126.9985723, 37.5727536], [126.9976453, 37.5727317]], [[126.9976606, 37.5725586], [126.9976453, 37.5727317]], [[126.9976453, 37.5727317], [126.9976606, 37.5725586]], [[126.9976762, 37.5723824], [126.9976606, 37.5725586]], [[126.9976606, 37.5725586], [126.9976762, 37.5723824]], [[126.9976762, 37.5723824], [126.9978801, 37.5723885]], [[126.9978801, 37.5723885], [126.9976762, 37.5723824]], [[126.9976762, 37.5723824], [126.9976998, 37.5718256]], [[126.9976998, 37.5718256], [126.9976762, 37.5723824]], [[126.9977064, 37.5716581], [126.9976998, 37.5718256]], [[126.9976998, 37.5718256], [126.9977064, 37.5716581]], [[126.9977636, 37.5713474], [126.9977064, 37.5716581]], [[126.9977064, 37.5716581], [126.9977636, 37.5713474]], [[126.9977636, 37.5713474], [126.9977948, 37.5709654]], [[126.9977948, 37.5709654], [126.9977636, 37.5713474]], [[126.9978127, 37.5708274], [126.9977948, 37.5709654]], [[126.9977948, 37.5709654], [126.9978127, 37.5708274]], [[126.9978127, 37.5708274], [126.9979029, 37.569699], [126.9979243, 37.5689866]], [[126.9978801, 37.5723885], [126.9992413, 37.5724289], [126.9978801, 37.5723885]], [[126.9978926, 37.5821804], [126.9995686, 37.5836378]], [[126.9988047, 37.5824397], [126.9981649, 37.5820558], [126.9980715, 37.5820529], [126.9978926, 37.5821804]], [[126.9978926, 37.5821804], [126.9980715, 37.5820529], [126.9981649, 37.5820558], [126.9988047, 37.5824397]], [[126.9979425, 37.5687042], [126.9979624, 37.5684632]], [[126.9979624, 37.5684632], [126.9974163, 37.5683943], [126.997155, 37.5683165], [126.9970076, 37.5682332], [126.997155, 37.5683165], [126.9974163, 37.5683943], [126.9979624, 37.5684632]], [[126.9979624, 37.5684632], [126.9979989, 37.5680211]], [[126.9979989, 37.5680211], [126.9981385, 37.5680248]], [[126.9981385, 37.5680248], [126.9979989, 37.5680211]], [[126.9979989, 37.5680211], [126.9981186, 37.5665733]], [[126.9985798, 37.5680367], [126.9981385, 37.5680248]], [[126.9981385, 37.5680248], [126.9985798, 37.5680367]], [[126.9998774, 37.5841104], [126.9984629, 37.5828157]], [[126.9984629, 37.5828157], [126.9983004, 37.582937], [126.9983266, 37.5829592], [126.99825, 37.5830495], [126.9983089, 37.5830914], [126.99825, 37.5830495], [126.9983266, 37.5829592], [126.9983004, 37.582937], [126.9984629, 37.5828157]], [[126.9985798, 37.5680367], [126.9990747, 37.5680494], [126.9985798, 37.5680367]], [[126.9988047, 37.5824397], [126.9990017, 37.5825532], [126.9990263, 37.5826303], [126.9988878, 37.5828257], [126.9990263, 37.5826303], [126.9990017, 37.5825532], [126.9988047, 37.5824397]], [[126.9988047, 37.5824397], [126.9990239, 37.5821933], [126.9988047, 37.5824397]], [[126.9995686, 37.5836378], [127.0001686, 37.5841961]], [[126.9995686, 37.5836378], [126.9997869, 37.5833685], [126.9998973, 37.5832019], [126.9997869, 37.5833685], [126.9995686, 37.5836378]], [[127.0014245, 37.5859154], [127.000093, 37.5843248], [126.9998774, 37.5841104]], [[126.9998774, 37.5841104], [126.9997244, 37.5844269], [126.9995308, 37.5848209], [126.9997244, 37.5844269], [126.9998774, 37.5841104]], [[127.0001686, 37.5841961], [127.0006321, 37.5847487]], [[127.0003319, 37.5840965], [127.0001686, 37.5841961]], [[127.0001686, 37.5841961], [127.0003319, 37.5840965]], [[127.0003319, 37.5840965], [127.0004567, 37.5838118]], [[127.0004567, 37.5838118], [127.0003319, 37.5840965]], [[127.0004567, 37.5838118], [127.0006055, 37.5834396], [127.0004567, 37.5838118]], [[127.0006321, 37.5847487], [127.0010722, 37.5852959], [127.0015849, 37.5858321]], [[127.0006321, 37.5847487], [127.0008555, 37.5845436], [127.0010043, 37.5844955], [127.0010667, 37.5844156], [127.0010043, 37.5844955], [127.0008555, 37.5845436], [127.0006321, 37.5847487]]]}, "properties": {"name": "창경궁로", "touristy_local": 0, "historic_contemporary": 0.2, "raw_polished": 1, "n_blogs": 15, "quiet_lively": 0.175, "local_chain": 0.562, "park": -0.757, "park_v2": 0.091, "park_canopy": 0.085, "park_traverse": 0.0, "park_dest": 0.0, "park_tier": 0, "park_access": null}}, {"type": "Feature", "geometry": {"type": "MultiLineString", "coordinates": [[[126.9913248, 37.572378], [126.9912389, 37.5725595], [126.9913248, 37.572378]], [[126.9914177, 37.5719506], [126.9913248, 37.572378]], [[126.9913248, 37.572378], [126.9914177, 37.5719506]], [[126.99166, 37.5712198], [126.9914177, 37.5719506]], [[126.9914177, 37.5719506], [126.99166, 37.5712198]], [[126.99166, 37.5712198], [126.9916541, 37.5709736], [126.9917646, 37.5707877], [126.9916541, 37.5709736], [126.99166, 37.5712198]]]}, "properties": {"name": "돈화문로5가길", "touristy_local": -1, "historic_contemporary": -1, "raw_polished": -1, "n_blogs": 15, "quiet_lively": 0.878, "local_chain": 0.641, "park": -1.0, "park_v2": -0.977, "park_canopy": 0.0, "park_traverse": 0.0, "park_dest": 0.0, "park_tier": 0, "park_access": null}}, {"type": "Feature", "geometry": {"type": "MultiLineString", "coordinates": [[[126.9855032, 37.5717183], [126.9856923, 37.5717898]], [[126.9856923, 37.5717898], [126.9855032, 37.5717183]], [[126.9855032, 37.5717183], [126.9847393, 37.5716023], [126.9846255, 37.5715708], [126.9847393, 37.5716023], [126.9855032, 37.5717183]], [[126.9858475, 37.571738], [126.9857648, 37.5718254], [126.9856923, 37.5717898]], [[126.9856923, 37.5717898], [126.9857648, 37.5718254], [126.9858475, 37.571738]], [[126.9858475, 37.571738], [126.9868246, 37.5720595], [126.9858475, 37.571738]], [[126.9858475, 37.571738], [126.985869, 37.5716902], [126.9857362, 37.5716557], [126.985855, 37.5713446], [126.9856541, 37.5712871], [126.985855, 37.5713446], [126.9857362, 37.5716557], [126.985869, 37.5716902], [126.9858475, 37.571738]]]}, "properties": {"name": "인사동3길", "touristy_local": -0.429, "historic_contemporary": -0.5, "raw_polished": 0, "n_blogs": 15, "quiet_lively": 0.551, "local_chain": -0.109, "park": -1.0, "park_v2": -0.163, "park_canopy": 0.047, "park_traverse": 0.0, "park_dest": 0.0, "park_tier": 0, "park_access": null}}, {"type": "Feature", "geometry": {"type": "MultiLineString", "coordinates": [[[126.9805464, 37.5751466], [126.9810363, 37.5755098]], [[126.9810363, 37.5755098], [126.9805464, 37.5751466]], [[126.9805464, 37.5751466], [126.9793783, 37.5742778], [126.9805464, 37.5751466]], [[126.9810363, 37.5755098], [126.9812482, 37.5756511], [126.9814159, 37.5757159]], [[126.9810922, 37.5757453], [126.9811413, 37.5757061], [126.9811379, 37.5756591], [126.9810363, 37.5755098]]]}, "properties": {"name": "율곡로2길", "touristy_local": -1, "historic_contemporary": -1, "raw_polished": 1, "n_blogs": 15, "quiet_lively": 0.046, "local_chain": -0.697, "park": -0.948, "park_v2": -0.091, "park_canopy": 0.055, "park_traverse": 0.0, "park_dest": 0.0, "park_tier": 0, "park_access": null}}, {"type": "Feature", "geometry": {"type": "MultiLineString", "coordinates": [[[126.980159, 37.5724752], [126.9792237, 37.5724226], [126.980159, 37.5724752]], [[126.980159, 37.5724752], [126.9804786, 37.572379]], [[126.9804786, 37.572379], [126.980159, 37.5724752]], [[126.9804786, 37.572379], [126.9812111, 37.5722281]], [[126.9812111, 37.5722281], [126.9804786, 37.572379]], [[126.9815336, 37.5721691], [126.9812111, 37.5722281]], [[126.9812111, 37.5722281], [126.9815336, 37.5721691]], [[126.9813959, 37.5719116], [126.9816009, 37.5720843]], [[126.9816009, 37.5720843], [126.9813959, 37.5719116]], [[126.9813959, 37.5719116], [126.9811265, 37.5720414], [126.9813959, 37.5719116]], [[126.9813959, 37.5719116], [126.981478, 37.5718279], [126.9816302, 37.5717511], [126.9816735, 37.5716985], [126.9816637, 37.5716656], [126.9816735, 37.5716985], [126.9816302, 37.5717511], [126.981478, 37.5718279], [126.9813959, 37.5719116]], [[126.9815336, 37.5721691], [126.9816009, 37.5720843]], [[126.9816009, 37.5720843], [126.9815336, 37.5721691]], [[126.9815336, 37.5721691], [126.982459, 37.5720462]], [[126.982459, 37.5720462], [126.9815336, 37.5721691]], [[126.9816009, 37.5720843], [126.9817056, 37.5720178], [126.9817261, 37.5719224], [126.9817056, 37.5720178], [126.9816009, 37.5720843]], [[126.982459, 37.5720462], [126.9824167, 37.5716334], [126.982459, 37.5720462]], [[126.982459, 37.5720462], [126.982766, 37.5720242], [126.9830546, 37.5720235], [126.982766, 37.5720242], [126.982459, 37.5720462]]]}, "properties": {"name": "삼봉로", "touristy_local": -1, "historic_contemporary": 0.333, "raw_polished": null, "n_blogs": 15, "quiet_lively": 0.734, "local_chain": 0.069, "park": -1.0, "park_v2": -0.41, "park_canopy": 0.016, "park_traverse": 0.0, "park_dest": 0.0, "park_tier": 0, "park_access": null}}, {"type": "Feature", "geometry": {"type": "MultiLineString", "coordinates": [[[126.9797857, 37.5668776], [126.9791959, 37.5668992], [126.9797857, 37.5668776]], [[126.9797857, 37.5668776], [126.9807144, 37.5668304]], [[126.9807144, 37.5668304], [126.9797857, 37.5668776]], [[126.9814943, 37.5667239], [126.9807144, 37.5668304]], [[126.9807144, 37.5668304], [126.9814943, 37.5667239]], [[126.9814943, 37.5667239], [126.9815651, 37.5667216]], [[126.9815651, 37.5667216], [126.9814943, 37.5667239]], [[126.9815651, 37.5667216], [126.9826318, 37.5667275], [126.9815651, 37.5667216]]]}, "properties": {"name": "남대문로9길", "touristy_local": 0, "historic_contemporary": -1, "raw_polished": 1, "n_blogs": 15, "quiet_lively": null, "local_chain": 0.766, "park": -1.0, "park_v2": -0.476, "park_canopy": 0.008, "park_traverse": 0.0, "park_dest": 0.0, "park_tier": 0, "park_access": null}}, {"type": "Feature", "geometry": {"type": "LineString", "coordinates": [[127.0014784, 37.5667399], [127.0015261, 37.5662532], [127.0014784, 37.5667399]]}, "properties": {"name": "을지로36길", "touristy_local": null, "historic_contemporary": -0.333, "raw_polished": -0.429, "n_blogs": 15, "quiet_lively": null, "local_chain": 0.924, "park": -1.0, "park_v2": -0.971, "park_canopy": 0.0, "park_traverse": 0.0, "park_dest": 0.0, "park_tier": 0, "park_access": null}}, {"type": "Feature", "geometry": {"type": "MultiLineString", "coordinates": [[[126.9798692, 37.5837078], [126.9801278, 37.5837101], [126.9801322, 37.5833827]], [[126.9801322, 37.5833827], [126.9801278, 37.5837101], [126.9798692, 37.5837078]], [[126.9798692, 37.5837078], [126.9798785, 37.5833806], [126.9801322, 37.5833827]], [[126.9801322, 37.5833827], [126.9798785, 37.5833806], [126.9798692, 37.5837078]], [[126.9803544, 37.5833781], [126.9801322, 37.5833827]], [[126.9801322, 37.5833827], [126.9803544, 37.5833781]], [[126.9803544, 37.5833781], [126.9805318, 37.5833786], [126.9806142, 37.5834259], [126.9806078, 37.5834971], [126.9806142, 37.5834259], [126.9805318, 37.5833786], [126.9803544, 37.5833781]], [[126.9803544, 37.5833781], [126.9803548, 37.5838057], [126.9803667, 37.5838864], [126.9803548, 37.5838057], [126.9803544, 37.5833781]]]}, "properties": {"name": "삼청로7나길", "touristy_local": 1, "historic_contemporary": -0.333, "raw_polished": null, "n_blogs": 15, "quiet_lively": 0.027, "local_chain": -0.697, "park": -1.0, "park_v2": 0.052, "park_canopy": 0.078, "park_traverse": 0.0, "park_dest": 0.0, "park_tier": 0, "park_access": null}}, {"type": "Feature", "geometry": {"type": "MultiLineString", "coordinates": [[[126.9815489, 37.5730295], [126.981175, 37.5730631], [126.9810112, 37.5730969], [126.981175, 37.5730631], [126.9815489, 37.5730295]], [[126.982992, 37.5730413], [126.9822536, 37.572998], [126.9822502, 37.5729625], [126.9815489, 37.5730295]], [[126.9815489, 37.5730295], [126.9822502, 37.5729625], [126.9822536, 37.572998], [126.982992, 37.5730413]], [[126.9822796, 37.5755827], [126.9828927, 37.5751204]], [[126.9824096, 37.5746191], [126.9824457, 37.5748867]], [[126.9824457, 37.5748867], [126.9824096, 37.5746191]], [[126.9824096, 37.5746191], [126.9829181, 37.5746101]], [[126.9829181, 37.5746101], [126.9824096, 37.5746191]], [[126.9824457, 37.5748867], [126.9824858, 37.5749758], [126.9829034, 37.5749752]], [[126.9829034, 37.5749752], [126.9824858, 37.5749758], [126.9824457, 37.5748867]], [[126.9828538, 37.5695301], [126.9828055, 37.5691989]], [[126.9828055, 37.5691989], [126.9828538, 37.5695301]], [[126.9828055, 37.5691989], [126.9827849, 37.5690741], [126.9828055, 37.5691989]], [[126.9828751, 37.5696619], [126.9828538, 37.5695301]], [[126.9828538, 37.5695301], [126.9828751, 37.5696619]], [[126.9828751, 37.5696619], [126.982946, 37.5700618]], [[126.982946, 37.5700618], [126.9828751, 37.5696619]], [[126.9828921, 37.5754685], [126.9829197, 37.5755547], [126.9829568, 37.5756319], [126.9829197, 37.5755547], [126.9828921, 37.5754685]], [[126.9828921, 37.5754685], [126.9828939, 37.5753219]], [[126.9828939, 37.5753219], [126.9828921, 37.5754685]], [[126.9828927, 37.5751204], [126.9828939, 37.5753219]], [[126.9828939, 37.5753219], [126.9828927, 37.5751204]], [[126.9828927, 37.5751204], [126.9829034, 37.5749752]], [[126.9829034, 37.5749752], [126.9828927, 37.5751204]], [[126.9829181, 37.5746101], [126.9829034, 37.5749752]], [[126.9829034, 37.5749752], [126.9829181, 37.5746101]], [[126.9829605, 37.5738803], [126.9829181, 37.5746101]], [[126.9829181, 37.5746101], [126.9829605, 37.5738803]], [[126.982955, 37.5701487], [126.982946, 37.5700618]], [[126.982946, 37.5700618], [126.982955, 37.5701487]], [[126.9829662, 37.5702748], [126.982955, 37.5701487]], [[126.982955, 37.5701487], [126.9829662, 37.5702748]], [[126.9829707, 37.5737285], [126.9829605, 37.5738803]], [[126.9829605, 37.5738803], [126.9829707, 37.5737285]], [[126.9829662, 37.5702748], [126.9829761, 37.5704046]], [[126.9829761, 37.5704046], [126.9829662, 37.5702748]], [[126.9829707, 37.5737285], [126.9829767, 37.5735832]], [[126.9829767, 37.5735832], [126.9829707, 37.5737285]], [[126.9830117, 37.5706959], [126.9829761, 37.5704046]], [[126.9829761, 37.5704046], [126.9830117, 37.5706959]], [[126.9829767, 37.5735832], [126.9826573, 37.5735497], [126.9826627, 37.5734806], [126.9825889, 37.5734731], [126.9825836, 37.57337], [126.9823462, 37.5733371], [126.9822778, 37.5732935], [126.9819747, 37.5733264], [126.9822778, 37.5732935], [126.9823462, 37.5733371], [126.9825836, 37.57337], [126.9825889, 37.5734731], [126.9826627, 37.5734806], [126.9826573, 37.5735497], [126.9829767, 37.5735832]], [[126.982992, 37.5730413], [126.9829767, 37.5735832]], [[126.9829767, 37.5735832], [126.982992, 37.5730413]], [[126.982992, 37.5730413], [126.9829986, 37.5728976]], [[126.9829986, 37.5728976], [126.982992, 37.5730413]], [[126.9829986, 37.5728976], [126.9830432, 37.5723613]], [[126.9830432, 37.5723613], [126.9829986, 37.5728976]], [[126.9830117, 37.5706959], [126.9830552, 37.5710945]], [[126.9830552, 37.5710945], [126.9830117, 37.5706959]], [[126.9830432, 37.5723613], [126.9834303, 37.5724275], [126.9837307, 37.5725447]], [[126.9837307, 37.5725447], [126.9834303, 37.5724275], [126.9830432, 37.5723613]], [[126.9830546, 37.5720235], [126.9830432, 37.5723613]], [[126.9830432, 37.5723613], [126.9830546, 37.5720235]], [[126.9830595, 37.5716453], [126.9830546, 37.5720235]], [[126.9830546, 37.5720235], [126.9830595, 37.5716453]], [[126.9830552, 37.5710945], [126.9841075, 37.571108], [126.9843434, 37.571113], [126.9841075, 37.571108], [126.9830552, 37.5710945]], [[126.9830552, 37.5710945], [126.9830729, 37.5713685]], [[126.9830729, 37.5713685], [126.9830552, 37.5710945]], [[126.9830595, 37.5716453], [126.9830729, 37.5713685]], [[126.9830729, 37.5713685], [126.9830595, 37.5716453]], [[126.9837307, 37.5725447], [126.9839802, 37.5726283], [126.9838911, 37.5728248], [126.9839802, 37.5726283], [126.9837307, 37.5725447]], [[126.9837307, 37.5725447], [126.983662, 37.5727079], [126.9837307, 37.5725447]]]}, "properties": {"name": "우정국로", "touristy_local": 1, "historic_contemporary": -1, "raw_polished": null, "n_blogs": 15, "quiet_lively": 0.551, "local_chain": 0.457, "park": -0.813, "park_v2": 0.215, "park_canopy": 0.11, "park_traverse": 0.0, "park_dest": 0.0, "park_tier": 0, "park_access": null}}, {"type": "Feature", "geometry": {"type": "MultiLineString", "coordinates": [[[126.9835186, 37.5849766], [126.9834899, 37.5846729]], [[126.9834899, 37.5846729], [126.9835186, 37.5849766]], [[126.9834899, 37.5846729], [126.9829905, 37.5846847], [126.9834899, 37.5846729]], [[126.9834899, 37.5846729], [126.98346, 37.5844274], [126.9834899, 37.5846729]], [[126.9835186, 37.5849766], [126.9835559, 37.5854074]], [[126.9835559, 37.5854074], [126.9835186, 37.5849766]], [[126.9835186, 37.5849766], [126.9830165, 37.5850226], [126.9835186, 37.5849766]], [[126.9835186, 37.5849766], [126.9837022, 37.5849588], [126.983768, 37.5849814], [126.9838105, 37.5850392], [126.9838403, 37.585291], [126.9838105, 37.5850392], [126.983768, 37.5849814], [126.9837022, 37.5849588], [126.9835186, 37.5849766]], [[126.9839288, 37.5856195], [126.9836998, 37.5855613], [126.9835698, 37.5854566], [126.9835559, 37.5854074]], [[126.9835559, 37.5854074], [126.9835698, 37.5854566], [126.9836998, 37.5855613], [126.9839288, 37.5856195]], [[126.9838484, 37.5857928], [126.9842184, 37.5859107], [126.9842748, 37.5857831], [126.9842184, 37.5859107], [126.9838484, 37.5857928]], [[126.9839288, 37.5856195], [126.9838484, 37.5857928]], [[126.9838484, 37.5857928], [126.9839288, 37.5856195]], [[126.9839288, 37.5856195], [126.9840633, 37.5855628], [126.9842925, 37.5855351], [126.9845482, 37.5856745], [126.9842925, 37.5855351], [126.9840633, 37.5855628], [126.9839288, 37.5856195]]]}, "properties": {"name": "북촌로15길", "touristy_local": -0.333, "historic_contemporary": -0.5, "raw_polished": null, "n_blogs": 15, "quiet_lively": -0.532, "local_chain": -0.697, "park": -0.394, "park_v2": 0.717, "park_canopy": 0.307, "park_traverse": 0.0, "park_dest": 0.0, "park_tier": 0, "park_access": null}}, {"type": "Feature", "geometry": {"type": "MultiLineString", "coordinates": [[[126.9895769, 37.5739667], [126.9896024, 37.5739743], [126.9899535, 37.5740037]], [[126.9899535, 37.5740037], [126.9895769, 37.5739667]], [[126.9895769, 37.5739667], [126.9895219, 37.5739601], [126.9893792, 37.5739469], [126.9895219, 37.5739601], [126.9895769, 37.5739667]], [[126.9897436, 37.5751479], [126.9897183, 37.5748565]], [[126.9897183, 37.5748565], [126.9897436, 37.5751479]], [[126.9897992, 37.5746404], [126.9897183, 37.5748565]], [[126.9897183, 37.5748565], [126.9897992, 37.5746404]], [[126.9897436, 37.5751479], [126.9896111, 37.5751658], [126.9894327, 37.5752903], [126.9892978, 37.5753965], [126.9892565, 37.5755238], [126.9892978, 37.5753965], [126.9894327, 37.5752903], [126.9896111, 37.5751658], [126.9897436, 37.5751479]], [[126.9900832, 37.5742987], [126.9897992, 37.5746404]], [[126.9897992, 37.5746404], [126.9900832, 37.5742987]], [[126.9902252, 37.5740736], [126.9899535, 37.5740037]], [[126.9899535, 37.5740037], [126.9902252, 37.5740736]], [[126.9900832, 37.5742987], [126.9902252, 37.5740736]], [[126.9902252, 37.5740736], [126.9900832, 37.5742987]], [[126.9902252, 37.5740736], [126.9903569, 37.5741522], [126.9902252, 37.5740736]], [[126.9907579, 37.5733099], [126.9902252, 37.5740736]], [[126.9902252, 37.5740736], [126.9907579, 37.5733099]], [[126.9910227, 37.5729706], [126.9907579, 37.5733099]], [[126.9907579, 37.5733099], [126.9910227, 37.5729706]], [[126.9910227, 37.5729706], [126.9911345, 37.5729047], [126.9910227, 37.5729706]]]}, "properties": {"name": "돈화문로11나길", "touristy_local": 1, "historic_contemporary": -0.333, "raw_polished": -0.333, "n_blogs": 15, "quiet_lively": -0.449, "local_chain": 0.28, "park": -1.0, "park_v2": -0.554, "park_canopy": 0.005, "park_traverse": 0.0, "park_dest": 0.0, "park_tier": 0, "park_access": null}}, {"type": "Feature", "geometry": {"type": "MultiLineString", "coordinates": [[[126.9958695, 37.5845838], [126.9955714, 37.5844099]], [[126.9955714, 37.5844099], [126.9958695, 37.5845838]], [[126.9955714, 37.5844099], [126.995351, 37.5842352], [126.9955714, 37.5844099]], [[126.9961358, 37.5837169], [126.9960795, 37.5837423], [126.9955714, 37.5844099]], [[126.9955714, 37.5844099], [126.9955995, 37.5843507], [126.9960795, 37.5837423], [126.9961358, 37.5837169]], [[126.9961358, 37.5837169], [126.9958695, 37.5845838]], [[126.9958695, 37.5845838], [126.9961358, 37.5837169]], [[126.9961358, 37.5837169], [126.9961329, 37.5836221], [126.9963452, 37.5832951], [126.9964422, 37.5831933], [126.9966853, 37.5830328]], [[126.9966853, 37.5830328], [126.9964422, 37.5831933], [126.9963452, 37.5832951], [126.9961329, 37.5836221], [126.9961358, 37.5837169]], [[126.9966853, 37.5830328], [126.9968381, 37.582839], [126.9970298, 37.5828984], [126.9972572, 37.5828995], [126.997417, 37.5827825], [126.9975913, 37.5825066]], [[126.9975913, 37.5825066], [126.997417, 37.5827825], [126.9972572, 37.5828995], [126.9970298, 37.5828984], [126.9968381, 37.582839], [126.9966853, 37.5830328]], [[126.9975913, 37.5825066], [126.9976898, 37.5823126], [126.9977683, 37.5822342], [126.9976898, 37.5823126], [126.9975913, 37.5825066]]]}, "properties": {"name": "창경궁로27길", "touristy_local": -0.2, "historic_contemporary": -0.5, "raw_polished": null, "n_blogs": 15, "quiet_lively": -0.662, "local_chain": -0.299, "park": -0.931, "park_v2": 0.521, "park_canopy": 0.205, "park_traverse": 0.0, "park_dest": 0.0, "park_tier": 0, "park_access": null}}, {"type": "Feature", "geometry": {"type": "MultiLineString", "coordinates": [[[126.9854255, 37.5729089], [126.985655, 37.5729948]], [[126.985655, 37.5729948], [126.9854255, 37.5729089]], [[126.9854255, 37.5729089], [126.9849878, 37.572718], [126.9849027, 37.5728862], [126.9844535, 37.5727967], [126.9844396, 37.5727185], [126.9845659, 37.5723287], [126.9844396, 37.5727185], [126.9844535, 37.5727967], [126.9849027, 37.5728862], [126.9849878, 37.572718], [126.9854255, 37.5729089]], [[126.9854255, 37.5729089], [126.9855422, 37.5726958], [126.9854255, 37.5729089]], [[126.985655, 37.5729948], [126.9860179, 37.573197], [126.985655, 37.5729948]]]}, "properties": {"name": "인사동7길", "touristy_local": 1, "historic_contemporary": -0.429, "raw_polished": -0.333, "n_blogs": 15, "quiet_lively": 0.551, "local_chain": -0.359, "park": -1.0, "park_v2": -0.169, "park_canopy": 0.046, "park_traverse": 0.0, "park_dest": 0.0, "park_tier": 0, "park_access": null}}, {"type": "Feature", "geometry": {"type": "MultiLineString", "coordinates": [[[126.9894899, 37.5696929], [126.9885854, 37.5696593]], [[126.9888518, 37.5722627], [126.9887084, 37.5725442], [126.9888518, 37.5722627]], [[126.9889969, 37.5719998], [126.9888518, 37.5722627]], [[126.9888518, 37.5722627], [126.9889969, 37.5719998]], [[126.9891853, 37.5715615], [126.9891013, 37.5718282], [126.9889969, 37.5719998]], [[126.9889969, 37.5719998], [126.9891013, 37.5718282], [126.9891853, 37.5715615]], [[126.9892168, 37.5714584], [126.9891853, 37.5715615]], [[126.9891853, 37.5715615], [126.9892168, 37.5714584]], [[126.9892168, 37.5714584], [126.9888211, 37.5713936], [126.9892168, 37.5714584]], [[126.9892168, 37.5714584], [126.9893256, 37.5711044]], [[126.9893256, 37.5711044], [126.9892168, 37.5714584]], [[126.9894269, 37.5706449], [126.9893256, 37.5711044]], [[126.9893256, 37.5711044], [126.9894269, 37.5706449]], [[126.9894269, 37.5706449], [126.9894586, 37.5703843], [126.9894269, 37.5706449]], [[126.9894899, 37.5696929], [126.9894978, 37.5698609]], [[126.9894978, 37.5698609], [126.9894899, 37.5696929]], [[126.9895079, 37.5692747], [126.9894899, 37.5696929]], [[126.9894899, 37.5696929], [126.9895079, 37.5692747]], [[126.9894978, 37.5698609], [126.9894834, 37.5701934], [126.9894811, 37.5702209], [126.9894834, 37.5701934], [126.9894978, 37.5698609]], [[126.9894978, 37.5698609], [126.9887053, 37.5698443], [126.9885739, 37.5698415], [126.9887053, 37.5698443], [126.9894978, 37.5698609]], [[126.9895079, 37.5692747], [126.9886766, 37.5692327], [126.9895079, 37.5692747]], [[126.9895131, 37.5692323], [126.9895079, 37.5692747]], [[126.9895079, 37.5692747], [126.9895131, 37.5692323]], [[126.9895464, 37.5686919], [126.9895131, 37.5692323]], [[126.9895131, 37.5692323], [126.9895464, 37.5686919]], [[126.9895464, 37.5686919], [126.9896122, 37.5683253], [126.9895464, 37.5686919]], [[126.9896023, 37.5675945], [126.990282, 37.5676125]], [[126.990282, 37.5676125], [126.9896023, 37.5675945]], [[126.9896023, 37.5675945], [126.9895844, 37.5680036], [126.9896023, 37.5675945]], [[126.9896023, 37.5675945], [126.989628, 37.5672074]], [[126.989628, 37.5672074], [126.9896023, 37.5675945]], [[126.9896637, 37.5667609], [126.989628, 37.5672074]], [[126.989628, 37.5672074], [126.9896637, 37.5667609]], [[126.9896637, 37.5667609], [126.9897438, 37.5662786], [126.9896637, 37.5667609]], [[126.990282, 37.5676125], [126.9908809, 37.5676246], [126.990282, 37.5676125]]]}, "properties": {"name": "수표로", "touristy_local": 1, "historic_contemporary": null, "raw_polished": null, "n_blogs": 15, "quiet_lively": null, "local_chain": 0.352, "park": -0.93, "park_v2": 0.169, "park_canopy": 0.101, "park_traverse": 0.0, "park_dest": 0.0, "park_tier": 0, "park_access": null}}, {"type": "Feature", "geometry": {"type": "MultiLineString", "coordinates": [[[126.9881375, 37.5825536], [126.9881304, 37.5827228], [126.9881488, 37.5830767], [126.9881304, 37.5827228], [126.9881375, 37.5825536]], [[126.9881783, 37.5823202], [126.9881375, 37.5825536]], [[126.9881375, 37.5825536], [126.9881783, 37.5823202]], [[126.9881783, 37.5823202], [126.9882154, 37.5822394], [126.9883225, 37.5822074], [126.9883705, 37.5821479], [126.9885206, 37.5821661]], [[126.9885206, 37.5821661], [126.9883705, 37.5821479], [126.9883225, 37.5822074], [126.9882154, 37.5822394], [126.9881783, 37.5823202]], [[126.9885206, 37.5821661], [126.9887869, 37.5821974], [126.9888816, 37.5821635], [126.9889549, 37.5818986], [126.9890264, 37.5818675], [126.9890237, 37.5816677], [126.9891301, 37.5816484], [126.9891442, 37.5816115], [126.9893564, 37.5815816], [126.9891442, 37.5816115], [126.9891301, 37.5816484], [126.9890237, 37.5816677], [126.9890264, 37.5818675], [126.9889549, 37.5818986], [126.9888816, 37.5821635], [126.9887869, 37.5821974], [126.9885206, 37.5821661]]]}, "properties": {"name": "창덕궁4길", "touristy_local": -0.6, "historic_contemporary": 0.333, "raw_polished": 1, "n_blogs": 15, "quiet_lively": -0.517, "local_chain": 0.691, "park": -0.958, "park_v2": -0.085, "park_canopy": 0.056, "park_traverse": 0.0, "park_dest": 0.0, "park_tier": 0, "park_access": null}}, {"type": "Feature", "geometry": {"type": "MultiLineString", "coordinates": [[[126.9990223, 37.582844], [126.998841, 37.5829862], [126.9990223, 37.582844]], [[126.9990223, 37.582844], [126.9993129, 37.5826147]], [[126.9993129, 37.5826147], [126.9990223, 37.582844]], [[126.9996342, 37.5823609], [126.9993129, 37.5826147]], [[126.9993129, 37.5826147], [126.9996342, 37.5823609]], [[126.9996342, 37.5823609], [126.999787, 37.5824234]], [[126.999787, 37.5824234], [126.9996342, 37.5823609]], [[126.9998263, 37.5822064], [126.9996342, 37.5823609]], [[126.9996342, 37.5823609], [126.9998263, 37.5822064]], [[126.999787, 37.5824234], [126.9999789, 37.5824822]], [[126.9999789, 37.5824822], [126.999787, 37.5824234]], [[126.9998263, 37.5822064], [127.0000544, 37.5821591]], [[127.0000544, 37.5821591], [126.9998263, 37.5822064]], [[126.9999789, 37.5824822], [127.000243, 37.5825151]], [[127.000243, 37.5825151], [126.9999789, 37.5824822]], [[127.0007953, 37.5822878], [127.0000544, 37.5821591]], [[127.0000544, 37.5821591], [127.0007953, 37.5822878]], [[127.000243, 37.5825151], [127.000379, 37.5825248]], [[127.000379, 37.5825248], [127.000243, 37.5825151]], [[127.000379, 37.5825248], [127.0006442, 37.5825193], [127.0007496, 37.5825281], [127.0006442, 37.5825193], [127.000379, 37.5825248]], [[127.0007953, 37.5822878], [127.0014916, 37.5823631], [127.0018079, 37.5823857], [127.0019366, 37.582341], [127.0018079, 37.5823857], [127.0007953, 37.5822878]]]}, "properties": {"name": "대학로11길", "touristy_local": 0.333, "historic_contemporary": 0.2, "raw_polished": 0, "n_blogs": 15, "quiet_lively": -0.072, "local_chain": 0.444, "park": -1.0, "park_v2": -0.664, "park_canopy": 0.0, "park_traverse": 0.0, "park_dest": 0.0, "park_tier": 0, "park_access": null}}, {"type": "Feature", "geometry": {"type": "MultiLineString", "coordinates": [[[126.9980119, 37.5859697], [126.9974709, 37.5856136], [126.9974806, 37.5855161]], [[126.9974806, 37.5855161], [126.9974709, 37.5856136], [126.9980119, 37.5859697]], [[126.9974806, 37.5855161], [126.9975811, 37.5854981], [126.9977219, 37.5852494], [126.9976991, 37.5847701], [126.9973467, 37.5846557], [126.9976991, 37.5847701], [126.9977219, 37.5852494], [126.9975811, 37.5854981], [126.9974806, 37.5855161]], [[126.9980119, 37.5859697], [126.9983368, 37.586114], [126.9980119, 37.5859697]]]}, "properties": {"name": "성균관로6길", "touristy_local": 0.5, "historic_contemporary": -1, "raw_polished": null, "n_blogs": 15, "quiet_lively": -0.798, "local_chain": 0.378, "park": -1.0, "park_v2": -0.241, "park_canopy": 0.037, "park_traverse": 0.0, "park_dest": 0.0, "park_tier": 0, "park_access": null}}, {"type": "Feature", "geometry": {"type": "LineString", "coordinates": [[127.0070292, 37.5670335], [127.0062163, 37.5672016], [127.0059208, 37.5663918]]}, "properties": {"name": "을지로41길", "touristy_local": null, "historic_contemporary": null, "raw_polished": null, "n_blogs": 15, "quiet_lively": null, "local_chain": 0.424, "park": -0.141, "park_v2": 0.541, "park_canopy": 0.214, "park_traverse": 0.0, "park_dest": 0.0, "park_tier": 0, "park_access": null}}, {"type": "Feature", "geometry": {"type": "MultiLineString", "coordinates": [[[127.0082492, 37.5812999], [127.0081398, 37.5813571], [127.0080247, 37.5814833], [127.007923, 37.5816108], [127.0078638, 37.5816441], [127.0077431, 37.5816712], [127.0076317, 37.5817136], [127.0075986, 37.5817393], [127.0074842, 37.5819016], [127.0072285, 37.5819747], [127.0071611, 37.582011], [127.006982, 37.582309], [127.0069766, 37.5823494], [127.0071133, 37.5825806], [127.0073116, 37.5827775], [127.0074569, 37.5829037], [127.0074099, 37.583133], [127.0074123, 37.5833877], [127.0072419, 37.5836873], [127.0072258, 37.5838376], [127.0071409, 37.5843195], [127.0070443, 37.5844913], [127.0069463, 37.5847863], [127.0070422, 37.5852512], [127.0069463, 37.5847863], [127.0070443, 37.5844913], [127.0071409, 37.5843195], [127.0072419, 37.5836873], [127.0074123, 37.5833877], [127.0074099, 37.583133], [127.0074569, 37.5829037], [127.0071133, 37.5825806], [127.0069766, 37.5823494], [127.006982, 37.582309], [127.0071611, 37.582011], [127.0074842, 37.5819016], [127.0075986, 37.5817393], [127.0076317, 37.5817136], [127.0078638, 37.5816441], [127.007923, 37.5816108], [127.0081398, 37.5813571], [127.0082492, 37.5812999]], [[127.0084275, 37.5812534], [127.0082492, 37.5812999]], [[127.0082492, 37.5812999], [127.0084275, 37.5812534]], [[127.0084275, 37.5812534], [127.0085321, 37.5811786], [127.008749, 37.5808293], [127.008935, 37.5806001], [127.0089539, 37.5804586], [127.008935, 37.5806001], [127.008749, 37.5808293], [127.0085321, 37.5811786], [127.0084275, 37.5812534]]]}, "properties": {"name": "서울 한양도성 낙산구간", "touristy_local": -1, "historic_contemporary": -1, "raw_polished": null, "n_blogs": 15, "quiet_lively": -0.601, "local_chain": -0.697, "park": 0.324, "park_v2": 0.925, "park_canopy": 0.855, "park_traverse": 0.0, "park_dest": 0.0, "park_tier": 0, "park_access": null}}, {"type": "Feature", "geometry": {"type": "MultiLineString", "coordinates": [[[127.0090084, 37.5840812], [127.0090933, 37.5842241], [127.0092259, 37.5842787], [127.0092895, 37.5842409], [127.0094566, 37.5842619]], [[127.0094566, 37.5842619], [127.0092895, 37.5842409], [127.0092259, 37.5842787], [127.0090933, 37.5842241], [127.0090084, 37.5840812]], [[127.0090721, 37.5839402], [127.0090429, 37.5840601], [127.0090084, 37.5840812]], [[127.0090084, 37.5840812], [127.0090429, 37.5840601], [127.0090721, 37.5839402]], [[127.0090721, 37.5839402], [127.0095323, 37.583946]], [[127.0095323, 37.583946], [127.0090721, 37.5839402]], [[127.0095161, 37.5836692], [127.0089802, 37.5836567], [127.0090721, 37.5839402]], [[127.0090721, 37.5839402], [127.0089802, 37.5836567], [127.0091794, 37.5836514], [127.0095161, 37.5836692]], [[127.0095323, 37.583946], [127.0095096, 37.5840169], [127.0094566, 37.5842619]], [[127.0094566, 37.5842619], [127.0095323, 37.583946]], [[127.0095161, 37.5836692], [127.009511, 37.5838346], [127.0095583, 37.5838692], [127.0095323, 37.583946]], [[127.0095323, 37.583946], [127.0095583, 37.5838692], [127.009511, 37.5838346], [127.0095161, 37.5836692]]]}, "properties": {"name": "삼선교로10바길", "touristy_local": null, "historic_contemporary": -1, "raw_polished": -1, "n_blogs": 15, "quiet_lively": null, "local_chain": -0.697, "park": -1.0, "park_v2": -0.28, "park_canopy": 0.031, "park_traverse": 0.0, "park_dest": 0.0, "park_tier": 0, "park_access": null}}, {"type": "Feature", "geometry": {"type": "MultiLineString", "coordinates": [[[126.9986197, 37.5748702], [126.9981968, 37.5747644]], [[126.9981968, 37.5747644], [126.9986197, 37.5748702]], [[126.9981968, 37.5747644], [126.9979107, 37.5747009], [126.9974549, 37.5746478], [126.9979107, 37.5747009], [126.9981968, 37.5747644]], [[126.9986197, 37.5748702], [126.9984072, 37.5752782], [126.9986197, 37.5748702]], [[126.9986197, 37.5748702], [126.9986865, 37.5747418], [126.9986197, 37.5748702]]]}, "properties": {"name": "창경궁로18길", "touristy_local": 0, "historic_contemporary": -1, "raw_polished": 1, "n_blogs": 15, "quiet_lively": -0.099, "local_chain": -0.697, "park": -1.0, "park_v2": -0.684, "park_canopy": 0.0, "park_traverse": 0.0, "park_dest": 0.0, "park_tier": 0, "park_access": null}}, {"type": "Feature", "geometry": {"type": "MultiLineString", "coordinates": [[[126.98398, 37.5695556], [126.9839818, 37.5698363]], [[126.9839818, 37.5698363], [126.98398, 37.5695556]], [[126.98398, 37.5695556], [126.9839898, 37.5688559], [126.98398, 37.5695556]], [[126.9839818, 37.5698363], [126.9839837, 37.5701148]], [[126.9839837, 37.5701148], [126.9839818, 37.5698363]], [[126.9839818, 37.5698363], [126.9844471, 37.5698328], [126.9839818, 37.5698363]], [[126.9839837, 37.5701148], [126.9839849, 37.5701639], [126.9839837, 37.5701148]]]}, "properties": {"name": "종로8길", "touristy_local": 0, "historic_contemporary": -1, "raw_polished": -1, "n_blogs": 15, "quiet_lively": 0.551, "local_chain": 0.832, "park": -0.857, "park_v2": 0.345, "park_canopy": 0.143, "park_traverse": 0.0, "park_dest": 0.0, "park_tier": 0, "park_access": null}}, {"type": "Feature", "geometry": {"type": "LineString", "coordinates": [[126.9891307, 37.5829323], [126.9891462, 37.5830675], [126.9890952, 37.5834905], [126.9890563, 37.5836212], [126.9889869, 37.5838115], [126.9890537, 37.5838476], [126.9891637, 37.5837498], [126.9891998, 37.5835043], [126.9892803, 37.5831483], [126.9892329, 37.5829215], [126.9892803, 37.5831483], [126.9891944, 37.5836234], [126.9891637, 37.5837498], [126.9890868, 37.5838293], [126.9890537, 37.5838476], [126.9890229, 37.5838436], [126.9889869, 37.5838115], [126.9890952, 37.5834905], [126.9891462, 37.5830675], [126.9891307, 37.5829323]]}, "properties": {"name": "창덕궁5길", "touristy_local": -0.5, "historic_contemporary": 0.333, "raw_polished": 1, "n_blogs": 15, "quiet_lively": -0.449, "local_chain": -0.697, "park": 0.202, "park_v2": 0.769, "park_canopy": 0.381, "park_traverse": 0.0, "park_dest": 0.0, "park_tier": 0, "park_access": null}}, {"type": "Feature", "geometry": {"type": "MultiLineString", "coordinates": [[[127.0039789, 37.5742713], [127.004115, 37.574301]], [[127.004115, 37.574301], [127.0039789, 37.5742713]], [[127.0039789, 37.5742713], [127.0037431, 37.5742038], [127.0039789, 37.5742713]], [[127.0039789, 37.5742713], [127.0040904, 37.5740888], [127.004143, 37.5740054], [127.0040904, 37.5740888], [127.0039789, 37.5742713]], [[127.0044891, 37.5743716], [127.004115, 37.574301]], [[127.004115, 37.574301], [127.0044891, 37.5743716]], [[127.0044891, 37.5743716], [127.0046535, 37.5743988]], [[127.0046535, 37.5743988], [127.0044891, 37.5743716]], [[127.0048729, 37.574435], [127.0046535, 37.5743988]], [[127.0046535, 37.5743988], [127.0048729, 37.574435]], [[127.0048729, 37.574435], [127.0051755, 37.5744848]], [[127.0051755, 37.5744848], [127.0048729, 37.574435]], [[127.0054964, 37.5745016], [127.0053934, 37.5745248], [127.0051755, 37.5744848]], [[127.0051755, 37.5744848], [127.0053934, 37.5745248], [127.0054964, 37.5745016]], [[127.0054964, 37.5745016], [127.0055432, 37.5745043], [127.0059242, 37.5746807], [127.0055432, 37.5745043], [127.0054964, 37.5745016]]]}, "properties": {"name": "율곡로22가길", "touristy_local": 1, "historic_contemporary": 0.333, "raw_polished": null, "n_blogs": 15, "quiet_lively": -0.757, "local_chain": -0.697, "park": -1.0, "park_v2": -0.678, "park_canopy": 0.0, "park_traverse": 0.0, "park_dest": 0.0, "park_tier": 0, "park_access": null}}, {"type": "Feature", "geometry": {"type": "MultiLineString", "coordinates": [[[126.9843434, 37.571113], [126.9846401, 37.5711142], [126.9846682, 37.571149], [126.9846715, 37.5714759], [126.9846255, 37.5715708]], [[126.9846255, 37.5715708], [126.9846715, 37.5714759], [126.9846682, 37.571149], [126.9846401, 37.5711142], [126.9843434, 37.571113]], [[126.9843434, 37.571113], [126.9841519, 37.5706572], [126.9841169, 37.5706438], [126.984078, 37.570268], [126.9841169, 37.5706438], [126.9841519, 37.5706572], [126.9843434, 37.571113]], [[126.9846255, 37.5715708], [126.984399, 37.5722488], [126.9846255, 37.5715708]]]}, "properties": {"name": "종로9길", "touristy_local": -0.5, "historic_contemporary": 0, "raw_polished": 0, "n_blogs": 15, "quiet_lively": 0.551, "local_chain": -0.155, "park": -0.624, "park_v2": 0.332, "park_canopy": 0.139, "park_traverse": 0.0, "park_dest": 0.0, "park_tier": 0, "park_access": null}}, {"type": "Feature", "geometry": {"type": "MultiLineString", "coordinates": [[[126.9792794, 37.5717662], [126.9792495, 37.5721523], [126.9792237, 37.5724226], [126.9792495, 37.5721523], [126.9792794, 37.5717662]], [[126.9792794, 37.5717662], [126.9792961, 37.5715493]], [[126.9792961, 37.5715493], [126.9792794, 37.5717662]], [[126.9793115, 37.5713506], [126.9792961, 37.5715493]], [[126.9792961, 37.5715493], [126.9793115, 37.5713506]], [[126.9798345, 37.5714916], [126.9794494, 37.5713648], [126.9793115, 37.5713506]], [[126.9793115, 37.5713506], [126.9794494, 37.5713648], [126.9798345, 37.5714916]], [[126.9793115, 37.5713506], [126.979317, 37.5712015]], [[126.979317, 37.5712015], [126.9793115, 37.5713506]], [[126.9793361, 37.5704153], [126.979317, 37.5712015]], [[126.979317, 37.5712015], [126.9793361, 37.5704153]], [[126.9802178, 37.57119], [126.979317, 37.5712015]], [[126.979317, 37.5712015], [126.9802178, 37.57119]], [[126.9793361, 37.5704153], [126.9793377, 37.570263], [126.9793361, 37.5704153]], [[126.9797934, 37.5716546], [126.9797619, 37.5717799], [126.9797934, 37.5716546]], [[126.9798345, 37.5714916], [126.9797934, 37.5716546]], [[126.9797934, 37.5716546], [126.9798345, 37.5714916]], [[126.9798345, 37.5714916], [126.9801251, 37.5715116]], [[126.9801251, 37.5715116], [126.9798345, 37.5714916]], [[126.9801251, 37.5715116], [126.9806698, 37.5714973], [126.9801251, 37.5715116]], [[126.9802178, 37.57119], [126.9806628, 37.57119], [126.9808353, 37.5712251], [126.9806628, 37.57119], [126.9802178, 37.57119]]]}, "properties": {"name": "종로3길", "touristy_local": -0.2, "historic_contemporary": -0.333, "raw_polished": 0, "n_blogs": 15, "quiet_lively": 0.346, "local_chain": -0.03, "park": -0.471, "park_v2": 0.599, "park_canopy": 0.249, "park_traverse": 0.0, "park_dest": 0.0, "park_tier": 0, "park_access": null}}, {"type": "Feature", "geometry": {"type": "MultiLineString", "coordinates": [[[127.0037763, 37.5734738], [127.0037125, 37.5737028], [127.0035133, 37.5740714], [127.0035599, 37.5741554], [127.0035133, 37.5740714], [127.0037125, 37.5737028], [127.0037763, 37.5734738]], [[127.0038111, 37.5725583], [127.0037763, 37.5734738]], [[127.0037763, 37.5734738], [127.0038111, 37.5725583]], [[127.0038111, 37.5725583], [127.0041914, 37.5726659]], [[127.0041914, 37.5726659], [127.0038111, 37.5725583]], [[127.003911, 37.571907], [127.0038111, 37.5725583]], [[127.0038111, 37.5725583], [127.003911, 37.571907]], [[127.003911, 37.571907], [127.003958, 37.5717235], [127.0039534, 37.5715085]], [[127.0039534, 37.5715085], [127.003958, 37.5717235], [127.003911, 37.571907]], [[127.0039534, 37.5715085], [127.0039294, 37.5711076], [127.0039534, 37.5715085]], [[127.0041914, 37.5726659], [127.0043774, 37.572744], [127.0044436, 37.5727843], [127.0043774, 37.572744], [127.0041914, 37.5726659]]]}, "properties": {"name": "종로35길", "touristy_local": 0, "historic_contemporary": -0.333, "raw_polished": -0.5, "n_blogs": 15, "quiet_lively": 0.243, "local_chain": -0.076, "park": -1.0, "park_v2": -0.671, "park_canopy": 0.0, "park_traverse": 0.0, "park_dest": 0.0, "park_tier": 0, "park_access": null}}, {"type": "Feature", "geometry": {"type": "MultiLineString", "coordinates": [[[126.9984427, 37.5826457], [126.9987541, 37.58279], [126.9990223, 37.582844]], [[126.9990223, 37.582844], [126.9994173, 37.5829679]], [[126.9994173, 37.5829679], [126.9990223, 37.582844]], [[126.9994173, 37.5829679], [126.999576, 37.5830449]], [[126.999576, 37.5830449], [126.9994173, 37.5829679]], [[126.9996029, 37.5827229], [126.9994173, 37.5829679]], [[126.9994173, 37.5829679], [126.9996029, 37.5827229]], [[126.9998973, 37.5832019], [126.999576, 37.5830449]], [[126.999576, 37.5830449], [126.9998973, 37.5832019]], [[126.9996029, 37.5827229], [126.9996575, 37.5826461], [126.999787, 37.5824234], [126.9996575, 37.5826461], [126.9996029, 37.5827229]], [[126.9998973, 37.5832019], [126.9999887, 37.5832293]], [[126.9999887, 37.5832293], [126.9998973, 37.5832019]], [[127.0002046, 37.583294], [126.9999887, 37.5832293]], [[126.9999887, 37.5832293], [127.0002046, 37.583294]], [[127.0002046, 37.583294], [127.0004546, 37.5833806]], [[127.0004546, 37.5833806], [127.0002046, 37.583294]], [[127.0004546, 37.5833806], [127.0005997, 37.5834374]], [[127.0005997, 37.5834374], [127.0004546, 37.5833806]], [[127.0004546, 37.5833806], [127.000624, 37.5830869], [127.0007276, 37.5830755], [127.0007311, 37.5830438], [127.0007276, 37.5830755], [127.000624, 37.5830869], [127.0004546, 37.5833806]], [[127.0006055, 37.5834396], [127.0005997, 37.5834374]], [[127.0005997, 37.5834374], [127.0006055, 37.5834396]], [[127.0006055, 37.5834396], [127.0007914, 37.5835191]], [[127.0007914, 37.5835191], [127.0006055, 37.5834396]], [[127.0007914, 37.5835191], [127.000985, 37.5836019]], [[127.000985, 37.5836019], [127.0007914, 37.5835191]], [[127.001321, 37.5837214], [127.000985, 37.5836019]], [[127.000985, 37.5836019], [127.001321, 37.5837214]], [[127.001321, 37.5837214], [127.0016014, 37.5837502], [127.001321, 37.5837214]]]}, "properties": {"name": "대명길", "touristy_local": null, "historic_contemporary": 0, "raw_polished": -1, "n_blogs": 15, "quiet_lively": -0.072, "local_chain": 0.674, "park": -1.0, "park_v2": -0.638, "park_canopy": 0.0, "park_traverse": 0.0, "park_dest": 0.0, "park_tier": 0, "park_access": null}}, {"type": "Feature", "geometry": {"type": "LineString", "coordinates": [[126.9850363, 37.5800671], [126.9856075, 37.5800501], [126.9856166, 37.5802605], [126.9858889, 37.580274], [126.9859662, 37.5803319], [126.9859804, 37.580398], [126.9862101, 37.5803883], [126.9867379, 37.5802367]]}, "properties": {"name": "북촌로6길", "touristy_local": 0, "historic_contemporary": -0.333, "raw_polished": -1, "n_blogs": 15, "quiet_lively": -0.27, "local_chain": -0.128, "park": -0.098, "park_v2": 0.632, "park_canopy": 0.261, "park_traverse": 0.0, "park_dest": 0.0, "park_tier": 0, "park_access": null}}, {"type": "Feature", "geometry": {"type": "MultiLineString", "coordinates": [[[126.9798119, 37.5678831], [126.9792495, 37.5678811], [126.9798119, 37.5678831]], [[126.9806489, 37.5676971], [126.9798119, 37.5678831]], [[126.9798119, 37.5678831], [126.9806489, 37.5676971]], [[126.9806489, 37.5676971], [126.9813331, 37.5678901]], [[126.9813331, 37.5678901], [126.9806489, 37.5676971]], [[126.9806489, 37.5676971], [126.9805828, 37.5673118], [126.9806489, 37.5676971]], [[126.9813331, 37.5678901], [126.9820259, 37.5679833]], [[126.9820259, 37.5679833], [126.9813331, 37.5678901]], [[126.9820259, 37.5679833], [126.9820502, 37.5679877]], [[126.9820502, 37.5679877], [126.9820259, 37.5679833]], [[126.9820502, 37.5679877], [126.9821981, 37.5680142], [126.9826964, 37.568011], [126.9821981, 37.5680142], [126.9820502, 37.5679877]]]}, "properties": {"name": "다동길", "touristy_local": 0, "historic_contemporary": -1, "raw_polished": 0.333, "n_blogs": 15, "quiet_lively": null, "local_chain": 0.477, "park": -0.511, "park_v2": 0.697, "park_canopy": 0.286, "park_traverse": 0.0, "park_dest": 0.0, "park_tier": 0, "park_access": null}}, {"type": "Feature", "geometry": {"type": "MultiLineString", "coordinates": [[[127.0038942, 37.5709301], [127.0038912, 37.5709938], [127.0038942, 37.5709301]], [[127.0039111, 37.5704353], [127.0038942, 37.5709301]], [[127.0038942, 37.5709301], [127.0039111, 37.5704353]], [[127.0039111, 37.5704353], [127.0038992, 37.5697832], [127.0039111, 37.5704353]]]}, "properties": {"name": "종로36길", "touristy_local": -0.5, "historic_contemporary": 0, "raw_polished": null, "n_blogs": 15, "quiet_lively": 0.243, "local_chain": -0.697, "park": -0.833, "park_v2": 0.306, "park_canopy": 0.123, "park_traverse": 0.0, "park_dest": 0.0, "park_tier": 0, "park_access": null}}, {"type": "Feature", "geometry": {"type": "MultiLineString", "coordinates": [[[126.9905403, 37.568858], [126.9904038, 37.5688748], [126.9903972, 37.5691418], [126.9903265, 37.5693951], [126.9903972, 37.5691418], [126.9904038, 37.5688748], [126.9905403, 37.568858]], [[126.9905403, 37.568858], [126.9913188, 37.5688178], [126.9905403, 37.568858]]]}, "properties": {"name": "수표로18가길", "touristy_local": 0, "historic_contemporary": -1, "raw_polished": -1, "n_blogs": 15, "quiet_lively": null, "local_chain": -0.043, "park": -1.0, "park_v2": 0.013, "park_canopy": 0.068, "park_traverse": 0.0, "park_dest": 0.0, "park_tier": 0, "park_access": null}}, {"type": "Feature", "geometry": {"type": "MultiLineString", "coordinates": [[[127.0067873, 37.5662359], [127.0068958, 37.5665937]], [[127.0068958, 37.5665937], [127.006961, 37.5668087]], [[127.0068958, 37.5665937], [127.0060596, 37.5667452], [127.0068958, 37.5665937]], [[127.006961, 37.5668087], [127.0070292, 37.5670335], [127.0076738, 37.5678599]], [[127.006961, 37.5668087], [127.0061366, 37.5669554], [127.006961, 37.5668087]]]}, "properties": {"name": "을지로43길", "touristy_local": -0.5, "historic_contemporary": -0.5, "raw_polished": 0, "n_blogs": 15, "quiet_lively": null, "local_chain": 0.76, "park": -0.818, "park_v2": 0.254, "park_canopy": 0.114, "park_traverse": 0.0, "park_dest": 0.0, "park_tier": 0, "park_access": null}}, {"type": "Feature", "geometry": {"type": "LineString", "coordinates": [[126.9909117, 37.5684141], [126.9909138, 37.5682513], [126.9909117, 37.5684141]]}, "properties": {"name": "수표교 진출입 계단 9번", "touristy_local": 0, "historic_contemporary": -1, "raw_polished": null, "n_blogs": 14, "quiet_lively": null, "local_chain": -0.697, "park": 0.0, "park_v2": 0.938, "park_canopy": 0.901, "park_traverse": 0.0, "park_dest": 0.0, "park_tier": 0, "park_access": null}}]}